{
    "sourceFile": "templates/01-head.html",
    "activeCommit": 0,
    "commits": [
        {
            "activePatchIndex": 1,
            "patches": [
                {
                    "date": 1646373346279,
                    "content": "Index: \n===================================================================\n--- \n+++ \n"
                },
                {
                    "date": 1646979238687,
                    "content": "Index: \n===================================================================\n--- \n+++ \n@@ -8,8 +8,9 @@\n {{ portal | default_responsive_settings }}\n \n <meta name=\"viewport\" content=\"width=device-width, initial-scale=1.0\" />\n <link href=\"https://fonts.googleapis.com/css?family=Lato:300,300i,400,400i,700,700i\" rel=\"stylesheet\">\n+<link rel=\"stylesheet\" href=\"https://cdnjs.cloudflare.com/ajax/libs/font-awesome/6.0.0/css/fontawesome.min.css\" integrity=\"sha512-8Vtie9oRR62i7vkmVUISvuwOeipGv8Jd+Sur/ORKDD5JiLgTGeBSkI3ISOhc730VGvA5VVQPwKIKlmi+zMZ71w==\" crossorigin=\"anonymous\" referrerpolicy=\"no-referrer\" />\n <link rel=\"stylesheet\" href=\"//maxcdn.bootstrapcdn.com/font-awesome/4.7.0/css/font-awesome.min.css\" />\n <link rel=\"stylesheet\" href=\"//cdn.jsdelivr.net/highlight.js/9.10.0/styles/github.min.css\" />\n <link rel=\"stylesheet\" href=\"//cdn.jsdelivr.net/jquery.magnific-popup/1.0.0/magnific-popup.css\" />\n \n@@ -17,9 +18,9 @@\n <script src=\"https://cdn.jsdelivr.net/gh/alpinejs/alpine@v2.8.2/dist/alpine.min.js\"></script>\n \n <script>\n     window.addEventListener('load', () => {\n-        const keywords = ['test', 'articles', 'hello'];\n+        const keywords = ['kohyoung', 'helpcenter', 'FAQ'];\n \n         const keywordsList = document.querySelector('.popular-searches__list');\n         const { protocol, hostname } = window.location;\n         const baseURL = `${protocol}//${hostname}/support/search?term=`;\n"
                }
            ],
            "date": 1646373346279,
            "name": "Commit-0",
            "content": "<!-- Title for the page -->\n<title> {{ meta.title }} : {{ portal.name }} </title>\n\n<!-- Meta information -->\n{{ meta | default_meta }}\n\n<!-- Responsive setting -->\n{{ portal | default_responsive_settings }}\n\n<meta name=\"viewport\" content=\"width=device-width, initial-scale=1.0\" />\n<link href=\"https://fonts.googleapis.com/css?family=Lato:300,300i,400,400i,700,700i\" rel=\"stylesheet\">\n<link rel=\"stylesheet\" href=\"//maxcdn.bootstrapcdn.com/font-awesome/4.7.0/css/font-awesome.min.css\" />\n<link rel=\"stylesheet\" href=\"//cdn.jsdelivr.net/highlight.js/9.10.0/styles/github.min.css\" />\n<link rel=\"stylesheet\" href=\"//cdn.jsdelivr.net/jquery.magnific-popup/1.0.0/magnific-popup.css\" />\n\n<script src=\"https://cdn.jsdelivr.net/npm/@ryangjchandler/spruce@2.x.x/dist/spruce.umd.js\"></script>\n<script src=\"https://cdn.jsdelivr.net/gh/alpinejs/alpine@v2.8.2/dist/alpine.min.js\"></script>\n\n<script>\n    window.addEventListener('load', () => {\n        const keywords = ['test', 'articles', 'hello'];\n\n        const keywordsList = document.querySelector('.popular-searches__list');\n        const { protocol, hostname } = window.location;\n        const baseURL = `${protocol}//${hostname}/support/search?term=`;\n\n        if (keywordsList) {\n            keywords.forEach(keyword => {\n                keywordsList.insertAdjacentHTML('beforeend', `<li class=\"popular-searches__item\">\n                                    <a href=\"${baseURL}${keyword}\">${keyword}</a>\n                                    <span class=\"popular-searches__comma\">,</span>\n                                  </li>`);\n            })\n        }\n    })\n</script>\n"
        }
    ]
}