{
    "sourceFile": "templates/02-kyheader copy.html",
    "activeCommit": 0,
    "commits": [
        {
            "activePatchIndex": 2,
            "patches": [
                {
                    "date": 1649209845928,
                    "content": "Index: \n===================================================================\n--- \n+++ \n"
                },
                {
                    "date": 1649210654868,
                    "content": "Index: \n===================================================================\n--- \n+++ \n@@ -240,9 +240,9 @@\n     top: 22px;\r\n     font-size: 10px;\r\n   }\r\n   .hero-bg-box .icon-box li > a:hover {color: #93c450b3;}\r\n-  .hero-bg-box .ficon_txt {display: none; position: absolute; top: 50px; background: #93c450b3; border-radius: 5px; padding: 10px 10px 10px; width: 100%; text-align: center; color: #ffff; line-height: 20px; z-index: 3;}\r\n+  .hero-bg-box .ficon_txt {display: none; position: absolute; top: 50px; background: #93c450b3; border-radius: 5px; padding: 10px 10px 10px; width: 80%; text-align: center; color: #ffff; line-height: 20px; z-index: 3;}\r\n   \r\n   .hero-bg-box .ficon_txt:after {\r\n     position: absolute;\r\n     top: -15px;\r\n@@ -287,15 +287,17 @@\n   @media (max-width: 991px) {\r\n   \t.dropdown-toggle .caret {margin-top: 8px; margin-right: 0; right: auto;}\r\n     #lan_header {display: block; text-align: center;}\r\n     .hero-bg {top: 78px;}\r\n+    .hero-bg-box .icon-box {right: 150px;}\r\n+    .hero-bg-box .ficon_txt {width: 75%;}\r\n   }\r\n   \r\n   /* Add Jin Header 반응형 Mobile CSS */  \r\n   @media (max-width: 635px) {\r\n     .hero-bg-box {margin-top:0;}\r\n     .hero-bg {top: 68px !important; background-position: -113px !important;}\r\n-    .hero-bg-box .icon-box {position: relative; top: 0px; padding: 0px 0px 5px 5px;}\r\n+    .hero-bg-box .icon-box {position: relative; top: 0px; right: 0px; padding: 0px 0px 5px 5px;}\r\n     .hero-bg-box .ficon_txt {width: 38%;}\r\n   }\r\n   \r\n   @media (max-width: 435px) {\r\n"
                },
                {
                    "date": 1649224110076,
                    "content": "Index: \n===================================================================\n--- \n+++ \n@@ -287,10 +287,10 @@\n   @media (max-width: 991px) {\r\n   \t.dropdown-toggle .caret {margin-top: 8px; margin-right: 0; right: auto;}\r\n     #lan_header {display: block; text-align: center;}\r\n     .hero-bg {top: 78px;}\r\n-    .hero-bg-box .icon-box {right: 150px;}\r\n-    .hero-bg-box .ficon_txt {width: 75%;}\r\n+    .hero-bg-box .icon-box {right: 100px;}\r\n+    .hero-bg-box .ficon_txt {width: 70%;}\r\n   }\r\n   \r\n   /* Add Jin Header 반응형 Mobile CSS */  \r\n   @media (max-width: 635px) {\r\n"
                }
            ],
            "date": 1649209845928,
            "name": "Commit-0",
            "content": "{% assign topbar_image = true %}\r\n{% assign show_alert_icon = true %}\r\n{% assign show_alert_close_button = true %}\r\n{% assign show_alert_title = false %}\r\n\r\n\r\n\r\n\r\n<header class=\"topbar {% if portal.current_page == 'portal_home' or portal.current_page == 'search' %}topbar--large{% else %}topbar--small{% endif %}\" data-topbar>\r\n  <div class=\"topbar__nav \">\r\n    <div class=\"bt-container\">\r\n      <div class=\"bt-container-inner topbar__container-inner\">\r\n        <div class=\"topbar__inner\">\r\n          <div class=\"topbar__col topbar__col--logo\">\r\n            <div class=\"logo-wrapper\">\r\n              <div class=\"logo\">\r\n                <a href=\"{{ portal.linkback_url }}\">\r\n                  <img src=\"{{ portal.logo_url }}\" alt=\"\">\r\n                </a>\r\n              </div>\r\n            </div>\r\n\r\n            <button type=\"button\" role=\"button\" aria-label=\"Toggle Navigation\" class=\"lines-button x\" data-toggle-menu> <span class=\"lines\"></span> </button>\r\n          </div>\r\n          <div class=\"topbar__col topbar__menu\">\r\n            <div class=\"topbar__collapse\" data-menu>\r\n              <div class=\"topbar__controls {% if portal.user.id %}topbar__controls--logged-in{% else %}topbar__controls--anonymous{% endif %}\">\r\n              <!-- Add Jin Header-->\r\n                <a class=\"topbar_link\" href=\"/ko/support/solutions/72000258948\">About</a>\r\n                <a class=\"topbar_link\" href=\"{{portal.new_ticket_url}}\">{% translate ticket.submit_ticket_title %}</a>\r\n                {% if portal.user.id %}\r\n                <div class=\"banner-language-selector banner-user-dropdown pull-right\" id=\"lan_header\" data-tabs=\"tabs\" data-toggle=\"tooltip\" data-placement=\"bottom\" title=\"\" data-original-title=\"\">\r\n                   <ul class=\"language-options\" role=\"tablist\">\r\n                    <li class=\"dropdown\">\r\n                      <h5 class=\"dropdown-toggle\" data-toggle=\"dropdown\">\r\n                        <span>Product</span>\r\n                        <span class=\"caret\"></span>\r\n                      </h5>\r\n                      <ul class=\"dropdown-menu \" role=\"menu\" aria-labelledby=\"dropdownMenu\">\r\n                        <li><a href=\"/\">SPI</a></li>\r\n                        <li><a href=\"/\" class=\"\">AOI</a></li>\r\n                      </ul>\r\n                    </li>\r\n                  </ul>\r\n                  <ul class=\"language-options\" role=\"tablist\">\r\n                    <li class=\"dropdown\">\r\n                      <h5 class=\"dropdown-toggle\" data-toggle=\"dropdown\">\r\n                        <span>My Account</span>\r\n                        <span class=\"caret\"></span>\r\n                      </h5>\r\n                      <ul class=\"dropdown-menu \" role=\"menu\" aria-labelledby=\"dropdownMenu\">\r\n                        <li><a href=\"/support/tickets\">My Tickets</a></li>\r\n                        <li><a href=\"/logout\" class=\"\">Sign out</a></li>\r\n                        <li><a href=\"/support/profile/edit\" class=\"\">Edit Profile</a></li>\r\n                        <li><a href=\"/ko/support/solutions/72000260429\" class=\"\">Activity</a></li>\r\n                      </ul>\r\n                    </li>\r\n                  </ul>\r\n                  <ul class=\"language-options\" role=\"tablist\">\r\n                    <li class=\"dropdown\">\r\n                      <h5 class=\"dropdown-toggle\" data-toggle=\"dropdown\">\r\n                        <span>Manual</span>\r\n                        <span class=\"caret\"></span>\r\n                      </h5>\r\n                      <ul class=\"dropdown-menu \" role=\"menu\" aria-labelledby=\"dropdownMenu\">\r\n                        <li><a href=\"/ko/support/solutions/72000258958\">Offical Documents</a></li>\r\n                        <li><a href=\"/ko/support/solutions/72000260390\" class=\"\">Release Note</a></li>\r\n                        <li><a href=\"/ko/support/solutions/72000258708\" class=\"\">Customer FAQ</a></li>\r\n                        <li><a href=\"/ko/support/solutions/72000260425\" class=\"\">Application Note</a></li>\r\n                        <li><a href=\"/ko/support/solutions/72000260426\" class=\"\">Hardware</a></li>\r\n                        <li><a href=\"/ko/support/solutions/72000260427\" class=\"\">Trouble Shooting</a></li>\r\n                      </ul>\r\n                    </li>\r\n                  </ul>\r\n                </div>\r\n              {% endif %}\r\n              </div>\r\n            </div>\r\n          </div>\r\n        </div>\r\n      </div>\r\n    </div>\r\n    \t<!-- Add Jin Header End-->\r\n    <div class=\"bt-alerts\">\r\n      {% for category in portal.solution_categories %}\r\n        {% for folder in category.folders %}\r\n          {% for article_item in folder.articles %}\r\n            {% for tag in article_item.tags %}\r\n              {% if tag.name contains 'alert' %}\r\n                <div class=\"bt-alert bt-alert--{% if tag.name == 'alert_info' %}info{% endif %}{% if tag.name == 'alert_success' %}success{% endif %}{% if tag.name == 'alert_warning' %}warning{% endif %}{% if tag.name == 'alert_danger' %}danger{% endif %}\" id=\"alert-{{ article_item.id }}\">\r\n                  {% if show_alert_icon %}\r\n                    <div class=\"bt-alert__shape bt-alert__shape--main\">\r\n                      <i class=\"bt-alert__icon bt-alert__icon--notify\"></i>\r\n                    </div>\r\n                  {% endif %}\r\n                  <div class=\"bt-alert__body\">\r\n                    {% if show_alert_title %}\r\n                      <div class=\"bt-alert__title\">{{ article_item.title }}</div>\r\n                    {% endif %}\r\n                    <p>{{ article_item.body }}</p>\r\n                  </div>\r\n                  {% if show_alert_close_button %}\r\n                    <div class=\"bt-alert__shape bt-alert__shape--close\">\r\n                      <button class=\"bt-alert__icon bt-alert__icon--close\" aria-hidden=\"true\"></button>\r\n                    </div>\r\n                  {% endif %}\r\n                </div>\r\n              {% endif %}\r\n            {% endfor %}\r\n          {% endfor %}\r\n        {% endfor %}\r\n      {% endfor %}\r\n    </div>\r\n  </div>\r\n\r\n\r\n  <!-- Search and page links for the page -->\r\n  {% if portal.current_tab %}\r\n    {% if portal.current_page == 'portal_home' or portal.current_page == 'search' %}\r\n   \t\t<!-- Add Jin Background -->\r\n      <div class=\"hero-bg-box\">\r\n        <div class=\"hero-bg\" data-hero-bg=\"\"></div>\r\n   \t\t<!-- Add Jin Background END -->\r\n        <div class=\"bt-container-inner search-box search-box--hero-unit\" data-search-box>\r\n          {% snippet search_form %} \r\n          <div class=\"lt-popular-searches\">\r\n            <span class=\"lt-popular-searches__label\">\r\n             Popular Searches:\r\n            </span>\r\n            <ul class=\"popular-searches__list\"></ul>\r\n          </div>\r\n             <!-- Add Jin Footer KY icon external link -->\r\n          <ul class=\"container-inner icon-box\">\r\n            <li class=\"icon-link\">\r\n              <a href=\"https://tr.kohyoung.com/index.php\" target=\"_blank\">\r\n                <img src=\"https://github.com/wedosoft/kohyoung/blob/main/images/LMS.png?raw=true\" alt=\"kohyounglms\">\r\n                <i class=\"fa fa-arrow-up\" aria-hidden=\"true\"></i>\r\n                <p class=\"ficon_txt\">Kohyoung LMS</p>\r\n              </a>\r\n            </li>\r\n            <li class=\"icon-link\">\r\n              <a href=\"https://help.kohyoung.com/en/support/discussions/\">\r\n                <img src=\"https://github.com/wedosoft/kohyoung/blob/main/images/Forums.png?raw=true\" alt=\"forums\">\r\n                <i class=\"fa fa-arrow-up\" aria-hidden=\"true\"></i>\r\n                <p class=\"ficon_txt\">Forums</p>\r\n              </a>\r\n            </li>\r\n            <li class=\"icon-link\">\r\n              <a href=\"https://kypartner.kohyoung.net/\" target=\"_blank\">\r\n                <img src=\"https://github.com/wedosoft/kohyoung/blob/main/images/Partners.png?raw=true\" alt=\"partnerspage\">\r\n                <i class=\"fa fa-arrow-up\" aria-hidden=\"true\"></i>\r\n                <p class=\"ficon_txt\">Partners page</p>\r\n              </a>\r\n            </li>\r\n          </ul>\r\n        <!-- Add Jin Footer KY external link END-->\r\n        </div>\r\n      </div>\r\n\t</div>\r\n    {% endif %}\r\n  {% endif %}\r\n\r\n</header>\r\n<style>\r\n  /* Add Jin Header CSS */\r\n  .layout {height: auto;}\r\n  .topbar__nav {border-bottom: 0;}\r\n  .topbar__nav--white {background: black;}\r\n  .topbar__nav--white .topbar_link {color: #ffff;}\r\n  .topbar_link {color: #222; font-size: 18px;}\r\n  .topbar_link:hover {color: #93c450 !important;}\r\n  \r\n  /* Add Jin Header Dropdown CSS */\r\n  #lan_header {display: flex; cursor: pointer;}\r\n  #lan_header .language-options {margin-left: 1rem; margin-right: 1rem;}\r\n  #lan_header .dropdown-toggle {font-size: 18px !important;}\r\n  .topbar__nav--white #lan_header .dropdown-toggle {color: #ffff;}\r\n  #lan_header .language-options .dropdown-toggle:hover {color:#93c450;}\r\n  .topbar--small .topbar_link:hover {color: #93c450;}\r\n  .topbar--small #lan_header {color :#ffff;}\r\n  .dropdown-menu {background: rgb(19 19 19 / 77%);}\r\n  .language-options .dropdown-menu li a {color: #ffff; background: none;}\r\n  .language-options .dropdown-menu li a:hover {color: #93c450;}\r\n  \r\n  /* Add Jin Header Search box txt CSS */ \r\n  #support-search-input::placeholder {color: #ffff; font-size: 18px !important;}\r\n  \r\n  /* Add Jin Mobile Header CSS */\r\n  .lines {background: #276FD0;}\r\n  .lines:before, .lines:after {background: #276FD0;}\r\n  .topbar__collapse .top_link {color: #ffff;}\r\n  \r\n  /* Add Jin Background CSS */\r\n  .hero-bg-box {\r\n    position: relative;\r\n    background: white;\r\n    z-index: 1;\r\n    width: 100%;\r\n    -webkit-transform: translate3d(0, 0, 0);\r\n    transform: translate3d(0, 0, 0);\r\n    overflow: hidden;\r\n    margin-top: 0;\r\n    padding: calc(230px) 15px 10%;\r\n  }\r\n  \r\n   .hero-bg {\r\n    position: absolute;\r\n    left: 0;\r\n    top: 88px;\r\n    background: url('https://raw.githubusercontent.com/wedosoft/kohyoung/main/images/kohyoung%20main%20none.jpg') no-repeat center;\r\n    background-repeat: no-repeat;\r\n    background-size: cover;\r\n    background-position: 30% 76%;\r\n    width: 100%;\r\n    height: 100%; \r\n    z-index: 1;\r\n  }\r\n  \r\n  .hero-bg-box .search-box {top: 100px;}\r\n  \r\n  /* Add Jin Header 외부링크 icon layout */\r\n    .hero-bg-box .icon-box {  \r\n    position: absolute;\r\n    top: 65px;\r\n    display: flex;\r\n    justify-content: center;\r\n    margin: 0 0 0px;\r\n    padding: 16px 0px 5px 5px;\r\n  }\r\n  .hero-bg-box .icon-box:after {content:\"\"; display: block; clear: both;}\r\n\r\n  .hero-bg-box .icon-box li {\r\n    padding: 15px;\r\n  }\r\n  .hero-bg-box .icon-box li > a {display: block; width: 100%;}\r\n  .hero-bg-box .icon-box li > a > img {height: 30px;}\r\n  .hero-bg-box .icon-box li > a > i {\r\n    position: absolute;\r\n    transform: rotate(45deg);\r\n    top: 22px;\r\n    font-size: 10px;\r\n  }\r\n  .hero-bg-box .icon-box li > a:hover {color: #93c450b3;}\r\n  .hero-bg-box .ficon_txt {display: none; position: absolute; top: 50px; background: #93c450b3; border-radius: 5px; padding: 10px 10px 10px; width: 100%; text-align: center; color: #ffff; line-height: 20px; z-index: 3;}\r\n  \r\n  .hero-bg-box .ficon_txt:after {\r\n    position: absolute;\r\n    top: -15px;\r\n    left: 20%;\r\n    width: 0;\r\n    height: 0;\r\n    margin-left: -10px;\r\n    border: solid transparent;\r\n    border-bottom-color: #93c450b3;\r\n    border-width: 8px;\r\n    pointer-events: none;\r\n    content: ' ';\r\n  }\r\n  .hero-bg-box .icon-link:hover .ficon_txt {display: block;}\r\n  \r\n  \r\n  /* Add Jin Header 반응형 iPad CSS */\r\n  @media (max-width: 1280px) {\r\n    .hero-bg {background-position: 30% 80%;}\r\n    .hero-bg-box .search-box {top: 0px;}\r\n    \r\n  }\r\n  @media (max-width: 1024px) {\r\n    .topbar__nav--white.lines {color #ffff;}\r\n    .topbar__nav--white.lines:before, .lines:after {color: #ffff;}\r\n    .topbar__nav--filled {background: black;}\r\n    .topbar__nav--filled .topbar_link, .topbar__controls a {color: #ffff;}\r\n    #lan_header .language-options {padding: 0;}\r\n    .topbar__nav--filled #lan_header .language-options .dropdown-toggle {color: #ffff; text-align: center; padding: 8px !important;}\r\n    .topbar_link, .topbar__controls a {display: block; text-align: center; padding: 7px 10px; color: #222;}\r\n    .open .dropdown-menu {\r\n     position: relative;\r\n     min-width: 100%;\r\n     background: #000;\r\n     display: block;\r\n     }\r\n    .hero-bg-box {margin-top: 0px;}\r\n    .hero-bg-box .search-box {top: 0px;}\r\n    .hero-bg-box .icon-box {top: 60px;}\r\n  }\r\n\r\n  @media (max-width: 991px) {\r\n  \t.dropdown-toggle .caret {margin-top: 8px; margin-right: 0; right: auto;}\r\n    #lan_header {display: block; text-align: center;}\r\n    .hero-bg {top: 78px;}\r\n  }\r\n  \r\n  /* Add Jin Header 반응형 Mobile CSS */  \r\n  @media (max-width: 635px) {\r\n    .hero-bg-box {margin-top:0;}\r\n    .hero-bg {top: 68px !important; background-position: -113px !important;}\r\n    .hero-bg-box .icon-box {position: relative; top: 0px; padding: 0px 0px 5px 5px;}\r\n    .hero-bg-box .ficon_txt {width: 38%;}\r\n  }\r\n  \r\n  @media (max-width: 435px) {\r\n    .logo img {max-height: 40px !important;}\r\n    #lan_header .language-options {top: 0;}\r\n    #lan_header .language-options .dropdown-toggle {_color: #ffff; text-align: center; padding: 8px !important;}\r\n    .dropdown-menu a {font-size: 14px;}\r\n    .language-options .dropdown-toggle {color: #ffff;} \r\n    .hero-bg-box {padding: calc(150px + 7%) 15px 10%;}\r\n    .hero-bg {background: url('https://raw.githubusercontent.com/wedosoft/kohyoung/main/%EA%B3%A0%EC%98%81_%EC%9D%B4%EB%AF%B8%EC%A7%80/%EC%9D%B4%EB%AF%B8%EC%A7%80/MOI%20mobile.jpg') no-repeat center; background-position: 33% 0% !important;}\r\n    .hero-bg-box .ficon_txt {width: 38%;}\r\n  }\r\n</style>\r\n\r\n\r\n\r\n\r\n\r\n"
        }
    ]
}