{
    "sourceFile": "templates/03-kyfooter.html",
    "activeCommit": 0,
    "commits": [
        {
            "activePatchIndex": 30,
            "patches": [
                {
                    "date": 1646373366867,
                    "content": "Index: \n===================================================================\n--- \n+++ \n"
                },
                {
                    "date": 1646374930514,
                    "content": "Index: \n===================================================================\n--- \n+++ \n@@ -59,9 +59,9 @@\n   .text-left {padding-top: 15px;}\r\n   .text-left a {display: block; width: 100%;}\r\n   .footer-container i {font-size: 15px; transform: rotate(45deg);}\r\n   .text-left a:hover {color: #93c450;}\r\n-  .text-right {margin-left: -35px; margin-top: 8px; cursor: pointer;}\r\n+  .text-right {margin-top: 8px; cursor: pointer;}\r\n   .text-right:hover {color: #93c450;}\r\n   .dropdown-menu a {color: #ffff;}\r\n   .dropdown-menu a:hover {color: #93c450;}\r\n   .icon-dd-tick-dark {display: none;}\r\n"
                },
                {
                    "date": 1646374986735,
                    "content": "Index: \n===================================================================\n--- \n+++ \n@@ -81,12 +81,11 @@\n \r\n   .icon-box li {\r\n     padding: 5px;\r\n   }\r\n-  .icon-box li:first-child {margin-right: 1.5%;}\r\n   .icon-box li a {display: block; width: 100%;}\r\n   .icon-box li a img {height: 40px;}\r\n-  .icon-box li a span {font-size: 16px; font-weight: 600; color: #ffff;}\r\n+  .icon-box li a span {font-size: 16px; font-weight: 600;}\r\n   .icon-box li a span i {\r\n     position: absolute;\r\n     transform: rotate(45deg);\r\n     top: 12px;\r\n"
                },
                {
                    "date": 1646376049811,
                    "content": "Index: \n===================================================================\n--- \n+++ \n@@ -1,58 +1,57 @@\n <footer class=\"footer-container\">\r\n   <div class=\"footer-container__wrapper bt-container\">\r\n- \t<div class=\"row clearfix\">\r\n+ \t  <div class=\"row clearfix\">\r\n       <div class=\"column column--xs-6 text-left\">\r\n         <a href=\"https://www.kohyoung.com/\" target=\"_blank\"><span>Koh Young Technology <i class=\"fa fa-arrow-up\" aria-hidden=\"true\"></i></span></a>\r\n       </div>\r\n       <div class=\"column column--xs-6 text-right footer-navigation\">\r\n-          <div class=\"banner-language-selector pull-right\" data-tabs=\"tabs\" data-toggle=\"tooltip\" data-placement=\"bottom\" title=\"\" data-original-title=\"\">\r\n-            <ul class=\"language-options\" role=\"tablist\">\r\n-              <li class=\"dropdown\">\r\n-                <h5 class=\"dropdown-toggle\" data-toggle=\"dropdown\">\r\n-                  <span>Korean</span>\r\n-                  <span class=\"caret\"></span>\r\n-                </h5>\r\n-                <ul class=\"dropdown-menu \" role=\"menu\" aria-labelledby=\"dropdownMenu\">\r\n-                  <li><a href=\"/ko/support/home\" class=\"active\"><span class=\"icon-dd-tick-dark\"></span>Korean </a></li>\r\n-                  <li><a href=\"/zh-CN/support/home\" class=\"\">Chinese</a></li>\r\n-                  <li><a href=\"/en/support/home\" class=\"\">English</a></li>\r\n-                  <li><a href=\"/ja-JP/support/home\" class=\"\">Japanese</a></li>\r\n-                </ul>\r\n-              </li>\r\n-            </ul>\r\n-          </div>\r\n+        <div class=\"banner-language-selector pull-right\" data-tabs=\"tabs\" data-toggle=\"tooltip\" data-placement=\"bottom\" title=\"\" data-original-title=\"\">\r\n+          <ul class=\"language-options\" role=\"tablist\">\r\n+            <li class=\"dropdown\">\r\n+              <h5 class=\"dropdown-toggle\" data-toggle=\"dropdown\">\r\n+                <span>Korean</span>\r\n+                <span class=\"caret\"></span>\r\n+              </h5>\r\n+              <ul class=\"dropdown-menu \" role=\"menu\" aria-labelledby=\"dropdownMenu\">\r\n+                <li><a href=\"/ko/support/home\" class=\"active\"><span class=\"icon-dd-tick-dark\"></span>Korean </a></li>\r\n+                <li><a href=\"/zh-CN/support/home\" class=\"\">Chinese</a></li>\r\n+                <li><a href=\"/en/support/home\" class=\"\">English</a></li>\r\n+                <li><a href=\"/ja-JP/support/home\" class=\"\">Japanese</a></li>\r\n+              </ul>\r\n+            </li>\r\n+          </ul>\r\n         </div>\r\n       </div>\r\n-      <div class=\"bt-container-inner footer-container__inner\">\r\n-        <div class=\"footer-container__col footer-container__col--copyright\">\r\n-          <p>Copyright 2022, KOH YOUNG TECHNOLOGY INC.</p><br>\r\n-          <p>The contents of this website are protected by copyright law.</p>\r\n-          <p>Copying, reproducing or publishing any content without the permission of the copyright owner is strictly prohibited.</p><br>\r\n-        </div>\r\n-       </div>\r\n-       <ul class=\"container-inner icon-box\">\r\n-                <li class=\"icon-link\">\r\n-                  <a href=\"https://tr.kohyoung.com/index.php\" target=\"_blank\">\r\n-                      <img src=\"https://github.com/wedosoft/kohyoung/blob/main/images/LMS.png?raw=true\" alt=\"kohyounglms\">\r\n-                      <span>Kohyoung LMS <i class=\"fa fa-arrow-up\" aria-hidden=\"true\"></i></span>\r\n-                  </a>\r\n-                </li>\r\n-                <li class=\"icon-link\">\r\n-                  <a href=\"https://kohyoungdemo.freshdesk.com/ko/support/discussions\">\r\n-                      <img src=\"https://github.com/wedosoft/kohyoung/blob/main/images/Forums.png?raw=true\" alt=\"forums\">\r\n-                      <span>Forums <i class=\"fa fa-arrow-up\" aria-hidden=\"true\"></i></span>\r\n-                  </a>\r\n-                </li>\r\n-                <li class=\"icon-link\">\r\n-                  <a href=\"https://kypartner.kohyoung.net/\" target=\"_blank\">\r\n-                      <img src=\"https://github.com/wedosoft/kohyoung/blob/main/images/Partners.png?raw=true\" alt=\"partnerspage\">\r\n-                      <span>Partnerspage <i class=\"fa fa-arrow-up\" aria-hidden=\"true\"></i></span>\r\n-                  </a>\r\n-                </li>\r\n-            </ul>\r\n+    </div>\r\n+    <div class=\"bt-container-inner footer-container__inner\">\r\n+      <div class=\"footer-container__col footer-container__col--copyright\">\r\n+        <p>Copyright 2022, KOH YOUNG TECHNOLOGY INC.</p><br>\r\n+        <p>The contents of this website are protected by copyright law.</p>\r\n+        <p>Copying, reproducing or publishing any content without the permission of the copyright owner is strictly prohibited.</p><br>\r\n+      </div>\r\n+    </div>\r\n+    <ul class=\"container-inner icon-box\">\r\n+      <li class=\"icon-link\">\r\n+        <a href=\"https://tr.kohyoung.com/index.php\" target=\"_blank\">\r\n+          <img src=\"https://github.com/wedosoft/kohyoung/blob/main/images/LMS.png?raw=true\" alt=\"kohyounglms\">\r\n+          <span>Kohyoung LMS <i class=\"fa fa-arrow-up\" aria-hidden=\"true\"></i></span>\r\n+        </a>\r\n+      </li>\r\n+      <li class=\"icon-link\">\r\n+        <a href=\"https://kohyoungdemo.freshdesk.com/ko/support/discussions\">\r\n+          <img src=\"https://github.com/wedosoft/kohyoung/blob/main/images/Forums.png?raw=true\" alt=\"forums\">\r\n+          <span>Forums <i class=\"fa fa-arrow-up\" aria-hidden=\"true\"></i></span>\r\n+        </a>\r\n+      </li>\r\n+      <li class=\"icon-link\">\r\n+        <a href=\"https://kypartner.kohyoung.net/\" target=\"_blank\">\r\n+          <img src=\"https://github.com/wedosoft/kohyoung/blob/main/images/Partners.png?raw=true\" alt=\"partnerspage\">\r\n+          <span>Partnerspage <i class=\"fa fa-arrow-up\" aria-hidden=\"true\"></i></span>\r\n+        </a>\r\n+      </li>\r\n+    </ul>\r\n   </div>\r\n-\r\n </footer>\r\n <style>\r\n   .footer-container__col {display: block; vertical-align: top; font-size: 0.8em;}\r\n   .footer-container__col > p {margin: 0;}\r\n"
                },
                {
                    "date": 1646380076139,
                    "content": "Index: \n===================================================================\n--- \n+++ \n@@ -33,21 +33,24 @@\n     <ul class=\"container-inner icon-box\">\r\n       <li class=\"icon-link\">\r\n         <a href=\"https://tr.kohyoung.com/index.php\" target=\"_blank\">\r\n           <img src=\"https://github.com/wedosoft/kohyoung/blob/main/images/LMS.png?raw=true\" alt=\"kohyounglms\">\r\n-          <span>Kohyoung LMS <i class=\"fa fa-arrow-up\" aria-hidden=\"true\"></i></span>\r\n+          <i class=\"fa fa-arrow-up\" aria-hidden=\"true\"></i>\r\n+          <p class=\"icon_txt\">Kohyoung LMS</p>\r\n         </a>\r\n       </li>\r\n       <li class=\"icon-link\">\r\n         <a href=\"https://kohyoungdemo.freshdesk.com/ko/support/discussions\">\r\n           <img src=\"https://github.com/wedosoft/kohyoung/blob/main/images/Forums.png?raw=true\" alt=\"forums\">\r\n-          <span>Forums <i class=\"fa fa-arrow-up\" aria-hidden=\"true\"></i></span>\r\n+          <i class=\"fa fa-arrow-up\" aria-hidden=\"true\"></i>\r\n+          <p class=\"icon_txt\">Forums</p>\r\n         </a>\r\n       </li>\r\n       <li class=\"icon-link\">\r\n         <a href=\"https://kypartner.kohyoung.net/\" target=\"_blank\">\r\n           <img src=\"https://github.com/wedosoft/kohyoung/blob/main/images/Partners.png?raw=true\" alt=\"partnerspage\">\r\n-          <span>Partnerspage <i class=\"fa fa-arrow-up\" aria-hidden=\"true\"></i></span>\r\n+          <i class=\"fa fa-arrow-up\" aria-hidden=\"true\"></i>\r\n+          <p class=\"icon_txt\">Partners page</p>\r\n         </a>\r\n       </li>\r\n     </ul>\r\n   </div>\r\n@@ -80,22 +83,32 @@\n \r\n   .icon-box li {\r\n     padding: 5px;\r\n   }\r\n-  .icon-box li a {display: block; width: 100%;}\r\n-  .icon-box li a img {height: 40px;}\r\n-  .icon-box li a span {font-size: 16px; font-weight: 600;}\r\n-  .icon-box li a span i {\r\n+  .icon-box li > a {display: block; width: 100%;}\r\n+  .icon-box li > a > img {height: 30px;}\r\n+  .icon-box li > a > i {\r\n     position: absolute;\r\n     transform: rotate(45deg);\r\n     top: 12px;\r\n     font-size: 10px;\r\n   }\r\n-  .icon-box li a span:hover {color: #93c450;}\r\n+  .icon-box li > a:hover {color: #93c450;}\r\n+  .icon_txt {display: none; position: absolute; top: 50px; background: #93c450; border-radius: 5px; padding: 10px 10px 10px; width: 130px; text-align: center; color: #ffff; line-height: 20px; z-index: 3;}\r\n   \r\n-  \r\n-element.style {\r\n-}\r\n+  .icon_txt:after {\r\n+    position: absolute;\r\n+    top: -15px;\r\n+    left: 20%;\r\n+    width: 0;\r\n+    height: 0;\r\n+    margin-left: -10px;\r\n+    border: solid transparent;\r\n+    border-bottom-color: #93c450;\r\n+    border-width: 8px;\r\n+    pointer-events: none;\r\n+    content: ' ';\r\n+  }\r\n .banner-language-selector {\r\n     float: none !important;\r\n     margin-top: 0;\r\n }\r\n@@ -104,9 +117,9 @@\n       color: #000;\r\n     }\r\n     .language-options .dropdown-toggle {padding: 0 !important; margin: 0; text-align: right;}\r\n     .text-right {margin-left: -25px;}\r\n-    .icon-box li a span {display: block;} \r\n+    .icon-box li > a  {display: block;} \r\n }\r\n </style>\r\n \r\n \r\n"
                },
                {
                    "date": 1646380943835,
                    "content": "Index: \n===================================================================\n--- \n+++ \n@@ -28,32 +28,32 @@\n         <p>Copyright 2022, KOH YOUNG TECHNOLOGY INC.</p><br>\r\n         <p>The contents of this website are protected by copyright law.</p>\r\n         <p>Copying, reproducing or publishing any content without the permission of the copyright owner is strictly prohibited.</p><br>\r\n       </div>\r\n+      <ul class=\"container-inner icon-box\">\r\n+        <li class=\"icon-link\">\r\n+          <a href=\"https://tr.kohyoung.com/index.php\" target=\"_blank\">\r\n+            <img src=\"https://github.com/wedosoft/kohyoung/blob/main/images/LMS.png?raw=true\" alt=\"kohyounglms\">\r\n+            <i class=\"fa fa-arrow-up\" aria-hidden=\"true\"></i>\r\n+            <p class=\"icon_txt\">Kohyoung LMS</p>\r\n+          </a>\r\n+        </li>\r\n+        <li class=\"icon-link\">\r\n+          <a href=\"https://kohyoungdemo.freshdesk.com/ko/support/discussions\">\r\n+            <img src=\"https://github.com/wedosoft/kohyoung/blob/main/images/Forums.png?raw=true\" alt=\"forums\">\r\n+            <i class=\"fa fa-arrow-up\" aria-hidden=\"true\"></i>\r\n+            <p class=\"icon_txt\">Forums</p>\r\n+          </a>\r\n+        </li>\r\n+        <li class=\"icon-link\">\r\n+          <a href=\"https://kypartner.kohyoung.net/\" target=\"_blank\">\r\n+            <img src=\"https://github.com/wedosoft/kohyoung/blob/main/images/Partners.png?raw=true\" alt=\"partnerspage\">\r\n+            <i class=\"fa fa-arrow-up\" aria-hidden=\"true\"></i>\r\n+            <p class=\"icon_txt\">Partners page</p>\r\n+          </a>\r\n+        </li>\r\n+      </ul>\r\n     </div>\r\n-    <ul class=\"container-inner icon-box\">\r\n-      <li class=\"icon-link\">\r\n-        <a href=\"https://tr.kohyoung.com/index.php\" target=\"_blank\">\r\n-          <img src=\"https://github.com/wedosoft/kohyoung/blob/main/images/LMS.png?raw=true\" alt=\"kohyounglms\">\r\n-          <i class=\"fa fa-arrow-up\" aria-hidden=\"true\"></i>\r\n-          <p class=\"icon_txt\">Kohyoung LMS</p>\r\n-        </a>\r\n-      </li>\r\n-      <li class=\"icon-link\">\r\n-        <a href=\"https://kohyoungdemo.freshdesk.com/ko/support/discussions\">\r\n-          <img src=\"https://github.com/wedosoft/kohyoung/blob/main/images/Forums.png?raw=true\" alt=\"forums\">\r\n-          <i class=\"fa fa-arrow-up\" aria-hidden=\"true\"></i>\r\n-          <p class=\"icon_txt\">Forums</p>\r\n-        </a>\r\n-      </li>\r\n-      <li class=\"icon-link\">\r\n-        <a href=\"https://kypartner.kohyoung.net/\" target=\"_blank\">\r\n-          <img src=\"https://github.com/wedosoft/kohyoung/blob/main/images/Partners.png?raw=true\" alt=\"partnerspage\">\r\n-          <i class=\"fa fa-arrow-up\" aria-hidden=\"true\"></i>\r\n-          <p class=\"icon_txt\">Partners page</p>\r\n-        </a>\r\n-      </li>\r\n-    </ul>\r\n   </div>\r\n </footer>\r\n <style>\r\n   .footer-container__col {display: block; vertical-align: top; font-size: 0.8em;}\r\n@@ -81,9 +81,9 @@\n   }\r\n   .icon-box:after {content:\"\"; display: block; clear: both;}\r\n \r\n   .icon-box li {\r\n-    padding: 5px;\r\n+    padding: 15px;\r\n   }\r\n   .icon-box li > a {display: block; width: 100%;}\r\n   .icon-box li > a > img {height: 30px;}\r\n   .icon-box li > a > i {\r\n"
                },
                {
                    "date": 1646383050449,
                    "content": "Index: \n===================================================================\n--- \n+++ \n@@ -91,10 +91,10 @@\n     transform: rotate(45deg);\r\n     top: 12px;\r\n     font-size: 10px;\r\n   }\r\n-  .icon-box li > a:hover {color: #93c450;}\r\n-  .icon_txt {display: none; position: absolute; top: 50px; background: #93c450; border-radius: 5px; padding: 10px 10px 10px; width: 130px; text-align: center; color: #ffff; line-height: 20px; z-index: 3;}\r\n+  .icon-box li > a:hover {color: #93c450b3;}\r\n+  .icon_txt {display: none; position: absolute; top: 50px; background: #93c450b3; border-radius: 5px; padding: 10px 10px 10px; width: 130px; text-align: center; color: #ffff; line-height: 20px; z-index: 3;}\r\n   \r\n   .icon_txt:after {\r\n     position: absolute;\r\n     top: -15px;\r\n@@ -102,9 +102,9 @@\n     width: 0;\r\n     height: 0;\r\n     margin-left: -10px;\r\n     border: solid transparent;\r\n-    border-bottom-color: #93c450;\r\n+    border-bottom-color: #93c450b3;\r\n     border-width: 8px;\r\n     pointer-events: none;\r\n     content: ' ';\r\n   }\r\n"
                },
                {
                    "date": 1646383168665,
                    "content": "Index: \n===================================================================\n--- \n+++ \n@@ -107,8 +107,9 @@\n     border-width: 8px;\r\n     pointer-events: none;\r\n     content: ' ';\r\n   }\r\n+  .icon-box li:hover .icon-txt {display: block;}\r\n .banner-language-selector {\r\n     float: none !important;\r\n     margin-top: 0;\r\n }\r\n"
                },
                {
                    "date": 1646383357907,
                    "content": "Index: \n===================================================================\n--- \n+++ \n@@ -107,9 +107,9 @@\n     border-width: 8px;\r\n     pointer-events: none;\r\n     content: ' ';\r\n   }\r\n-  .icon-box li:hover .icon-txt {display: block;}\r\n+  .icon-link:hover .icon_txt {display: block;}\r\n .banner-language-selector {\r\n     float: none !important;\r\n     margin-top: 0;\r\n }\r\n@@ -120,8 +120,5 @@\n     .language-options .dropdown-toggle {padding: 0 !important; margin: 0; text-align: right;}\r\n     .text-right {margin-left: -25px;}\r\n     .icon-box li > a  {display: block;} \r\n }\r\n-</style>\r\n-\r\n-\r\n-\r\n+</style>\n\\ No newline at end of file\n"
                },
                {
                    "date": 1646900473285,
                    "content": "Index: \n===================================================================\n--- \n+++ \n@@ -1,12 +1,14 @@\n <footer class=\"footer-container\">\r\n   <div class=\"footer-container__wrapper bt-container\">\r\n  \t  <div class=\"row clearfix\">\r\n+      <!-- Add Jin Footer left -->\r\n       <div class=\"column column--xs-6 text-left\">\r\n         <a href=\"https://www.kohyoung.com/\" target=\"_blank\"><span>Koh Young Technology <i class=\"fa fa-arrow-up\" aria-hidden=\"true\"></i></span></a>\r\n       </div>\r\n+      <!-- Add Jin Footer left END -->\r\n       <div class=\"column column--xs-6 text-right footer-navigation\">\r\n-        <div class=\"banner-language-selector pull-right\" data-tabs=\"tabs\" data-toggle=\"tooltip\" data-placement=\"bottom\" title=\"\" data-original-title=\"\">\r\n+        <div class=\"banner-language-selector pull-right\" data-tabs=\"tabs\" id=\"lan_footer\" data-toggle=\"tooltip\" data-placement=\"bottom\" title=\"\" data-original-title=\"\">\r\n           <ul class=\"language-options\" role=\"tablist\">\r\n             <li class=\"dropdown\">\r\n               <h5 class=\"dropdown-toggle\" data-toggle=\"dropdown\">\r\n                 <span>Korean</span>\r\n@@ -22,63 +24,74 @@\n           </ul>\r\n         </div>\r\n       </div>\r\n     </div>\r\n+   \t  <!-- Add Jin Footer KY copyright -->\r\n     <div class=\"bt-container-inner footer-container__inner\">\r\n       <div class=\"footer-container__col footer-container__col--copyright\">\r\n         <p>Copyright 2022, KOH YOUNG TECHNOLOGY INC.</p><br>\r\n         <p>The contents of this website are protected by copyright law.</p>\r\n         <p>Copying, reproducing or publishing any content without the permission of the copyright owner is strictly prohibited.</p><br>\r\n+          <!-- Add Jin Footer KY icon external link -->\r\n+        <ul class=\"container-inner icon-box\">\r\n+          <li class=\"icon-link\">\r\n+            <a href=\"https://tr.kohyoung.com/index.php\" target=\"_blank\">\r\n+              <img src=\"https://github.com/wedosoft/kohyoung/blob/main/images/LMS.png?raw=true\" alt=\"kohyounglms\">\r\n+              <i class=\"fa fa-arrow-up\" aria-hidden=\"true\"></i>\r\n+              <p class=\"ficon_txt\">Kohyoung LMS</p>\r\n+            </a>\r\n+          </li>\r\n+          <li class=\"icon-link\">\r\n+            <a href=\"https://kohyoungdemo.freshdesk.com/ko/support/discussions\">\r\n+              <img src=\"https://github.com/wedosoft/kohyoung/blob/main/images/Forums.png?raw=true\" alt=\"forums\">\r\n+              <i class=\"fa fa-arrow-up\" aria-hidden=\"true\"></i>\r\n+              <p class=\"ficon_txt\">Forums</p>\r\n+            </a>\r\n+          </li>\r\n+          <li class=\"icon-link\">\r\n+            <a href=\"https://kypartner.kohyoung.net/\" target=\"_blank\">\r\n+              <img src=\"https://github.com/wedosoft/kohyoung/blob/main/images/Partners.png?raw=true\" alt=\"partnerspage\">\r\n+              <i class=\"fa fa-arrow-up\" aria-hidden=\"true\"></i>\r\n+              <p class=\"ficon_txt\">Partners page</p>\r\n+            </a>\r\n+          </li>\r\n+        </ul>\r\n+        <!-- Add Jin Footer KY external link END-->\r\n+        <!-- Add Jin Top link -->\r\n+       <!-- Add Jin Top link -->\r\n+       <a id=\"top-link\"><div class=\"go-top\"><i class=\"fa fa-arrow-circle-o-up\" aria-hidden=\"true\"></i></div></a>\r\n+       <!-- Add Jin Top link END -->\r\n+        <!-- Add Jin Top link END -->\r\n       </div>\r\n-      <ul class=\"container-inner icon-box\">\r\n-        <li class=\"icon-link\">\r\n-          <a href=\"https://tr.kohyoung.com/index.php\" target=\"_blank\">\r\n-            <img src=\"https://github.com/wedosoft/kohyoung/blob/main/images/LMS.png?raw=true\" alt=\"kohyounglms\">\r\n-            <i class=\"fa fa-arrow-up\" aria-hidden=\"true\"></i>\r\n-            <p class=\"icon_txt\">Kohyoung LMS</p>\r\n-          </a>\r\n-        </li>\r\n-        <li class=\"icon-link\">\r\n-          <a href=\"https://kohyoungdemo.freshdesk.com/ko/support/discussions\">\r\n-            <img src=\"https://github.com/wedosoft/kohyoung/blob/main/images/Forums.png?raw=true\" alt=\"forums\">\r\n-            <i class=\"fa fa-arrow-up\" aria-hidden=\"true\"></i>\r\n-            <p class=\"icon_txt\">Forums</p>\r\n-          </a>\r\n-        </li>\r\n-        <li class=\"icon-link\">\r\n-          <a href=\"https://kypartner.kohyoung.net/\" target=\"_blank\">\r\n-            <img src=\"https://github.com/wedosoft/kohyoung/blob/main/images/Partners.png?raw=true\" alt=\"partnerspage\">\r\n-            <i class=\"fa fa-arrow-up\" aria-hidden=\"true\"></i>\r\n-            <p class=\"icon_txt\">Partners page</p>\r\n-          </a>\r\n-        </li>\r\n-      </ul>\r\n     </div>\r\n+    <!-- Add Jin Footer KY copyright END-->\r\n   </div>\r\n </footer>\r\n+<!-- Add Jin Footer END -->\r\n <style>\r\n-  .footer-container__col {display: block; vertical-align: top; font-size: 0.8em;}\r\n+  /* Add Jin Footer CSS */\r\n+  .footer-container__col {vertical-align: top; font-size: 0.8em;}\r\n   .footer-container__col > p {margin: 0;}\r\n   .text-left {padding-top: 15px;}\r\n   .text-left a {display: block; width: 100%;}\r\n   .footer-container i {font-size: 15px; transform: rotate(45deg);}\r\n   .text-left a:hover {color: #93c450;}\r\n   .text-right {margin-top: 8px; cursor: pointer;}\r\n-  .text-right:hover {color: #93c450;}\r\n+  #lan_footer .language-options .dropdown-toggle:hover {color: #93c450;}\r\n   .dropdown-menu a {color: #ffff;}\r\n   .dropdown-menu a:hover {color: #93c450;}\r\n   .icon-dd-tick-dark {display: none;}\r\n-  .footer-container__col {text-align: center;}\r\n+  .footer-container__col {text-align: left;}\r\n   .welcome {display: none;}\r\n   \r\n+  /* Add Jin Footer 외부링크 icon layout */\r\n    .icon-box {  \r\n-    display: flex;\r\n-    justify-content: center;\r\n-    position: relative;\r\n+    position: absolute;\r\n+    right: 0px;\r\n     top: -8px;\r\n-    text-align: center;\r\n+    text-align: right;\r\n     margin: 0 0 0px;\r\n-    padding: 5px 0px 5px 5px;\r\n+    padding: 16px 0px 5px 5px;\r\n   }\r\n   .icon-box:after {content:\"\"; display: block; clear: both;}\r\n \r\n   .icon-box li {\r\n@@ -88,15 +101,15 @@\n   .icon-box li > a > img {height: 30px;}\r\n   .icon-box li > a > i {\r\n     position: absolute;\r\n     transform: rotate(45deg);\r\n-    top: 12px;\r\n+    top: 22px;\r\n     font-size: 10px;\r\n   }\r\n   .icon-box li > a:hover {color: #93c450b3;}\r\n-  .icon_txt {display: none; position: absolute; top: 50px; background: #93c450b3; border-radius: 5px; padding: 10px 10px 10px; width: 130px; text-align: center; color: #ffff; line-height: 20px; z-index: 3;}\r\n+  .ficon_txt {display: none; position: absolute; top: 50px; background: #93c450b3; border-radius: 5px; padding: 10px 10px 10px; width: 38%; text-align: center; color: #ffff; line-height: 20px; z-index: 3;}\r\n   \r\n-  .icon_txt:after {\r\n+  .ficon_txt:after {\r\n     position: absolute;\r\n     top: -15px;\r\n     left: 20%;\r\n     width: 0;\r\n@@ -107,18 +120,55 @@\n     border-width: 8px;\r\n     pointer-events: none;\r\n     content: ' ';\r\n   }\r\n-  .icon-link:hover .icon_txt {display: block;}\r\n-.banner-language-selector {\r\n-    float: none !important;\r\n-    margin-top: 0;\r\n-}\r\n-  @media (max-width: 45em) {\r\n-\t.pull-right .language-options .dropdown-toggle {\r\n-      color: #000;\r\n+  .icon-link:hover .ficon_txt {display: block;}\r\n+  .banner-language-selector {float: none !important; margin-top: 0;}\r\n+  \r\n+   /* Add Jin Top link CSS */     \r\n+  .go-top {position: fixed; width: 30px; height: 30px; bottom: 10px; cursor: pointer; z-index: 3; margin: 0;}\r\n+  .go-top i {font-size: 33px; list-style: none; color: #93c450;} \r\n\\ No newline at end of file\n+  \r\n+  /* Add Jin Footer ipad CSS */\r\n+   @media (max-width: 100em) {\r\n+    #top-link {width: 95%;}\r\n     }\r\n+  \r\n+   @media (max-width: 991px) {\r\n+\t.topbar_link, .topbar__controls>b>a, .banner-language-selector {padding: 8px; text-align: right;}\r\n+    .text-right {margin-left: -25px;}\r\n+    .icon-box {display: block; position: relative; right: 0; text-align: center;}\r\n+    .icon-box li > i {position: relative; top: -14px;}\r\n+    .icon-box li > a  {display: block;} \r\n+    .ficon_txt {width: 14%; top: 70px;}\r\n+    #top-link {width: 91.5%;}\r\n+  \t}\r\n+  \r\n+  /* Add Jin Footer Mobile CSS */\r\n+  \t@media (max-width: 768px) {\r\n+    #top-link {max-width: 768px;}\r\n+    #top-link li {font-size: 30px;}\r\n+\t}\r\n+\t@media (max-width: 635px) {\r\n+    .text-left {font-size: 14px;}\r\n+    .footer-container i {font-size: 14px;}\r\n+    .text-right {margin-top: 0;}\r\n+    .language-options .dropdown-toggle {font-size: 14px;}\r\n+    #top-link {max-width: 635px;}\r\n+\t  #top-link li {font-size: 30px;}\r\n+     \r\n+\t}\r\n+\t@media (max-width: 45em) {\t\r\n+    .language-options .dropdown-toggle {color: #000;}\r\n     .language-options .dropdown-toggle {padding: 0 !important; margin: 0; text-align: right;}\r\n     .text-right {margin-left: -25px;}\r\n+    .icon-box {display: block; position: relative; right: 0; text-align: center;}\r\n+    .icon-box li > i {position: relative; top: -14px;}\r\n     .icon-box li > a  {display: block;} \r\n-}\r\n-</style>\n+    .ficon_txt {top: 70px; font-size: 12px; width: 23%; padding: 5px 5px 5px;}\r\n+    #top-link {max-width: 435px; min-width: 250px;}\r\n+    #top-link li {font-size: 30px;}\r\n+\t}\r\n+   \r\n+</style>\r\n+\r\n+\r\n"
                },
                {
                    "date": 1646900750278,
                    "content": "Index: \n===================================================================\n--- \n+++ \n@@ -56,11 +56,9 @@\n           </li>\r\n         </ul>\r\n         <!-- Add Jin Footer KY external link END-->\r\n         <!-- Add Jin Top link -->\r\n-       <!-- Add Jin Top link -->\r\n        <a id=\"top-link\"><div class=\"go-top\"><i class=\"fa fa-arrow-circle-o-up\" aria-hidden=\"true\"></i></div></a>\r\n-       <!-- Add Jin Top link END -->\r\n         <!-- Add Jin Top link END -->\r\n       </div>\r\n     </div>\r\n     <!-- Add Jin Footer KY copyright END-->\r\n@@ -128,34 +126,29 @@\n   .go-top {position: fixed; width: 30px; height: 30px; bottom: 10px; cursor: pointer; z-index: 3; margin: 0;}\r\n   .go-top i {font-size: 33px; list-style: none; color: #93c450;} \r\n   \r\n   /* Add Jin Footer ipad CSS */\r\n-   @media (max-width: 100em) {\r\n-    #top-link {width: 95%;}\r\n-    }\r\n+\r\n   \r\n    @media (max-width: 991px) {\r\n \t.topbar_link, .topbar__controls>b>a, .banner-language-selector {padding: 8px; text-align: right;}\r\n     .text-right {margin-left: -25px;}\r\n     .icon-box {display: block; position: relative; right: 0; text-align: center;}\r\n     .icon-box li > i {position: relative; top: -14px;}\r\n     .icon-box li > a  {display: block;} \r\n     .ficon_txt {width: 14%; top: 70px;}\r\n-    #top-link {width: 91.5%;}\r\n   \t}\r\n   \r\n   /* Add Jin Footer Mobile CSS */\r\n   \t@media (max-width: 768px) {\r\n-    #top-link {max-width: 768px;}\r\n-    #top-link li {font-size: 30px;}\r\n+    .go-top i {font-size: 30px;}\r\n \t}\r\n \t@media (max-width: 635px) {\r\n     .text-left {font-size: 14px;}\r\n     .footer-container i {font-size: 14px;}\r\n     .text-right {margin-top: 0;}\r\n     .language-options .dropdown-toggle {font-size: 14px;}\r\n-    #top-link {max-width: 635px;}\r\n-\t  #top-link li {font-size: 30px;}\r\n+\t  .go-top i {font-size: 30px;}\r\n      \r\n \t}\r\n \t@media (max-width: 45em) {\t\r\n     .language-options .dropdown-toggle {color: #000;}\r\n@@ -164,9 +157,10 @@\n     .icon-box {display: block; position: relative; right: 0; text-align: center;}\r\n     .icon-box li > i {position: relative; top: -14px;}\r\n     .icon-box li > a  {display: block;} \r\n     .ficon_txt {top: 70px; font-size: 12px; width: 23%; padding: 5px 5px 5px;}\r\n-    #top-link {max-width: 435px; min-width: 250px;}\r\n-    #top-link li {font-size: 30px;}\r\n+    .go-top i {font-size: 30px;}\r\n \t}\r\n    \r\n\\ No newline at end of file\n-</style>\n+</style>\r\n+\r\n+\r\n"
                },
                {
                    "date": 1646904023648,
                    "content": "Index: \n===================================================================\n--- \n+++ \n@@ -122,21 +122,23 @@\n   .icon-link:hover .ficon_txt {display: block;}\r\n   .banner-language-selector {float: none !important; margin-top: 0;}\r\n   \r\n    /* Add Jin Top link CSS */     \r\n-  .go-top {position: fixed; width: 30px; height: 30px; bottom: 10px; cursor: pointer; z-index: 3; margin: 0;}\r\n+  .go-top {position: fixed; bottom: 10px; min-width: 1140px; height: 30px; margin: 0 auto; cursor: pointer; text-align: right; z-index: 3;}\r\n   .go-top i {font-size: 33px; list-style: none; color: #93c450;} \r\n   \r\n+  @media (max-width: 1220px) {\r\n+    .go-top {width: auto; right: 30px;}\r\n+   }\r\n   /* Add Jin Footer ipad CSS */\r\n-\r\n-  \r\n    @media (max-width: 991px) {\r\n \t.topbar_link, .topbar__controls>b>a, .banner-language-selector {padding: 8px; text-align: right;}\r\n     .text-right {margin-left: -25px;}\r\n     .icon-box {display: block; position: relative; right: 0; text-align: center;}\r\n     .icon-box li > i {position: relative; top: -14px;}\r\n     .icon-box li > a  {display: block;} \r\n     .ficon_txt {width: 14%; top: 70px;}\r\n+    .go-top {width: auto; right: 30px;}\r\n   \t}\r\n   \r\n   /* Add Jin Footer Mobile CSS */\r\n   \t@media (max-width: 768px) {\r\n@@ -146,9 +148,10 @@\n     .text-left {font-size: 14px;}\r\n     .footer-container i {font-size: 14px;}\r\n     .text-right {margin-top: 0;}\r\n     .language-options .dropdown-toggle {font-size: 14px;}\r\n-\t  .go-top i {font-size: 30px;}\r\n+    .go-top {width: auto; right: 10px;}\r\n+\t.go-top i {font-size: 30px;}\r\n      \r\n \t}\r\n \t@media (max-width: 45em) {\t\r\n     .language-options .dropdown-toggle {color: #000;}\r\n@@ -162,4 +165,5 @@\n \t}\r\n    \r\n </style>\r\n \r\n+\r\n"
                },
                {
                    "date": 1646979263774,
                    "content": "Index: \n===================================================================\n--- \n+++ \n@@ -70,11 +70,12 @@\n   .footer-container__col {vertical-align: top; font-size: 0.8em;}\r\n   .footer-container__col > p {margin: 0;}\r\n   .text-left {padding-top: 15px;}\r\n   .text-left a {display: block; width: 100%;}\r\n-  .footer-container i {font-size: 15px; transform: rotate(45deg);}\r\n+  .footer-container i {font-size: 13px; transform: rotate(45deg);}\r\n   .text-left a:hover {color: #93c450;}\r\n   .text-right {margin-top: 8px; cursor: pointer;}\r\n+  #lan_footer .language-options .dropdown-toggle {font-weight: 500;}\r\n   #lan_footer .language-options .dropdown-toggle:hover {color: #93c450;}\r\n   .dropdown-menu a {color: #ffff;}\r\n   .dropdown-menu a:hover {color: #93c450;}\r\n   .icon-dd-tick-dark {display: none;}\r\n@@ -122,18 +123,18 @@\n   .icon-link:hover .ficon_txt {display: block;}\r\n   .banner-language-selector {float: none !important; margin-top: 0;}\r\n   \r\n    /* Add Jin Top link CSS */     \r\n-  .go-top {position: fixed; bottom: 10px; min-width: 1140px; height: 30px; margin: 0 auto; cursor: pointer; text-align: right; z-index: 3;}\r\n-  .go-top i {font-size: 33px; list-style: none; color: #93c450;} \r\n-  \r\n-  @media (max-width: 1220px) {\r\n+  .go-top {position: fixed; bottom: 10px; min-width: 1149px; height: 30px; margin: 0 auto; cursor: pointer; text-align: right; z-index: 3;}\r\n+  .go-top i {font-size: 33px; list-style: none; color: #93c450; transform: rotate(0deg);} \r\n+   @media (max-width: 1220px) {\r\n     .go-top {width: auto; right: 30px;}\r\n    }\r\n   /* Add Jin Footer ipad CSS */\r\n    @media (max-width: 991px) {\r\n \t.topbar_link, .topbar__controls>b>a, .banner-language-selector {padding: 8px; text-align: right;}\r\n-    .text-right {margin-left: -25px;}\r\n+    .text-right {margin-left: -25px; margin-left: -10px;}\r\n+    .footer-container__col {padding-left: 15px;}\r\n     .icon-box {display: block; position: relative; right: 0; text-align: center;}\r\n     .icon-box li > i {position: relative; top: -14px;}\r\n     .icon-box li > a  {display: block;} \r\n     .ficon_txt {width: 14%; top: 70px;}\r\n@@ -141,23 +142,24 @@\n   \t}\r\n   \r\n   /* Add Jin Footer Mobile CSS */\r\n   \t@media (max-width: 768px) {\r\n+    .footer-container__col {padding-left: 0px;}\r\n     .go-top i {font-size: 30px;}\r\n \t}\r\n \t@media (max-width: 635px) {\r\n-    .text-left {font-size: 14px;}\r\n-    .footer-container i {font-size: 14px;}\r\n+    .text-left {font-size: 13px;}\r\n+    .footer-container i {font-size: 13px;}\r\n     .text-right {margin-top: 0;}\r\n-    .language-options .dropdown-toggle {font-size: 14px;}\r\n+    .language-options .dropdown-toggle {font-size: 13px;}\r\n     .go-top {width: auto; right: 10px;}\r\n \t.go-top i {font-size: 30px;}\r\n      \r\n \t}\r\n \t@media (max-width: 45em) {\t\r\n     .language-options .dropdown-toggle {color: #000;}\r\n     .language-options .dropdown-toggle {padding: 0 !important; margin: 0; text-align: right;}\r\n-    .text-right {margin-left: -25px;}\r\n+    .text-right {margin-left: -2px; padding-top: 3px;}\r\n     .icon-box {display: block; position: relative; right: 0; text-align: center;}\r\n     .icon-box li > i {position: relative; top: -14px;}\r\n     .icon-box li > a  {display: block;} \r\n     .ficon_txt {top: 70px; font-size: 12px; width: 23%; padding: 5px 5px 5px;}\r\n"
                },
                {
                    "date": 1647327057697,
                    "content": "Index: \n===================================================================\n--- \n+++ \n@@ -155,8 +155,9 @@\n \t.go-top i {font-size: 30px;}\r\n      \r\n \t}\r\n \t@media (max-width: 45em) {\t\r\n+    .language-options .dropdown .caret {margin-top: 0;}\r\n     .language-options .dropdown-toggle {color: #000;}\r\n     .language-options .dropdown-toggle {padding: 0 !important; margin: 0; text-align: right;}\r\n     .text-right {margin-left: -2px; padding-top: 3px;}\r\n     .icon-box {display: block; position: relative; right: 0; text-align: center;}\r\n"
                },
                {
                    "date": 1647394883054,
                    "content": "Index: \n===================================================================\n--- \n+++ \n@@ -69,9 +69,9 @@\n   /* Add Jin Footer CSS */\r\n   .footer-container__col {vertical-align: top; font-size: 0.8em;}\r\n   .footer-container__col > p {margin: 0;}\r\n   .text-left {padding-top: 15px;}\r\n-  .text-left a {display: block; width: 100%;}\r\n+  .text-left a {display: block; width: 100%; transition: all 0.3s;}\r\n   .footer-container i {font-size: 13px; transform: rotate(45deg);}\r\n   .text-left a:hover {color: #93c450;}\r\n   .text-right {margin-top: 8px; cursor: pointer;}\r\n   #lan_footer .language-options .dropdown-toggle {font-weight: 500;}\r\n@@ -141,12 +141,12 @@\n     .go-top {width: auto; right: 30px;}\r\n   \t}\r\n   \r\n   /* Add Jin Footer Mobile CSS */\r\n-  \t@media (max-width: 768px) {\r\n+  \t@media (max-width: 767px) {\r\n     .footer-container__col {padding-left: 0px;}\r\n     .go-top i {font-size: 30px;}\r\n-\t}\r\n+\t.language-options .dropdown-toggle { display: block; text-align: right;}\r\n \t@media (max-width: 635px) {\r\n     .text-left {font-size: 13px;}\r\n     .footer-container i {font-size: 13px;}\r\n     .text-right {margin-top: 0;}\r\n@@ -155,9 +155,9 @@\n \t.go-top i {font-size: 30px;}\r\n      \r\n \t}\r\n \t@media (max-width: 45em) {\t\r\n-    .language-options .dropdown .caret {margin-top: 0;}\r\n+    .language-options .dropdown .caret {margin-top: 7px;}\r\n     .language-options .dropdown-toggle {color: #000;}\r\n     .language-options .dropdown-toggle {padding: 0 !important; margin: 0; text-align: right;}\r\n     .text-right {margin-left: -2px; padding-top: 3px;}\r\n     .icon-box {display: block; position: relative; right: 0; text-align: center;}\r\n"
                },
                {
                    "date": 1649212155254,
                    "content": "Index: \n===================================================================\n--- \n+++ \n@@ -40,9 +40,9 @@\n               <p class=\"ficon_txt\">Kohyoung LMS</p>\r\n             </a>\r\n           </li>\r\n           <li class=\"icon-link\">\r\n-            <a href=\"https://kohyoungdemo.freshdesk.com/ko/support/discussions\">\r\n+            <a href=\"https://help.kohyoung.com/en/support/discussions/\">\r\n               <img src=\"https://github.com/wedosoft/kohyoung/blob/main/images/Forums.png?raw=true\" alt=\"forums\">\r\n               <i class=\"fa fa-arrow-up\" aria-hidden=\"true\"></i>\r\n               <p class=\"ficon_txt\">Forums</p>\r\n             </a>\r\n@@ -69,11 +69,11 @@\n   /* Add Jin Footer CSS */\r\n   .footer-container__col {vertical-align: top; font-size: 0.8em;}\r\n   .footer-container__col > p {margin: 0;}\r\n   .text-left {padding-top: 15px;}\r\n-  .text-left a {display: block; width: 100%; transition: all 0.3s;}\r\n+  .text-left a {display: block; width: 100%;}\r\n   .footer-container i {font-size: 13px; transform: rotate(45deg);}\r\n-  .text-left a:hover {color: #93c450;}\r\n+  .text-left a:hover {color: #93c450; transition: all 0.3s;}\r\n   .text-right {margin-top: 8px; cursor: pointer;}\r\n   #lan_footer .language-options .dropdown-toggle {font-weight: 500;}\r\n   #lan_footer .language-options .dropdown-toggle:hover {color: #93c450;}\r\n   .dropdown-menu a {color: #ffff;}\r\n@@ -141,23 +141,22 @@\n     .go-top {width: auto; right: 30px;}\r\n   \t}\r\n   \r\n   /* Add Jin Footer Mobile CSS */\r\n-  \t@media (max-width: 767px) {\r\n+  \t@media (max-width: 768px) {\r\n     .footer-container__col {padding-left: 0px;}\r\n     .go-top i {font-size: 30px;}\r\n-\t.language-options .dropdown-toggle { display: block; text-align: right;}\r\n+\t}\r\n \t@media (max-width: 635px) {\r\n-    .text-left {font-size: 13px;}\r\n+    .text-left {font-size: 12px;}\r\n     .footer-container i {font-size: 13px;}\r\n     .text-right {margin-top: 0;}\r\n     .language-options .dropdown-toggle {font-size: 13px;}\r\n     .go-top {width: auto; right: 10px;}\r\n \t.go-top i {font-size: 30px;}\r\n      \r\n \t}\r\n \t@media (max-width: 45em) {\t\r\n-    .language-options .dropdown .caret {margin-top: 7px;}\r\n     .language-options .dropdown-toggle {color: #000;}\r\n     .language-options .dropdown-toggle {padding: 0 !important; margin: 0; text-align: right;}\r\n     .text-right {margin-left: -2px; padding-top: 3px;}\r\n     .icon-box {display: block; position: relative; right: 0; text-align: center;}\r\n"
                },
                {
                    "date": 1649222554287,
                    "content": "Index: \n===================================================================\n--- \n+++ \n@@ -147,9 +147,9 @@\n     .go-top i {font-size: 30px;}\r\n \t}\r\n \t@media (max-width: 635px) {\r\n     .text-left {font-size: 12px;}\r\n-    .footer-container i {font-size: 13px;}\r\n+    .footer-container i {font-size: 10px;}\r\n     .text-right {margin-top: 0;}\r\n     .language-options .dropdown-toggle {font-size: 13px;}\r\n     .go-top {width: auto; right: 10px;}\r\n \t.go-top i {font-size: 30px;}\r\n"
                },
                {
                    "date": 1649222646102,
                    "content": "Index: \n===================================================================\n--- \n+++ \n@@ -142,9 +142,8 @@\n   \t}\r\n   \r\n   /* Add Jin Footer Mobile CSS */\r\n   \t@media (max-width: 768px) {\r\n-    .footer-container__col {padding-left: 0px;}\r\n     .go-top i {font-size: 30px;}\r\n \t}\r\n \t@media (max-width: 635px) {\r\n     .text-left {font-size: 12px;}\r\n@@ -155,8 +154,9 @@\n \t.go-top i {font-size: 30px;}\r\n      \r\n \t}\r\n \t@media (max-width: 45em) {\t\r\n+    .footer-container__col {padding-left: 0px;}\r\n     .language-options .dropdown-toggle {color: #000;}\r\n     .language-options .dropdown-toggle {padding: 0 !important; margin: 0; text-align: right;}\r\n     .text-right {margin-left: -2px; padding-top: 3px;}\r\n     .icon-box {display: block; position: relative; right: 0; text-align: center;}\r\n"
                },
                {
                    "date": 1649222712467,
                    "content": "Index: \n===================================================================\n--- \n+++ \n@@ -150,13 +150,13 @@\n     .footer-container i {font-size: 10px;}\r\n     .text-right {margin-top: 0;}\r\n     .language-options .dropdown-toggle {font-size: 13px;}\r\n     .go-top {width: auto; right: 10px;}\r\n-\t.go-top i {font-size: 30px;}\r\n+\t  .go-top i {font-size: 30px;}\r\n      \r\n \t}\r\n \t@media (max-width: 45em) {\t\r\n-    .footer-container__col {padding-left: 0px;}\r\n+    .footer-container__col {padding-left: 0px; font-size: 10px;}\r\n     .language-options .dropdown-toggle {color: #000;}\r\n     .language-options .dropdown-toggle {padding: 0 !important; margin: 0; text-align: right;}\r\n     .text-right {margin-left: -2px; padding-top: 3px;}\r\n     .icon-box {display: block; position: relative; right: 0; text-align: center;}\r\n"
                },
                {
                    "date": 1649408253511,
                    "content": "Index: \n===================================================================\n--- \n+++ \n@@ -145,9 +145,9 @@\n   \t@media (max-width: 768px) {\r\n     .go-top i {font-size: 30px;}\r\n \t}\r\n \t@media (max-width: 635px) {\r\n-    .text-left {font-size: 12px;}\r\n+    .text-left {font-size: 12px; padding-left: 0px;}\r\n     .footer-container i {font-size: 10px;}\r\n     .text-right {margin-top: 0;}\r\n     .language-options .dropdown-toggle {font-size: 13px;}\r\n     .go-top {width: auto; right: 10px;}\r\n"
                },
                {
                    "date": 1649408258878,
                    "content": "Index: \n===================================================================\n--- \n+++ \n@@ -164,8 +164,12 @@\n     .icon-box li > a  {display: block;} \r\n     .ficon_txt {top: 70px; font-size: 12px; width: 23%; padding: 5px 5px 5px;}\r\n     .go-top i {font-size: 30px;}\r\n \t}\r\n+  @media (max-width: 280px) {\r\n+    .text-left {padding-left: 15px;}\r\n+    }\r\n    \r\n+   \r\n </style>\r\n \r\n \r\n"
                },
                {
                    "date": 1649408333989,
                    "content": "Index: \n===================================================================\n--- \n+++ \n@@ -139,13 +139,14 @@\n     .icon-box li > a  {display: block;} \r\n     .ficon_txt {width: 14%; top: 70px;}\r\n     .go-top {width: auto; right: 30px;}\r\n   \t}\r\n+    @media (max-width: 768px) {\r\n+      .go-top i {font-size: 30px;}\r\n+    }\r\n   \r\n   /* Add Jin Footer Mobile CSS */\r\n-  \t@media (max-width: 768px) {\r\n-    .go-top i {font-size: 30px;}\r\n-\t}\r\n+ \r\n \t@media (max-width: 635px) {\r\n     .text-left {font-size: 12px; padding-left: 0px;}\r\n     .footer-container i {font-size: 10px;}\r\n     .text-right {margin-top: 0;}\r\n"
                },
                {
                    "date": 1649730182441,
                    "content": "Index: \n===================================================================\n--- \n+++ \n@@ -30,9 +30,9 @@\n       <div class=\"footer-container__col footer-container__col--copyright\">\r\n         <p>Copyright 2022, KOH YOUNG TECHNOLOGY INC.</p><br>\r\n         <p>The contents of this website are protected by copyright law.</p>\r\n         <p>Copying, reproducing or publishing any content without the permission of the copyright owner is strictly prohibited.</p><br>\r\n-          <!-- Add Jin Footer KY icon external link -->\r\n+          <!-- Add Jin Footer KY icon external link\r\n         <ul class=\"container-inner icon-box\">\r\n           <li class=\"icon-link\">\r\n             <a href=\"https://tr.kohyoung.com/index.php\" target=\"_blank\">\r\n               <img src=\"https://github.com/wedosoft/kohyoung/blob/main/images/LMS.png?raw=true\" alt=\"kohyounglms\">\r\n@@ -71,14 +71,14 @@\n   .footer-container__col > p {margin: 0;}\r\n   .text-left {padding-top: 15px;}\r\n   .text-left a {display: block; width: 100%;}\r\n   .footer-container i {font-size: 13px; transform: rotate(45deg);}\r\n-  .text-left a:hover {color: #93c450; transition: all 0.3s;}\r\n+  .text-left a:hover {color: #68b950; transition: all 0.3s;}\r\n   .text-right {margin-top: 8px; cursor: pointer;}\r\n   #lan_footer .language-options .dropdown-toggle {font-weight: 500;}\r\n-  #lan_footer .language-options .dropdown-toggle:hover {color: #93c450;}\r\n+  #lan_footer .language-options .dropdown-toggle:hover {color: #68b950;}\r\n   .dropdown-menu a {color: #ffff;}\r\n-  .dropdown-menu a:hover {color: #93c450;}\r\n+  .dropdown-menu a:hover {color: #68b950;}\r\n   .icon-dd-tick-dark {display: none;}\r\n   .footer-container__col {text-align: left;}\r\n   .welcome {display: none;}\r\n   \r\n@@ -123,10 +123,10 @@\n   .icon-link:hover .ficon_txt {display: block;}\r\n   .banner-language-selector {float: none !important; margin-top: 0;}\r\n   \r\n    /* Add Jin Top link CSS */     \r\n-  .go-top {position: fixed; bottom: 10px; min-width: 1149px; height: 30px; margin: 0 auto; cursor: pointer; text-align: right; z-index: 3;}\r\n-  .go-top i {font-size: 33px; list-style: none; color: #93c450; transform: rotate(0deg);} \r\n+  .go-top {position: fixed; bottom: 20px; min-width: 1149px; height: 30px; margin: 0 auto; cursor: pointer; text-align: right; z-index: 3;}\r\n+  .go-top i {font-size: 33px; list-style: none; color: #68b950; transform: rotate(0deg);} \r\n    @media (max-width: 1220px) {\r\n     .go-top {width: auto; right: 30px;}\r\n    }\r\n   /* Add Jin Footer ipad CSS */\r\n@@ -140,13 +140,13 @@\n     .ficon_txt {width: 14%; top: 70px;}\r\n     .go-top {width: auto; right: 30px;}\r\n   \t}\r\n     @media (max-width: 768px) {\r\n-      .go-top i {font-size: 30px;}\r\n-    }\r\n+    .go-top i {font-size: 30px;}\r\n+\t}\r\n   \r\n   /* Add Jin Footer Mobile CSS */\r\n- \r\n+\r\n \t@media (max-width: 635px) {\r\n     .text-left {font-size: 12px; padding-left: 0px;}\r\n     .footer-container i {font-size: 10px;}\r\n     .text-right {margin-top: 0;}\r\n@@ -165,12 +165,11 @@\n     .icon-box li > a  {display: block;} \r\n     .ficon_txt {top: 70px; font-size: 12px; width: 23%; padding: 5px 5px 5px;}\r\n     .go-top i {font-size: 30px;}\r\n \t}\r\n-  @media (max-width: 280px) {\r\n+    @media (max-width: 280px) {\r\n     .text-left {padding-left: 15px;}\r\n     }\r\n    \r\n-   \r\n </style>\r\n \r\n \r\n"
                },
                {
                    "date": 1649830673282,
                    "content": "Index: \n===================================================================\n--- \n+++ \n@@ -81,9 +81,9 @@\n   .icon-dd-tick-dark {display: none;}\r\n   .footer-container__col {text-align: left;}\r\n   .welcome {display: none;}\r\n   \r\n-  /* Add Jin Footer 외부링크 icon layout */\r\n+  /* Add Jin Footer 외부링크 icon layout \r\n    .icon-box {  \r\n     position: absolute;\r\n     right: 0px;\r\n     top: -8px;\r\n@@ -119,9 +119,9 @@\n     border-width: 8px;\r\n     pointer-events: none;\r\n     content: ' ';\r\n   }\r\n-  .icon-link:hover .ficon_txt {display: block;}\r\n+  .icon-link:hover .ficon_txt {display: block;} */\r\n   .banner-language-selector {float: none !important; margin-top: 0;}\r\n   \r\n    /* Add Jin Top link CSS */     \r\n   .go-top {position: fixed; bottom: 20px; min-width: 1149px; height: 30px; margin: 0 auto; cursor: pointer; text-align: right; z-index: 3;}\r\n@@ -133,12 +133,12 @@\n    @media (max-width: 991px) {\r\n \t.topbar_link, .topbar__controls>b>a, .banner-language-selector {padding: 8px; text-align: right;}\r\n     .text-right {margin-left: -25px; margin-left: -10px;}\r\n     .footer-container__col {padding-left: 15px;}\r\n-    .icon-box {display: block; position: relative; right: 0; text-align: center;}\r\n+    /* .icon-box {display: block; position: relative; right: 0; text-align: center;}\r\n     .icon-box li > i {position: relative; top: -14px;}\r\n-    .icon-box li > a  {display: block;} \r\n-    .ficon_txt {width: 14%; top: 70px;}\r\n+    .icon-box li > a  {display: block;}  \r\n+    .ficon_txt {width: 14%; top: 70px;} */\r\n     .go-top {width: auto; right: 30px;}\r\n   \t}\r\n     @media (max-width: 768px) {\r\n     .go-top i {font-size: 30px;}\r\n@@ -159,12 +159,12 @@\n     .footer-container__col {padding-left: 0px; font-size: 10px;}\r\n     .language-options .dropdown-toggle {color: #000;}\r\n     .language-options .dropdown-toggle {padding: 0 !important; margin: 0; text-align: right;}\r\n     .text-right {margin-left: -2px; padding-top: 3px;}\r\n-    .icon-box {display: block; position: relative; right: 0; text-align: center;}\r\n+    /* .icon-box {display: block; position: relative; right: 0; text-align: center;}\r\n     .icon-box li > i {position: relative; top: -14px;}\r\n     .icon-box li > a  {display: block;} \r\n-    .ficon_txt {top: 70px; font-size: 12px; width: 23%; padding: 5px 5px 5px;}\r\n+    .ficon_txt {top: 70px; font-size: 12px; width: 23%; padding: 5px 5px 5px;} */\r\n     .go-top i {font-size: 30px;}\r\n \t}\r\n     @media (max-width: 280px) {\r\n     .text-left {padding-left: 15px;}\r\n"
                },
                {
                    "date": 1649902991499,
                    "content": "Index: \n===================================================================\n--- \n+++ \n@@ -30,9 +30,9 @@\n       <div class=\"footer-container__col footer-container__col--copyright\">\r\n         <p>Copyright 2022, KOH YOUNG TECHNOLOGY INC.</p><br>\r\n         <p>The contents of this website are protected by copyright law.</p>\r\n         <p>Copying, reproducing or publishing any content without the permission of the copyright owner is strictly prohibited.</p><br>\r\n-          <!-- Add Jin Footer KY icon external link\r\n+          <!-- Add Jin Footer KY icon external link -->\r\n         <ul class=\"container-inner icon-box\">\r\n           <li class=\"icon-link\">\r\n             <a href=\"https://tr.kohyoung.com/index.php\" target=\"_blank\">\r\n               <img src=\"https://github.com/wedosoft/kohyoung/blob/main/images/LMS.png?raw=true\" alt=\"kohyounglms\">\r\n@@ -81,9 +81,9 @@\n   .icon-dd-tick-dark {display: none;}\r\n   .footer-container__col {text-align: left;}\r\n   .welcome {display: none;}\r\n   \r\n-  /* Add Jin Footer 외부링크 icon layout \r\n+  /* Add Jin Footer 외부링크 icon layout */\r\n    .icon-box {  \r\n     position: absolute;\r\n     right: 0px;\r\n     top: -8px;\r\n@@ -119,9 +119,9 @@\n     border-width: 8px;\r\n     pointer-events: none;\r\n     content: ' ';\r\n   }\r\n-  .icon-link:hover .ficon_txt {display: block;} */\r\n+  .icon-link:hover .ficon_txt {display: block;}\r\n   .banner-language-selector {float: none !important; margin-top: 0;}\r\n   \r\n    /* Add Jin Top link CSS */     \r\n   .go-top {position: fixed; bottom: 20px; min-width: 1149px; height: 30px; margin: 0 auto; cursor: pointer; text-align: right; z-index: 3;}\r\n@@ -133,12 +133,12 @@\n    @media (max-width: 991px) {\r\n \t.topbar_link, .topbar__controls>b>a, .banner-language-selector {padding: 8px; text-align: right;}\r\n     .text-right {margin-left: -25px; margin-left: -10px;}\r\n     .footer-container__col {padding-left: 15px;}\r\n-    /* .icon-box {display: block; position: relative; right: 0; text-align: center;}\r\n+    .icon-box {display: block; position: relative; right: 0; text-align: center;}\r\n     .icon-box li > i {position: relative; top: -14px;}\r\n     .icon-box li > a  {display: block;}  \r\n-    .ficon_txt {width: 14%; top: 70px;} */\r\n+    .ficon_txt {width: 14%; top: 70px;}\r\n     .go-top {width: auto; right: 30px;}\r\n   \t}\r\n     @media (max-width: 768px) {\r\n     .go-top i {font-size: 30px;}\r\n@@ -159,12 +159,12 @@\n     .footer-container__col {padding-left: 0px; font-size: 10px;}\r\n     .language-options .dropdown-toggle {color: #000;}\r\n     .language-options .dropdown-toggle {padding: 0 !important; margin: 0; text-align: right;}\r\n     .text-right {margin-left: -2px; padding-top: 3px;}\r\n-    /* .icon-box {display: block; position: relative; right: 0; text-align: center;}\r\n+    .icon-box {display: block; position: relative; right: 0; text-align: center;}\r\n     .icon-box li > i {position: relative; top: -14px;}\r\n     .icon-box li > a  {display: block;} \r\n-    .ficon_txt {top: 70px; font-size: 12px; width: 23%; padding: 5px 5px 5px;} */\r\n+    .ficon_txt {top: 70px; font-size: 12px; width: 23%; padding: 5px 5px 5px;}\r\n     .go-top i {font-size: 30px;}\r\n \t}\r\n     @media (max-width: 280px) {\r\n     .text-left {padding-left: 15px;}\r\n"
                },
                {
                    "date": 1650940983476,
                    "content": "Index: \n===================================================================\n--- \n+++ \n@@ -2,34 +2,19 @@\n   <div class=\"footer-container__wrapper bt-container\">\r\n  \t  <div class=\"row clearfix\">\r\n       <!-- Add Jin Footer left -->\r\n       <div class=\"column column--xs-6 text-left\">\r\n-        <a href=\"https://www.kohyoung.com/\" target=\"_blank\"><span>Koh Young Technology <i class=\"fa fa-arrow-up\" aria-hidden=\"true\"></i></span></a>\r\n+        <a href=\"https://www.kohyoung.com/\" target=\"_blank\"><span>KohYoung Technology <i class=\"fa fa-arrow-up\" aria-hidden=\"true\"></i></span></a>\r\n       </div>\r\n       <!-- Add Jin Footer left END -->\r\n-      <div class=\"column column--xs-6 text-right footer-navigation\">\r\n-        <div class=\"banner-language-selector pull-right\" data-tabs=\"tabs\" id=\"lan_footer\" data-toggle=\"tooltip\" data-placement=\"bottom\" title=\"\" data-original-title=\"\">\r\n-          <ul class=\"language-options\" role=\"tablist\">\r\n-            <li class=\"dropdown\">\r\n-              <h5 class=\"dropdown-toggle\" data-toggle=\"dropdown\">\r\n-                <span>Korean</span>\r\n-                <span class=\"caret\"></span>\r\n-              </h5>\r\n-              <ul class=\"dropdown-menu \" role=\"menu\" aria-labelledby=\"dropdownMenu\">\r\n-                <li><a href=\"/ko/support/home\" class=\"active\"><span class=\"icon-dd-tick-dark\"></span>Korean </a></li>\r\n-                <li><a href=\"/zh-CN/support/home\" class=\"\">Chinese</a></li>\r\n-                <li><a href=\"/en/support/home\" class=\"\">English</a></li>\r\n-                <li><a href=\"/ja-JP/support/home\" class=\"\">Japanese</a></li>\r\n-              </ul>\r\n-            </li>\r\n-          </ul>\r\n-        </div>\r\n+      <div class=\"column column--xs-6 text-right footer-navigation\" id=\"lan_footer\">\r\n+       {{portal | welcome_navigation}}\r\n       </div>\r\n     </div>\r\n    \t  <!-- Add Jin Footer KY copyright -->\r\n     <div class=\"bt-container-inner footer-container__inner\">\r\n       <div class=\"footer-container__col footer-container__col--copyright\">\r\n-        <p>Copyright 2022, KOH YOUNG TECHNOLOGY INC.</p><br>\r\n+        <p>Copyright 2022, KOHYOUNG TECHNOLOGY INC.</p><br>\r\n         <p>The contents of this website are protected by copyright law.</p>\r\n         <p>Copying, reproducing or publishing any content without the permission of the copyright owner is strictly prohibited.</p><br>\r\n           <!-- Add Jin Footer KY icon external link -->\r\n         <ul class=\"container-inner icon-box\">\r\n@@ -72,16 +57,16 @@\n   .text-left {padding-top: 15px;}\r\n   .text-left a {display: block; width: 100%;}\r\n   .footer-container i {font-size: 13px; transform: rotate(45deg);}\r\n   .text-left a:hover {color: #68b950; transition: all 0.3s;}\r\n+  .footer-navigation {font-size: 0px;}\r\n   .text-right {margin-top: 8px; cursor: pointer;}\r\n-  #lan_footer .language-options .dropdown-toggle {font-weight: 500;}\r\n+  #lan_footer .language-options .dropdown-toggle {font-weight: 500; font-size: 16px; text-align: right;}\r\n   #lan_footer .language-options .dropdown-toggle:hover {color: #68b950;}\r\n   .dropdown-menu a {color: #ffff;}\r\n   .dropdown-menu a:hover {color: #68b950;}\r\n+  .pull-right .dropdown-menu {font-size: 16px;}\r\n   .icon-dd-tick-dark {display: none;}\r\n-  .footer-container__col {text-align: left;}\r\n-  .welcome {display: none;}\r\n   \r\n   /* Add Jin Footer 외부링크 icon layout */\r\n    .icon-box {  \r\n     position: absolute;\r\n@@ -120,19 +105,26 @@\n     pointer-events: none;\r\n     content: ' ';\r\n   }\r\n   .icon-link:hover .ficon_txt {display: block;}\r\n-  .banner-language-selector {float: none !important; margin-top: 0;}\r\n+\r\n   \r\n    /* Add Jin Top link CSS */     \r\n   .go-top {position: fixed; bottom: 20px; min-width: 1149px; height: 30px; margin: 0 auto; cursor: pointer; text-align: right; z-index: 3;}\r\n   .go-top i {font-size: 33px; list-style: none; color: #68b950; transform: rotate(0deg);} \r\n    @media (max-width: 1220px) {\r\n     .go-top {width: auto; right: 30px;}\r\n    }\r\n+   @media (max-widdth: 1024px) {\r\n+    #lan_footer .open .dropdown-menu {\r\n+     position: relative;\r\n+     min-width: 100%;\r\n+     background: #000;\r\n+     display: block;\r\n+     }\r\n+   }\r\n   /* Add Jin Footer ipad CSS */\r\n    @media (max-width: 991px) {\r\n-\t.topbar_link, .topbar__controls>b>a, .banner-language-selector {padding: 8px; text-align: right;}\r\n     .text-right {margin-left: -25px; margin-left: -10px;}\r\n     .footer-container__col {padding-left: 15px;}\r\n     .icon-box {display: block; position: relative; right: 0; text-align: center;}\r\n     .icon-box li > i {position: relative; top: -14px;}\r\n@@ -146,9 +138,11 @@\n   \r\n   /* Add Jin Footer Mobile CSS */\r\n \r\n \t@media (max-width: 635px) {\r\n-    .text-left {font-size: 12px; padding-left: 0px;}\r\n+    .text-left {font-size: 11px; padding-left: 0px; padding-top: 6px;}\r\n+    #lan_footer .language-options .dropdown-toggle {font-size: 11px;}\r\n+    #lan_footer .language-options .dropdown .caret {margin-top: 8px;}\r\n     .footer-container i {font-size: 10px;}\r\n     .text-right {margin-top: 0;}\r\n     .language-options .dropdown-toggle {font-size: 13px;}\r\n     .go-top {width: auto; right: 10px;}\r\n@@ -157,9 +151,8 @@\n \t}\r\n \t@media (max-width: 45em) {\t\r\n     .footer-container__col {padding-left: 0px; font-size: 10px;}\r\n     .language-options .dropdown-toggle {color: #000;}\r\n-    .language-options .dropdown-toggle {padding: 0 !important; margin: 0; text-align: right;}\r\n     .text-right {margin-left: -2px; padding-top: 3px;}\r\n     .icon-box {display: block; position: relative; right: 0; text-align: center;}\r\n     .icon-box li > i {position: relative; top: -14px;}\r\n     .icon-box li > a  {display: block;} \r\n"
                },
                {
                    "date": 1651029166143,
                    "content": "Index: \n===================================================================\n--- \n+++ \n@@ -49,120 +49,7 @@\n     <!-- Add Jin Footer KY copyright END-->\r\n   </div>\r\n </footer>\r\n <!-- Add Jin Footer END -->\r\n-<style>\r\n-  /* Add Jin Footer CSS */\r\n-  .footer-container__col {vertical-align: top; font-size: 0.8em;}\r\n-  .footer-container__col > p {margin: 0;}\r\n-  .text-left {padding-top: 15px;}\r\n-  .text-left a {display: block; width: 100%;}\r\n-  .footer-container i {font-size: 13px; transform: rotate(45deg);}\r\n-  .text-left a:hover {color: #68b950; transition: all 0.3s;}\r\n-  .footer-navigation {font-size: 0px;}\r\n-  .text-right {margin-top: 8px; cursor: pointer;}\r\n-  #lan_footer .language-options .dropdown-toggle {font-weight: 500; font-size: 16px; text-align: right;}\r\n-  #lan_footer .language-options .dropdown-toggle:hover {color: #68b950;}\r\n-  .dropdown-menu a {color: #ffff;}\r\n-  .dropdown-menu a:hover {color: #68b950;}\r\n-  .pull-right .dropdown-menu {font-size: 16px;}\r\n-  .icon-dd-tick-dark {display: none;}\r\n-  \r\n-  /* Add Jin Footer 외부링크 icon layout */\r\n-   .icon-box {  \r\n-    position: absolute;\r\n-    right: 0px;\r\n-    top: -8px;\r\n-    text-align: right;\r\n-    margin: 0 0 0px;\r\n-    padding: 16px 0px 5px 5px;\r\n-  }\r\n-  .icon-box:after {content:\"\"; display: block; clear: both;}\r\n \r\n-  .icon-box li {\r\n-    padding: 15px;\r\n-  }\r\n-  .icon-box li > a {display: block; width: 100%;}\r\n-  .icon-box li > a > img {height: 30px;}\r\n-  .icon-box li > a > i {\r\n-    position: absolute;\r\n-    transform: rotate(45deg);\r\n-    top: 22px;\r\n-    font-size: 10px;\r\n-  }\r\n-  .icon-box li > a:hover {color: #93c450b3;}\r\n-  .ficon_txt {display: none; position: absolute; top: 50px; background: #93c450b3; border-radius: 5px; padding: 10px 10px 10px; width: 38%; text-align: center; color: #ffff; line-height: 20px; z-index: 3;}\r\n-  \r\n-  .ficon_txt:after {\r\n-    position: absolute;\r\n-    top: -15px;\r\n-    left: 20%;\r\n-    width: 0;\r\n-    height: 0;\r\n-    margin-left: -10px;\r\n-    border: solid transparent;\r\n-    border-bottom-color: #93c450b3;\r\n-    border-width: 8px;\r\n-    pointer-events: none;\r\n-    content: ' ';\r\n-  }\r\n-  .icon-link:hover .ficon_txt {display: block;}\r\n \r\n-  \r\n-   /* Add Jin Top link CSS */     \r\n-  .go-top {position: fixed; bottom: 20px; min-width: 1149px; height: 30px; margin: 0 auto; cursor: pointer; text-align: right; z-index: 3;}\r\n-  .go-top i {font-size: 33px; list-style: none; color: #68b950; transform: rotate(0deg);} \r\n-   @media (max-width: 1220px) {\r\n-    .go-top {width: auto; right: 30px;}\r\n-   }\r\n-   @media (max-widdth: 1024px) {\r\n-    #lan_footer .open .dropdown-menu {\r\n-     position: relative;\r\n-     min-width: 100%;\r\n-     background: #000;\r\n-     display: block;\r\n-     }\r\n-   }\r\n-  /* Add Jin Footer ipad CSS */\r\n-   @media (max-width: 991px) {\r\n-    .text-right {margin-left: -25px; margin-left: -10px;}\r\n-    .footer-container__col {padding-left: 15px;}\r\n-    .icon-box {display: block; position: relative; right: 0; text-align: center;}\r\n-    .icon-box li > i {position: relative; top: -14px;}\r\n-    .icon-box li > a  {display: block;}  \r\n-    .ficon_txt {width: 14%; top: 70px;}\r\n-    .go-top {width: auto; right: 30px;}\r\n-  \t}\r\n-    @media (max-width: 768px) {\r\n-    .go-top i {font-size: 30px;}\r\n-\t}\r\n-  \r\n-  /* Add Jin Footer Mobile CSS */\r\n \r\n-\t@media (max-width: 635px) {\r\n-    .text-left {font-size: 11px; padding-left: 0px; padding-top: 6px;}\r\n-    #lan_footer .language-options .dropdown-toggle {font-size: 11px;}\r\n-    #lan_footer .language-options .dropdown .caret {margin-top: 8px;}\r\n-    .footer-container i {font-size: 10px;}\r\n-    .text-right {margin-top: 0;}\r\n-    .language-options .dropdown-toggle {font-size: 13px;}\r\n-    .go-top {width: auto; right: 10px;}\r\n-\t  .go-top i {font-size: 30px;}\r\n-     \r\n-\t}\r\n-\t@media (max-width: 45em) {\t\r\n-    .footer-container__col {padding-left: 0px; font-size: 10px;}\r\n-    .language-options .dropdown-toggle {color: #000;}\r\n-    .text-right {margin-left: -2px; padding-top: 3px;}\r\n-    .icon-box {display: block; position: relative; right: 0; text-align: center;}\r\n-    .icon-box li > i {position: relative; top: -14px;}\r\n-    .icon-box li > a  {display: block;} \r\n-    .ficon_txt {top: 70px; font-size: 12px; width: 23%; padding: 5px 5px 5px;}\r\n-    .go-top i {font-size: 30px;}\r\n-\t}\r\n-    @media (max-width: 280px) {\r\n-    .text-left {padding-left: 15px;}\r\n-    }\r\n-   \r\n-</style>\r\n-\r\n-\r\n"
                },
                {
                    "date": 1651029233851,
                    "content": "Index: \n===================================================================\n--- \n+++ \n@@ -2,9 +2,9 @@\n   <div class=\"footer-container__wrapper bt-container\">\r\n  \t  <div class=\"row clearfix\">\r\n       <!-- Add Jin Footer left -->\r\n       <div class=\"column column--xs-6 text-left\">\r\n-        <a href=\"https://www.kohyoung.com/\" target=\"_blank\"><span>KohYoung Technology <i class=\"fa fa-arrow-up\" aria-hidden=\"true\"></i></span></a>\r\n+        <a href=\"https://www.kohyoung.com/\" target=\"_blank\"><span>Koh Young Technology <i class=\"fa fa-arrow-up\" aria-hidden=\"true\"></i></span></a>\r\n       </div>\r\n       <!-- Add Jin Footer left END -->\r\n       <div class=\"column column--xs-6 text-right footer-navigation\" id=\"lan_footer\">\r\n        {{portal | welcome_navigation}}\r\n@@ -12,9 +12,9 @@\n     </div>\r\n    \t  <!-- Add Jin Footer KY copyright -->\r\n     <div class=\"bt-container-inner footer-container__inner\">\r\n       <div class=\"footer-container__col footer-container__col--copyright\">\r\n-        <p>Copyright 2022, KOHYOUNG TECHNOLOGY INC.</p><br>\r\n+        <p>Copyright 2022, KOH YOUNG TECHNOLOGY INC.</p><br>\r\n         <p>The contents of this website are protected by copyright law.</p>\r\n         <p>Copying, reproducing or publishing any content without the permission of the copyright owner is strictly prohibited.</p><br>\r\n           <!-- Add Jin Footer KY icon external link -->\r\n         <ul class=\"container-inner icon-box\">\r\n"
                },
                {
                    "date": 1651036358433,
                    "content": "Index: \n===================================================================\n--- \n+++ \n@@ -17,23 +17,29 @@\n         <p>The contents of this website are protected by copyright law.</p>\r\n         <p>Copying, reproducing or publishing any content without the permission of the copyright owner is strictly prohibited.</p><br>\r\n           <!-- Add Jin Footer KY icon external link -->\r\n         <ul class=\"container-inner icon-box\">\r\n+           <li class=\"icon-link\">\r\n+              {% for category in portal.solution_categories %}\r\n+              \t{% if category.folders_count > 0 %}\r\n+                \t{% if category.id == 47000523081 %}\r\n+                    \t<a href=\"./discussions/\">\r\n+              \t\t\t\t<img src=\"https://github.com/wedosoft/kohyoung/blob/main/images/Forums.png?raw=true\" alt=\"forums\">\r\n+              \t\t\t\t<i class=\"fa fa-arrow-up\" aria-hidden=\"true\"></i>\r\n+              \t\t\t\t<p class=\"ficon_txt\">Forums</p>\r\n+            \t\t\t</a>\r\n+                \t{% endif %}\r\n+               \t{% endif %}\r\n+              {% endfor %}\r\n+          </li>\r\n           <li class=\"icon-link\">\r\n             <a href=\"https://tr.kohyoung.com/index.php\" target=\"_blank\">\r\n               <img src=\"https://github.com/wedosoft/kohyoung/blob/main/images/LMS.png?raw=true\" alt=\"kohyounglms\">\r\n               <i class=\"fa fa-arrow-up\" aria-hidden=\"true\"></i>\r\n               <p class=\"ficon_txt\">Kohyoung LMS</p>\r\n             </a>\r\n           </li>\r\n           <li class=\"icon-link\">\r\n-            <a href=\"https://help.kohyoung.com/en/support/discussions/\">\r\n-              <img src=\"https://github.com/wedosoft/kohyoung/blob/main/images/Forums.png?raw=true\" alt=\"forums\">\r\n-              <i class=\"fa fa-arrow-up\" aria-hidden=\"true\"></i>\r\n-              <p class=\"ficon_txt\">Forums</p>\r\n-            </a>\r\n-          </li>\r\n-          <li class=\"icon-link\">\r\n             <a href=\"https://kypartner.kohyoung.net/\" target=\"_blank\">\r\n               <img src=\"https://github.com/wedosoft/kohyoung/blob/main/images/Partners.png?raw=true\" alt=\"partnerspage\">\r\n               <i class=\"fa fa-arrow-up\" aria-hidden=\"true\"></i>\r\n               <p class=\"ficon_txt\">Partners page</p>\r\n"
                },
                {
                    "date": 1651051164486,
                    "content": "Index: \n===================================================================\n--- \n+++ \n@@ -22,12 +22,12 @@\n               {% for category in portal.solution_categories %}\r\n               \t{% if category.folders_count > 0 %}\r\n                 \t{% if category.id == 47000523081 %}\r\n                     \t<a href=\"./discussions/\">\r\n-              \t\t\t\t<img src=\"https://github.com/wedosoft/kohyoung/blob/main/images/Forums.png?raw=true\" alt=\"forums\">\r\n-              \t\t\t\t<i class=\"fa fa-arrow-up\" aria-hidden=\"true\"></i>\r\n-              \t\t\t\t<p class=\"ficon_txt\">Forums</p>\r\n-            \t\t\t</a>\r\n+                        <img src=\"https://github.com/wedosoft/kohyoung/blob/main/images/Forums.png?raw=true\" alt=\"forums\">\r\n+                        <i class=\"fa fa-arrow-up\" aria-hidden=\"true\"></i>\r\n+                        <p class=\"ficon_txt\">Forums</p>\r\n+            \t\t\t    </a>\r\n                 \t{% endif %}\r\n                \t{% endif %}\r\n               {% endfor %}\r\n           </li>\r\n"
                },
                {
                    "date": 1651110452189,
                    "content": "Index: \n===================================================================\n--- \n+++ \n@@ -2,9 +2,9 @@\n   <div class=\"footer-container__wrapper bt-container\">\r\n  \t  <div class=\"row clearfix\">\r\n       <!-- Add Jin Footer left -->\r\n       <div class=\"column column--xs-6 text-left\">\r\n-        <a href=\"https://www.kohyoung.com/\" target=\"_blank\"><span>Koh Young Technology <i class=\"fa fa-arrow-up\" aria-hidden=\"true\"></i></span></a>\r\n+        <a href=\"https://www.kohyoung.com/\" target=\"_blank\"><span>KohYoung Technology <i class=\"fa fa-arrow-up\" aria-hidden=\"true\"></i></span></a>\r\n       </div>\r\n       <!-- Add Jin Footer left END -->\r\n       <div class=\"column column--xs-6 text-right footer-navigation\" id=\"lan_footer\">\r\n        {{portal | welcome_navigation}}\r\n"
                }
            ],
            "date": 1646373366867,
            "name": "Commit-0",
            "content": "<footer class=\"footer-container\">\r\n  <div class=\"footer-container__wrapper bt-container\">\r\n \t<div class=\"row clearfix\">\r\n      <div class=\"column column--xs-6 text-left\">\r\n        <a href=\"https://www.kohyoung.com/\" target=\"_blank\"><span>Koh Young Technology <i class=\"fa fa-arrow-up\" aria-hidden=\"true\"></i></span></a>\r\n      </div>\r\n      <div class=\"column column--xs-6 text-right footer-navigation\">\r\n          <div class=\"banner-language-selector pull-right\" data-tabs=\"tabs\" data-toggle=\"tooltip\" data-placement=\"bottom\" title=\"\" data-original-title=\"\">\r\n            <ul class=\"language-options\" role=\"tablist\">\r\n              <li class=\"dropdown\">\r\n                <h5 class=\"dropdown-toggle\" data-toggle=\"dropdown\">\r\n                  <span>Korean</span>\r\n                  <span class=\"caret\"></span>\r\n                </h5>\r\n                <ul class=\"dropdown-menu \" role=\"menu\" aria-labelledby=\"dropdownMenu\">\r\n                  <li><a href=\"/ko/support/home\" class=\"active\"><span class=\"icon-dd-tick-dark\"></span>Korean </a></li>\r\n                  <li><a href=\"/zh-CN/support/home\" class=\"\">Chinese</a></li>\r\n                  <li><a href=\"/en/support/home\" class=\"\">English</a></li>\r\n                  <li><a href=\"/ja-JP/support/home\" class=\"\">Japanese</a></li>\r\n                </ul>\r\n              </li>\r\n            </ul>\r\n          </div>\r\n        </div>\r\n      </div>\r\n      <div class=\"bt-container-inner footer-container__inner\">\r\n        <div class=\"footer-container__col footer-container__col--copyright\">\r\n          <p>Copyright 2022, KOH YOUNG TECHNOLOGY INC.</p><br>\r\n          <p>The contents of this website are protected by copyright law.</p>\r\n          <p>Copying, reproducing or publishing any content without the permission of the copyright owner is strictly prohibited.</p><br>\r\n        </div>\r\n       </div>\r\n       <ul class=\"container-inner icon-box\">\r\n                <li class=\"icon-link\">\r\n                  <a href=\"https://tr.kohyoung.com/index.php\" target=\"_blank\">\r\n                      <img src=\"https://github.com/wedosoft/kohyoung/blob/main/images/LMS.png?raw=true\" alt=\"kohyounglms\">\r\n                      <span>Kohyoung LMS <i class=\"fa fa-arrow-up\" aria-hidden=\"true\"></i></span>\r\n                  </a>\r\n                </li>\r\n                <li class=\"icon-link\">\r\n                  <a href=\"https://kohyoungdemo.freshdesk.com/ko/support/discussions\">\r\n                      <img src=\"https://github.com/wedosoft/kohyoung/blob/main/images/Forums.png?raw=true\" alt=\"forums\">\r\n                      <span>Forums <i class=\"fa fa-arrow-up\" aria-hidden=\"true\"></i></span>\r\n                  </a>\r\n                </li>\r\n                <li class=\"icon-link\">\r\n                  <a href=\"https://kypartner.kohyoung.net/\" target=\"_blank\">\r\n                      <img src=\"https://github.com/wedosoft/kohyoung/blob/main/images/Partners.png?raw=true\" alt=\"partnerspage\">\r\n                      <span>Partnerspage <i class=\"fa fa-arrow-up\" aria-hidden=\"true\"></i></span>\r\n                  </a>\r\n                </li>\r\n            </ul>\r\n  </div>\r\n\r\n</footer>\r\n<style>\r\n  .footer-container__col {display: block; vertical-align: top; font-size: 0.8em;}\r\n  .footer-container__col > p {margin: 0;}\r\n  .text-left {padding-top: 15px;}\r\n  .text-left a {display: block; width: 100%;}\r\n  .footer-container i {font-size: 15px; transform: rotate(45deg);}\r\n  .text-left a:hover {color: #93c450;}\r\n  .text-right {margin-left: -35px; margin-top: 8px; cursor: pointer;}\r\n  .text-right:hover {color: #93c450;}\r\n  .dropdown-menu a {color: #ffff;}\r\n  .dropdown-menu a:hover {color: #93c450;}\r\n  .icon-dd-tick-dark {display: none;}\r\n  .footer-container__col {text-align: center;}\r\n  .welcome {display: none;}\r\n  \r\n   .icon-box {  \r\n    display: flex;\r\n    justify-content: center;\r\n    position: relative;\r\n    top: -8px;\r\n    text-align: center;\r\n    margin: 0 0 0px;\r\n    padding: 5px 0px 5px 5px;\r\n  }\r\n  .icon-box:after {content:\"\"; display: block; clear: both;}\r\n\r\n  .icon-box li {\r\n    padding: 5px;\r\n  }\r\n  .icon-box li:first-child {margin-right: 1.5%;}\r\n  .icon-box li a {display: block; width: 100%;}\r\n  .icon-box li a img {height: 40px;}\r\n  .icon-box li a span {font-size: 16px; font-weight: 600; color: #ffff;}\r\n  .icon-box li a span i {\r\n    position: absolute;\r\n    transform: rotate(45deg);\r\n    top: 12px;\r\n    font-size: 10px;\r\n  }\r\n  .icon-box li a span:hover {color: #93c450;}\r\n  \r\n  \r\nelement.style {\r\n}\r\n.banner-language-selector {\r\n    float: none !important;\r\n    margin-top: 0;\r\n}\r\n  @media (max-width: 45em) {\r\n\t.pull-right .language-options .dropdown-toggle {\r\n      color: #000;\r\n    }\r\n    .language-options .dropdown-toggle {padding: 0 !important; margin: 0; text-align: right;}\r\n    .text-right {margin-left: -25px;}\r\n    .icon-box li a span {display: block;} \r\n}\r\n</style>\r\n\r\n\r\n\r\n"
        }
    ]
}