{
    "sourceFile": "templates/04-kypage-layout.html",
    "activeCommit": 0,
    "commits": [
        {
            "activePatchIndex": 23,
            "patches": [
                {
                    "date": 1646373387356,
                    "content": "Index: \n===================================================================\n--- \n+++ \n"
                },
                {
                    "date": 1646376051809,
                    "content": "Index: \n===================================================================\n--- \n+++ \n@@ -244,9 +244,8 @@\n \tlocalStorage.setItem($thisAlert.attr('id'), 'hidden');\n \t});\n       \n     $('.hide-in-mobile').text('Search');\n-    $('.intro-title').text('Kohyoung Knowledge Base');\n     $('a.topbar__link:eq(1)').text('Submit Ticket');\n \t$('.add_attachment').text('Browser');\n \t$('#support-search-input').attr('placeholder','Search');\n \n"
                },
                {
                    "date": 1646383036935,
                    "content": "Index: \n===================================================================\n--- \n+++ \n@@ -38,22 +38,36 @@\n \t\t{{ footer }}\n   </div>\n </div>\n <script>\n-  (function($) {\n-     $(window).scroll(function() {\n-  if($(this).scrollTop() != 0) {\n-   $('#top-link').fadeIn(); \n-  } else {\n-   $('#top-link').fadeOut();\n-  }\n- });\n- \n- $('#top-link').click(function() {\n-  $('body,html').animate({scrollTop:0},10);\n- }); \n+\t(function($) {\n+    $(window).scroll(function() {\n+\t\tif($(this).scrollTop() != 0) {\n+\t\t$('#top-link').fadeIn(); \n+\t\t} else {\n+\t\t$('#top-link').fadeOut();\n+\t\t}\n+\t\t});\n+\t$('#top-link').click(function() {\n+\t\t$('body,html').animate({scrollTop:0},10);\n+\t\t}); \n   })(jQuery);\n </script> \n+<script>\n+\t(function($) {\n+\t$('.category-list-wrapper').css('display','block'); \n+\t$('.side-search').hide();\n+    $(window).scroll(function() {\n+\t\tif($(this).scrollTop() != 0) {\n+\t\t$('.category-list-wrapper').css('display','flex'); \n+\t\t$('.side-search').show();\n+\t\t} else {\n+\t\t$('.category-list-wrapper').css('display','block'); \n+\t\t$('.side-search').hide();\n+\t\t}\n+ \t});\n+  })(jQuery);\n+</script>\n <script src=\"//cdn.jsdelivr.net/jquery.magnific-popup/1.0.0/jquery.magnific-popup.min.js\"></script>\n <script src=\"//cdn.jsdelivr.net/highlight.js/9.10.0/highlight.min.js\"></script>\n \n <script>\n"
                },
                {
                    "date": 1646899398324,
                    "content": "Index: \n===================================================================\n--- \n+++ \n@@ -28,45 +28,29 @@\n         </div>\n       </div>\n       {% endif %}\n   </div>\n-  <ul id=\"top-link\">\n-    <li><i class=\"fa fa-arrow-circle-o-up\" aria-hidden=\"true\"></i></li>\n-  </ul>\n-  \n+ \n \n   <div class=\"layout__footer\">\n \t\t{{ footer }}\n   </div>\n </div>\n+<!-- Add Jin Toplink js -->  \n <script>\n-\t(function($) {\n-    $(window).scroll(function() {\n-\t\tif($(this).scrollTop() != 0) {\n-\t\t$('#top-link').fadeIn(); \n-\t\t} else {\n-\t\t$('#top-link').fadeOut();\n-\t\t}\n-\t\t});\n-\t$('#top-link').click(function() {\n-\t\t$('body,html').animate({scrollTop:0},10);\n-\t\t}); \n+  (function($) {\n+     $(window).scroll(function() {\n+  if($(this).scrollTop() > 100) {\n+   $('#top-link').fadeIn(); \n+  } else {\n+   $('#top-link').fadeOut();\n+  }\n+ });\n+ \n+ $('#top-link').click(function() {\n+  $('body,html').animate({scrollTop:0},300),!1});\n+ }); \n   })(jQuery);\n-</script> \n-<script>\n-\t(function($) {\n-\t$('.category-list-wrapper').css('display','block'); \n-\t$('.side-search').hide();\n-    $(window).scroll(function() {\n-\t\tif($(this).scrollTop() != 0) {\n-\t\t$('.category-list-wrapper').css('display','flex'); \n-\t\t$('.side-search').show();\n-\t\t} else {\n-\t\t$('.category-list-wrapper').css('display','block'); \n-\t\t$('.side-search').hide();\n-\t\t}\n- \t});\n-  })(jQuery);\n </script>\n <script src=\"//cdn.jsdelivr.net/jquery.magnific-popup/1.0.0/jquery.magnific-popup.min.js\"></script>\n <script src=\"//cdn.jsdelivr.net/highlight.js/9.10.0/highlight.min.js\"></script>\n \n@@ -256,14 +240,14 @@\n \n \t$thisAlert.hide();\n \tlocalStorage.setItem($thisAlert.attr('id'), 'hidden');\n \t});\n-      \n+    /* Add Jin txt js */  \n     $('.hide-in-mobile').text('Search');\n-    $('a.topbar__link:eq(1)').text('Submit Ticket');\n+    $('a.topbar_link:eq(1)').text('Submit Ticket');\n \t$('.add_attachment').text('Browser');\n \t$('#support-search-input').attr('placeholder','Search');\n-\n+     \n \t/**\n  * Table of contents for articles v1.8.5\n  *\n  * Copyright (c) 2014-2021 Lotus Themes\n@@ -284,12 +268,5 @@\n \n \n \t})(jQuery);\n </script>\n-<style>\n-  #top-link {position: fixed; bottom: 0px; right: 1%; cursor: pointer; z-index: 3; margin: 0;}\n-  #top-link li {font-size: 50px; list-style: none; color: #93c450;} \n-  @media (max-width: 45em) {\n-\t#top-link {right: 2%;}\n-    #top-link li {font-size: 30px;}\n-  }\n-</style>\n+\n"
                },
                {
                    "date": 1646900475174,
                    "content": "Index: \n===================================================================\n--- \n+++ \n@@ -36,20 +36,21 @@\n   </div>\n </div>\n <!-- Add Jin Toplink js -->  \n <script>\n-  (function($) {\n-     $(window).scroll(function() {\n-  if($(this).scrollTop() > 100) {\n-   $('#top-link').fadeIn(); \n-  } else {\n-   $('#top-link').fadeOut();\n-  }\n- });\n- \n- $('#top-link').click(function() {\n-  $('body,html').animate({scrollTop:0},300),!1});\n- }); \n+\t(function($) {\n+\t\t$('#top-link').click(function() {\n+\t\t\treturn $('body,html').animate({scrollTop:0},300),!1})\n+\n+\t\t\t$('#top-link').hide();\n+\n+\t\t$(window).scroll(function() {\n+\t\t\tif($(this).scrollTop() > 100) {\n+\t\t\t$('#top-link').fadeIn(); \n+\t\t\t} else {\n+\t\t\t$('#top-link').fadeOut();\n+\t\t\t}\n+\t});\n   })(jQuery);\n </script>\n <script src=\"//cdn.jsdelivr.net/jquery.magnific-popup/1.0.0/jquery.magnific-popup.min.js\"></script>\n <script src=\"//cdn.jsdelivr.net/highlight.js/9.10.0/highlight.min.js\"></script>\n"
                },
                {
                    "date": 1646900758499,
                    "content": "Index: \n===================================================================\n--- \n+++ \n@@ -48,10 +48,10 @@\n \t\t\t$('#top-link').fadeIn(); \n \t\t\t} else {\n \t\t\t$('#top-link').fadeOut();\n \t\t\t}\n-\t});\n-  })(jQuery);\n+\t\t});\n+  \t})(jQuery);\n </script>\n <script src=\"//cdn.jsdelivr.net/jquery.magnific-popup/1.0.0/jquery.magnific-popup.min.js\"></script>\n <script src=\"//cdn.jsdelivr.net/highlight.js/9.10.0/highlight.min.js\"></script>\n \n"
                },
                {
                    "date": 1646904493511,
                    "content": "Index: \n===================================================================\n--- \n+++ \n@@ -43,9 +43,9 @@\n \n \t\t\t$('#top-link').hide();\n \n \t\t$(window).scroll(function() {\n-\t\t\tif($(this).scrollTop() > 100) {\n+\t\t\tif($(this).scrollTop() > 70) {\n \t\t\t$('#top-link').fadeIn(); \n \t\t\t} else {\n \t\t\t$('#top-link').fadeOut();\n \t\t\t}\n"
                },
                {
                    "date": 1646904569545,
                    "content": "Index: \n===================================================================\n--- \n+++ \n@@ -43,9 +43,9 @@\n \n \t\t\t$('#top-link').hide();\n \n \t\t$(window).scroll(function() {\n-\t\t\tif($(this).scrollTop() > 70) {\n+\t\t\tif($(this).scrollTop() > 80) {\n \t\t\t$('#top-link').fadeIn(); \n \t\t\t} else {\n \t\t\t$('#top-link').fadeOut();\n \t\t\t}\n"
                },
                {
                    "date": 1646979273651,
                    "content": "Index: \n===================================================================\n--- \n+++ \n@@ -49,9 +49,9 @@\n \t\t\t} else {\n \t\t\t$('#top-link').fadeOut();\n \t\t\t}\n \t\t});\n-  \t})(jQuery);\n+ \t })(jQuery);\n </script>\n <script src=\"//cdn.jsdelivr.net/jquery.magnific-popup/1.0.0/jquery.magnific-popup.min.js\"></script>\n <script src=\"//cdn.jsdelivr.net/highlight.js/9.10.0/highlight.min.js\"></script>\n \n"
                },
                {
                    "date": 1646983660866,
                    "content": "Index: \n===================================================================\n--- \n+++ \n@@ -244,8 +244,9 @@\n \t});\n     /* Add Jin txt js */  \n     $('.hide-in-mobile').text('Search');\n     $('a.topbar_link:eq(1)').text('Submit Ticket');\n+\t$('.new-ticket-title').text('Submit a request');\n \t$('.add_attachment').text('Browser');\n \t$('#support-search-input').attr('placeholder','Search');\n      \n \t/**\n"
                },
                {
                    "date": 1649137060029,
                    "content": "Index: \n===================================================================\n--- \n+++ \n@@ -247,8 +247,9 @@\n     $('a.topbar_link:eq(1)').text('Submit Ticket');\n \t$('.new-ticket-title').text('Submit a request');\n \t$('.add_attachment').text('Browser');\n \t$('#support-search-input').attr('placeholder','Search');\n+\t$('.search-box--small').attr('placeholder','Search')\n      \n \t/**\n  * Table of contents for articles v1.8.5\n  *\n"
                },
                {
                    "date": 1650247300662,
                    "content": "Index: \n===================================================================\n--- \n+++ \n@@ -153,13 +153,19 @@\n \n \t\t$(window).on('scroll resize', function() {\n \t\t\tvar scrolled = $(window).scrollTop();\n \t\t\tvar $topbarNav = $('.topbar__nav');\n+\t\t\tvar $tableDesk = $('.lt-toc_is-desktop');\n \t\t\tif (scrolled > $topbarNav.outerHeight()) {\n \t\t\t\t$topbarNav.addClass('topbar__nav--white');\n \t\t\t} else {\n \t\t\t\t$topbarNav.removeClass('topbar__nav--white');\n \t\t\t}\n+\t\t\tif (scrolled > $tableDesk.outerHeight()) {\n+\t\t\t\t$tableDesk.addClass('.lt-toc--container');\n+\t\t\t} else {\n+\t\t\t\t$tableDesk.removeClass('.lt-toc--container');\n+\t\t\t}\n \t\t});\n \n \t  $('.topbar__search input.special').attr('placeholder', 'Search');\n \n@@ -247,9 +253,14 @@\n     $('a.topbar_link:eq(1)').text('Submit Ticket');\n \t$('.new-ticket-title').text('Submit a request');\n \t$('.add_attachment').text('Browser');\n \t$('#support-search-input').attr('placeholder','Search');\n-\t$('.search-box--small').attr('placeholder','Search')\n+\t$('.search-box--small').attr('placeholder','Search');\n+\n+\t  //Print article\n+\t  $(document).on('click', '[data-print-article]', function(){\n+\t\tprint();\n+\t  });    \n      \n \t/**\n  * Table of contents for articles v1.8.5\n  *\n"
                },
                {
                    "date": 1650249255834,
                    "content": "Index: \n===================================================================\n--- \n+++ \n@@ -159,13 +159,8 @@\n \t\t\t\t$topbarNav.addClass('topbar__nav--white');\n \t\t\t} else {\n \t\t\t\t$topbarNav.removeClass('topbar__nav--white');\n \t\t\t}\n-\t\t\tif (scrolled > $tableDesk.outerHeight()) {\n-\t\t\t\t$tableDesk.addClass('.lt-toc--container');\n-\t\t\t} else {\n-\t\t\t\t$tableDesk.removeClass('.lt-toc--container');\n-\t\t\t}\n \t\t});\n \n \t  $('.topbar__search input.special').attr('placeholder', 'Search');\n \n"
                },
                {
                    "date": 1650614618836,
                    "content": "Index: \n===================================================================\n--- \n+++ \n@@ -270,11 +270,10 @@\n               <div class=\"lt-status-widget__indicator__text\">${t.status.description}</div>\n             </div>`,e.classList.remove(\"lt-d-none\")})})}}}();StatusWidget.render();\n \n \t\t\tvar $topbar = $('[data-topbar]');\n-\tvar $topbarButtons = $topbar.find('[data-topbar-controls]');\n-      var topbarButtonsHTML = $topbarButtons.html();\n-      $topbarButtons.html(topbarButtonsHTML.replace(' | ', '').replace(' - ', '').replace('&nbsp;', ''));\n+\t\t\tvar $topbarButtons = $topbar.find('[data-topbar-controls]');\n+      \t\tvar topbarButtonsHTML = $topbarButtons.html();\n \n \n \t})(jQuery);\n </script>\n"
                },
                {
                    "date": 1650614844910,
                    "content": "Index: \n===================================================================\n--- \n+++ \n@@ -262,9 +262,9 @@\n  * Copyright (c) 2014-2021 Lotus Themes\n  * https://www.lotusthemes.com\n  */\n \n-!function(){\"use strict\";var a=window.jQuery||window.$,h=\"lt-toc_is-fixed\",c=\"lt-toc_is-bottom\",o=\"lt-toc_is-desktop\",n=\"lt-toc_is-mobile\",r=\"is-active\";function l(t,i){for(var e=0;e<i.length;e++){var s=i[e];s.enumerable=s.enumerable||!1,s.configurable=!0,\"value\"in s&&(s.writable=!0),Object.defineProperty(t,s.key,s)}}var d={articleBody:\"[data-article]\",headers:\"h1, h2, h3, h4, h5\",title:\"Table of contents\",offsetTop:40,takeElHeight:null,animationDuration:500,showEmptyBlock:!1,isFixed:!0,changeUrl:!0,mobileBreakpoint:767,showMobile:!0,labels:\"\",showIfLabel:\"\",hideIfLabel:\"\"},f=function(){function s(t,i,e){!function(t,i){if(!(t instanceof i))throw new TypeError(\"Cannot call a class as a function\")}(this,s),this.i=t,this.options=a.extend({},d,e),this.$document=a(document),this.$window=a(window),this.$element=i,this.$article=a(this.options.articleBody),this.$takeEl=this.options.takeElHeight?a(this.options.takeElHeight):null,this.links=[],this.isMobile=!1,this.destroyed=!1,this.$article.length&&(this.options.showIfLabel||this.options.hideIfLabel||this.init(),this.options.showIfLabel&&this.options.labels.includes(this.options.showIfLabel)&&this.init(),this.options.hideIfLabel&&!this.options.labels.includes(this.options.hideIfLabel)&&this.init())}var t,i,e;return t=s,(i=[{key:\"init\",value:function(){this.$headers=this.$article.find(this.options.headers),(this.$headers.length||this.options.showEmptyBlock)&&(this.headers(),(this.links.length||this.options.showEmptyBlock)&&(this.createTableOfContents(),this.handlers()))}},{key:\"headers\",value:function(){var s=this;this.$headers=this.$headers.filter(function(t,i){var e=a(i),i=e.attr(\"id\")||\"\".concat(s.titleToAnchor(e.text()),\"-\").concat(s.i,\"-\").concat(t),t=e.text().trim();return!!t.match(/[\\S]+/)&&(e.attr(\"id\",i),s.links.push({title:t,id:i,className:s.getClassName(e)}),!0)})}},{key:\"createTableOfContents\",value:function(){this.$article.css(\"position\",\"relative\"),this.$element.html('\\n      <div class=\"lt-toc\">\\n        <div class=\"lt-toc--container\">\\n          '.concat(this.options.title?'<h4 class=\"lt-toc--title\">'.concat(this.options.title,\"</h4>\"):\"\",'\\n          <div class=\"lt-toc--current\">').concat(this.links[0]?this.links[0].title:\"\",'</div>\\n          <ul class=\"lt-toc--list\">\\n          ').concat(this.links.map(function(t){return'\\n            <li class=\"lt-toc--item '.concat(t.className?\"lt-toc--item-\"+t.className:\"\",'\">\\n              <a href=\"#').concat(t.id,'\" class=\"lt-toc--link\"><span>').concat(t.title,\"</span></a>\\n            </li>\\n          \")}).join(\"\"),\"\\n        </ul>\\n        </div>\\n      </div>\\n    \")),this.options.mobileBreakpoint&&this.options.showMobile&&(this.$mobileStart=a('<div class=\"lt-toc-mobile lt-toc-mobile_start\"></div>'),this.$article.prepend(this.$mobileStart[0]),this.options.isFixed&&(this.$mobileEnd=a('<div class=\"lt-toc-mobile lt-toc-mobile_end\"></div>'),this.$article.append(this.$mobileEnd[0]))),this.$toc=this.$element.find(\".lt-toc\"),this.$container=this.$element.find(\".lt-toc--container\"),this.$title=this.$element.find(\".lt-toc--title\"),this.$current=this.$element.find(\".lt-toc--current\"),this.$list=this.$element.find(\".lt-toc--list\"),this.$links=this.$element.find(\".lt-toc--link\")}},{key:\"handlers\",value:function(){window.location.hash&&this.scrollToActiveHeader(window.location.hash),this.handleWindowScroll(),this.handleWindowResize(),this.$links.on(\"click.lt.toc\",this.handleClickToLink.bind(this)),this.$current.on(\"click.lt.toc\",this.handleOpenMobileMenu.bind(this)),this.$window.on(\"resize.lt.toc\",this.handleWindowResize.bind(this)),this.$window.on(\"scroll.lt.toc resize.lt.toc\",this.handleWindowScroll.bind(this))}},{key:\"titleToAnchor\",value:function(t){return t.trim().toLowerCase().replace(/[^a-zA-Z0-9]/g,\" \").replace(/[\\s]+/g,\"-\")}},{key:\"changeListHeight\",value:function(){var t=this.isMobile?this.$current.outerHeight():this.$title[0]?this.$title.outerHeight()+12:0,t=this.options.offsetTop+t+20;this.$list.css(\"max-height\",window.innerHeight-t)}},{key:\"getClassName\",value:function(t){var i=this,e=t.attr(\"class\"),e=e?e.split(/\\s+/):[];e.push(t[0].localName);var s=\"\";return e.forEach(function(t){if(-1!==i.options.headers.indexOf(t))return s=t,!1}),s}},{key:\"scrollToActiveHeader\",value:function(e){var t,i,s=this.$takeEl?this.$takeEl.innerHeight():0,o=[];this.$headers.each(function(t,i){i.getAttribute(\"id\")===e.replace(\"#\",\"\")&&(o=a(i))}),o.length&&(o.parents(\".accordion__item\").length&&((i=o.parents(\".accordion__item\").find(\".accordion__item-title\")).hasClass(\"accordion__item-title--active\")||(i.trigger(\"click\"),a(window).trigger(\"resize\"))),o.parents(\".tabs\").length&&(t=o.parents(\".tab\"),i=o.parents(\".tabs\").find(\".tabs-menu\").find(\".tabs-link\").eq(t.index()-1),t.hasClass(\"is-hidden\")&&(i.trigger(\"click\"),a(window).trigger(\"resize\"))),s=o.offset().top-s-this.options.offsetTop-(this.isMobile?this.$mobileStart.outerHeight(!0):0),a(\"body,html\").animate({scrollTop:s},this.options.animationDuration))}},{key:\"fixedBox\",value:function(){var t,i,e,s,o,n,l;this.isMobile&&!this.options.showMobile||(t=(this.isMobile&&this.$mobileEnd?this.$mobileEnd:this.$toc).innerWidth(),i=(this.isMobile&&this.$mobileEnd?this.$mobileEnd:this.$container).innerHeight(),e=this.$takeEl?this.$takeEl.innerHeight():0,s=this.$document.scrollTop(),o=(this.isMobile?this.$mobileStart:this.$toc).offset().top-this.options.offsetTop-e,n=this.$article.offset().top+this.$article.innerHeight(),l=s+this.options.offsetTop+i+e,o<=s&&l<n?(this.$toc.removeClass(c).addClass(h),this.$container.css({position:\"fixed\",top:this.options.offsetTop+e,width:t})):s<o?(this.$toc.removeClass(h+\" \"+c),this.$container.removeAttr(\"style\")):n<=l&&(this.$toc.removeClass(h).addClass(c),this.$container.css({position:\"absolute\",top:n-i-this.$toc.offset().top,width:t})))}},{key:\"changeActiveMenuItem\",value:function(){if(!this.isMobile||this.options.showMobile){for(var t,i,e,s=this.$takeEl?this.$takeEl.innerHeight():0,o=!1,n=!1,l=null,h=0;h<this.$headers.length;h++)n||((t=a(this.$headers[h])).offset().top<=this.$document.scrollTop()+parseInt(this.options.offsetTop||0)+1+s+(this.isMobile?this.$mobileStart.outerHeight(!0):0)?l=t:n=!0);l||(o=!0,l=this.$headers.eq(0)),l&&(i=l.attr(\"id\"),(e=this.$links.filter('[href=\"#'.concat(i,'\"]'))).hasClass(r)||(this.$links.removeClass(r),e.addClass(r),this.$current.text(e.text()),!o&&this.options.changeUrl&&history.pushState(null,null,\"#\"+i)))}}},{key:\"switchToDesktopVersion\",value:function(){this.$toc.hasClass(o)||(this.isMobile=!1,this.options.showMobile&&(this.$mobileStart.removeClass(r),this.options.isFixed&&this.$mobileEnd.removeClass(r)),this.$toc.removeAttr(\"style\").removeClass(n).addClass(o),this.options.showMobile||(this.$toc.css({display:\"block\"}),this.handleWindowScroll()))}},{key:\"switchToMobileVersion\",value:function(){var t,i,e;this.$toc.hasClass(n)||(this.isMobile=!0,this.$toc.removeClass(o).addClass(n),this.options.showMobile&&(this.$mobileStart.addClass(r),this.options.isFixed&&this.$mobileEnd.addClass(r))),this.options.showMobile?(t=this.$mobileStart.offset().top,i=this.$mobileStart.offset().left,e=this.$mobileStart.innerWidth(),this.$toc.css({position:\"absolute\",top:t,left:i,width:e})):this.$toc.css({display:\"none\"})}},{key:\"handleClickToLink\",value:function(t){t.preventDefault();t=a(t.currentTarget).attr(\"href\");this.$container.hasClass(r)&&(this.$container.removeClass(r),this.$list.slideUp(300)),this.scrollToActiveHeader(t)}},{key:\"handleOpenMobileMenu\",value:function(t){t.preventDefault(),this.$container.toggleClass(r),this.$list.slideToggle(300)}},{key:\"handleWindowScroll\",value:function(){this.options.isFixed&&this.fixedBox(),this.changeActiveMenuItem()}},{key:\"handleWindowResize\",value:function(){this.options.mobileBreakpoint&&(window.innerWidth>this.options.mobileBreakpoint?this.switchToDesktopVersion():this.switchToMobileVersion()),this.changeListHeight()}},{key:\"create\",value:function(t){this.destroyed||this.destroy();var i=this.$element.attr(\"id\")||this.i;window.LS.extensions.toc[i]=new s(this.i,this.$element,t||this.$element.data(\"toc\")||{})}},{key:\"update\",value:function(){this.handleWindowResize(),this.handleWindowScroll()}},{key:\"destroy\",value:function(){this.$links&&this.$links.off(\"click.lt.toc\"),this.$current&&this.$current.off(\"click.lt.toc\"),this.$window.off(\"scroll.lt.toc resize.lt.toc\"),this.$element.html(\"\"),this.destroyed=!0}}])&&l(t.prototype,i),e&&l(t,e),s}();function u(t,i){Object.defineProperty(t,i,{value:{},enumerable:!0})}window.Toc=f,a(window).on(\"load\",function(){a(\"[data-toc]\").each(function(t,i){var e=a(i),s=e.data(\"toc\")||{},i=e.attr(\"id\")||t;(!s.showIfLabel&&!s.hideIfLabel||s.showIfLabel&&s.labels.includes(s.showIfLabel)||s.hideIfLabel&&!s.labels.includes(s.hideIfLabel))&&(t||a(\"html\").addClass(\"toc-enabled\"),window.LS||u(window,\"LS\"),window.LS.extensions||u(window.LS,\"extensions\"),window.LS.extensions.toc||u(window.LS.extensions,\"toc\"),window.LS.extensions.toc[i]=new f(t,e,s),a(window).trigger(\"resize\"))})})}();\n+!function(){\"use strict\";var a=window.jQuery||window.$,h=\"lt-toc_is-fixed\",c=\"lt-toc_is-bottom\",o=\"lt-toc_is-desktop\",n=\"lt-toc_is-mobile\",r=\"is-active\";function l(t,i){for(var e=0;e<i.length;e++){var s=i[e];s.enumerable=s.enumerable||!1,s.configurable=!0,\"value\"in s&&(s.writable=!0),Object.defineProperty(t,s.key,s)}}var d={articleBody:\"[data-article]\",headers:\"h1, h2, h3, h4, h5\",title:\"Table of contents\",offsetTop:60,takeElHeight:null,animationDuration:500,showEmptyBlock:!1,isFixed:!0,changeUrl:!0,mobileBreakpoint:1399,showMobile:!0,labels:\"\",showIfLabel:\"\",hideIfLabel:\"\"},f=function(){function s(t,i,e){!function(t,i){if(!(t instanceof i))throw new TypeError(\"Cannot call a class as a function\")}(this,s),this.i=t,this.options=a.extend({},d,e),this.$document=a(document),this.$window=a(window),this.$element=i,this.$article=a(this.options.articleBody),this.$takeEl=this.options.takeElHeight?a(this.options.takeElHeight):null,this.links=[],this.isMobile=!1,this.destroyed=!1,this.$article.length&&(this.options.showIfLabel||this.options.hideIfLabel||this.init(),this.options.showIfLabel&&this.options.labels.includes(this.options.showIfLabel)&&this.init(),this.options.hideIfLabel&&!this.options.labels.includes(this.options.hideIfLabel)&&this.init())}var t,i,e;return t=s,(i=[{key:\"init\",value:function(){this.$headers=this.$article.find(this.options.headers),(this.$headers.length||this.options.showEmptyBlock)&&(this.headers(),(this.links.length||this.options.showEmptyBlock)&&(this.createTableOfContents(),this.handlers()))}},{key:\"headers\",value:function(){var s=this;this.$headers=this.$headers.filter(function(t,i){var e=a(i),i=e.attr(\"id\")||\"\".concat(s.titleToAnchor(e.text()),\"-\").concat(s.i,\"-\").concat(t),t=e.text().trim();return!!t.match(/[\\S]+/)&&(e.attr(\"id\",i),s.links.push({title:t,id:i,className:s.getClassName(e)}),!0)})}},{key:\"createTableOfContents\",value:function(){this.$article.css(\"position\",\"relative\"),this.$element.html('\\n      <div class=\"lt-toc\">\\n        <div class=\"lt-toc--container\">\\n          '.concat(this.options.title?'<h4 class=\"lt-toc--title\">'.concat(this.options.title,\"</h4>\"):\"\",'\\n          <div class=\"lt-toc--current\">').concat(this.links[0]?this.links[0].title:\"\",'</div>\\n          <ul class=\"lt-toc--list\">\\n          ').concat(this.links.map(function(t){return'\\n            <li class=\"lt-toc--item '.concat(t.className?\"lt-toc--item-\"+t.className:\"\",'\">\\n              <a href=\"#').concat(t.id,'\" class=\"lt-toc--link\"><span>').concat(t.title,\"</span></a>\\n            </li>\\n          \")}).join(\"\"),\"\\n        </ul>\\n        </div>\\n      </div>\\n    \")),this.options.mobileBreakpoint&&this.options.showMobile&&(this.$mobileStart=a('<div class=\"lt-toc-mobile lt-toc-mobile_start\"></div>'),this.$article.prepend(this.$mobileStart[0]),this.options.isFixed&&(this.$mobileEnd=a('<div class=\"lt-toc-mobile lt-toc-mobile_end\"></div>'),this.$article.append(this.$mobileEnd[0]))),this.$toc=this.$element.find(\".lt-toc\"),this.$container=this.$element.find(\".lt-toc--container\"),this.$title=this.$element.find(\".lt-toc--title\"),this.$current=this.$element.find(\".lt-toc--current\"),this.$list=this.$element.find(\".lt-toc--list\"),this.$links=this.$element.find(\".lt-toc--link\")}},{key:\"handlers\",value:function(){window.location.hash&&this.scrollToActiveHeader(window.location.hash),this.handleWindowScroll(),this.handleWindowResize(),this.$links.on(\"click.lt.toc\",this.handleClickToLink.bind(this)),this.$current.on(\"click.lt.toc\",this.handleOpenMobileMenu.bind(this)),this.$window.on(\"resize.lt.toc\",this.handleWindowResize.bind(this)),this.$window.on(\"scroll.lt.toc resize.lt.toc\",this.handleWindowScroll.bind(this))}},{key:\"titleToAnchor\",value:function(t){return t.trim().toLowerCase().replace(/[^a-zA-Z0-9]/g,\" \").replace(/[\\s]+/g,\"-\")}},{key:\"changeListHeight\",value:function(){var t=this.isMobile?this.$current.outerHeight():this.$title[0]?this.$title.outerHeight()+12:0,t=this.options.offsetTop+t+20;this.$list.css(\"max-height\",window.innerHeight-t)}},{key:\"getClassName\",value:function(t){var i=this,e=t.attr(\"class\"),e=e?e.split(/\\s+/):[];e.push(t[0].localName);var s=\"\";return e.forEach(function(t){if(-1!==i.options.headers.indexOf(t))return s=t,!1}),s}},{key:\"scrollToActiveHeader\",value:function(e){var t,i,s=this.$takeEl?this.$takeEl.innerHeight():0,o=[];this.$headers.each(function(t,i){i.getAttribute(\"id\")===e.replace(\"#\",\"\")&&(o=a(i))}),o.length&&(o.parents(\".accordion__item\").length&&((i=o.parents(\".accordion__item\").find(\".accordion__item-title\")).hasClass(\"accordion__item-title--active\")||(i.trigger(\"click\"),a(window).trigger(\"resize\"))),o.parents(\".tabs\").length&&(t=o.parents(\".tab\"),i=o.parents(\".tabs\").find(\".tabs-menu\").find(\".tabs-link\").eq(t.index()-1),t.hasClass(\"is-hidden\")&&(i.trigger(\"click\"),a(window).trigger(\"resize\"))),s=o.offset().top-s-this.options.offsetTop-(this.isMobile?this.$mobileStart.outerHeight(!0):0),a(\"body,html\").animate({scrollTop:s},this.options.animationDuration))}},{key:\"fixedBox\",value:function(){var t,i,e,s,o,n,l;this.isMobile&&!this.options.showMobile||(t=(this.isMobile&&this.$mobileEnd?this.$mobileEnd:this.$toc).innerWidth(),i=(this.isMobile&&this.$mobileEnd?this.$mobileEnd:this.$container).innerHeight(),e=this.$takeEl?this.$takeEl.innerHeight():0,s=this.$document.scrollTop(),o=(this.isMobile?this.$mobileStart:this.$toc).offset().top-this.options.offsetTop-e,n=this.$article.offset().top+this.$article.innerHeight(),l=s+this.options.offsetTop+i+e,o<=s&&l<n?(this.$toc.removeClass(c).addClass(h),this.$container.css({position:\"fixed\",top:this.options.offsetTop+e,width:t})):s<o?(this.$toc.removeClass(h+\" \"+c),this.$container.removeAttr(\"style\")):n<=l&&(this.$toc.removeClass(h).addClass(c),this.$container.css({position:\"absolute\",top:n-i-this.$toc.offset().top,width:t})))}},{key:\"changeActiveMenuItem\",value:function(){if(!this.isMobile||this.options.showMobile){for(var t,i,e,s=this.$takeEl?this.$takeEl.innerHeight():0,o=!1,n=!1,l=null,h=0;h<this.$headers.length;h++)n||((t=a(this.$headers[h])).offset().top<=this.$document.scrollTop()+parseInt(this.options.offsetTop||0)+1+s+(this.isMobile?this.$mobileStart.outerHeight(!0):0)?l=t:n=!0);l||(o=!0,l=this.$headers.eq(0)),l&&(i=l.attr(\"id\"),(e=this.$links.filter('[href=\"#'.concat(i,'\"]'))).hasClass(r)||(this.$links.removeClass(r),e.addClass(r),this.$current.text(e.text()),!o&&this.options.changeUrl&&history.pushState(null,null,\"#\"+i)))}}},{key:\"switchToDesktopVersion\",value:function(){this.$toc.hasClass(o)||(this.isMobile=!1,this.options.showMobile&&(this.$mobileStart.removeClass(r),this.options.isFixed&&this.$mobileEnd.removeClass(r)),this.$toc.removeAttr(\"style\").removeClass(n).addClass(o),this.options.showMobile||(this.$toc.css({display:\"block\"}),this.handleWindowScroll()))}},{key:\"switchToMobileVersion\",value:function(){var t,i,e;this.$toc.hasClass(n)||(this.isMobile=!0,this.$toc.removeClass(o).addClass(n),this.options.showMobile&&(this.$mobileStart.addClass(r),this.options.isFixed&&this.$mobileEnd.addClass(r))),this.options.showMobile?(t=this.$mobileStart.offset().top,i=this.$mobileStart.offset().left,e=this.$mobileStart.innerWidth(),this.$toc.css({position:\"absolute\",top:t,left:i,width:e})):this.$toc.css({display:\"none\"})}},{key:\"handleClickToLink\",value:function(t){t.preventDefault();t=a(t.currentTarget).attr(\"href\");this.$container.hasClass(r)&&(this.$container.removeClass(r),this.$list.slideUp(300)),this.scrollToActiveHeader(t)}},{key:\"handleOpenMobileMenu\",value:function(t){t.preventDefault(),this.$container.toggleClass(r),this.$list.slideToggle(300)}},{key:\"handleWindowScroll\",value:function(){this.options.isFixed&&this.fixedBox(),this.changeActiveMenuItem()}},{key:\"handleWindowResize\",value:function(){this.options.mobileBreakpoint&&(window.innerWidth>this.options.mobileBreakpoint?this.switchToDesktopVersion():this.switchToMobileVersion()),this.changeListHeight()}},{key:\"create\",value:function(t){this.destroyed||this.destroy();var i=this.$element.attr(\"id\")||this.i;window.LS.extensions.toc[i]=new s(this.i,this.$element,t||this.$element.data(\"toc\")||{})}},{key:\"update\",value:function(){this.handleWindowResize(),this.handleWindowScroll()}},{key:\"destroy\",value:function(){this.$links&&this.$links.off(\"click.lt.toc\"),this.$current&&this.$current.off(\"click.lt.toc\"),this.$window.off(\"scroll.lt.toc resize.lt.toc\"),this.$element.html(\"\"),this.destroyed=!0}}])&&l(t.prototype,i),e&&l(t,e),s}();function u(t,i){Object.defineProperty(t,i,{value:{},enumerable:!0})}window.Toc=f,a(window).on(\"load\",function(){a(\"[data-toc]\").each(function(t,i){var e=a(i),s=e.data(\"toc\")||{},i=e.attr(\"id\")||t;(!s.showIfLabel&&!s.hideIfLabel||s.showIfLabel&&s.labels.includes(s.showIfLabel)||s.hideIfLabel&&!s.labels.includes(s.hideIfLabel))&&(t||a(\"html\").addClass(\"toc-enabled\"),window.LS||u(window,\"LS\"),window.LS.extensions||u(window.LS,\"extensions\"),window.LS.extensions.toc||u(window.LS.extensions,\"toc\"),window.LS.extensions.toc[i]=new f(t,e,s),a(window).trigger(\"resize\"))})})}();\n \n \tconst StatusWidget=function(){function n(t){return e=`${t}/api/v2/summary.json`,t=JSON.parse(JSON.stringify({credentials:\"same-origin\",headers:{\"X-Requested-With\":\"XMLHttpRequest\",\"Content-Type\":\"application/json;\"}})),fetch(e,t).then(function(t){if(!t.ok)throw t;return t.json()});var e}return{render:function(){[...document.querySelectorAll(\".js-status-widget\")].forEach(function(e){var t=e.href;t&&n(t).then(function(t){return t}).then(t=>{e.innerHTML=`<div class=\"lt-status-widget-container\">\n               <div class=\"lt-status-widget__indicator lt-status-widget__indicator--${t.status.indicator}\"></div>\n               <div class=\"lt-status-widget__indicator__text\">${t.status.description}</div>\n"
                },
                {
                    "date": 1650615778414,
                    "content": "Index: \n===================================================================\n--- \n+++ \n@@ -249,9 +249,27 @@\n \t$('.new-ticket-title').text('Submit a request');\n \t$('.add_attachment').text('Browser');\n \t$('#support-search-input').attr('placeholder','Search');\n \t$('.search-box--small').attr('placeholder','Search');\n+      \n+    //Change placeholder\n+    var $searchInput = $('#support-search-input');\n \n+    switch($portalLanguage){\n+      case 'ko':\n+        $searchInput.attr('placeholder','검색');\n+        break;\n+      case 'ja-JP':\n+        $searchInput.attr('placeholder','検索');\n+        break;\n+      case 'zh-CN':\n+        $searchInput.attr('placeholder','搜索');\n+        break;\n+      default:\n+        $searchInput.attr('placeholder','Search');\n+        break;\n+    }\n+\n \t  //Print article\n \t  $(document).on('click', '[data-print-article]', function(){\n \t\tprint();\n \t  });    \n"
                },
                {
                    "date": 1650876504800,
                    "content": "Index: \n===================================================================\n--- \n+++ \n@@ -77,8 +77,9 @@\n \t  var $heroUnit = $(\"[data-hero-unit]\");\n \t  var $topSearchBar = $(\".topbar__search .hc-search-form\");\n \t  var $topSearchBarQuery = $topSearchBar.find(\"input.special\");\n \t  var $topSearchBarBtn = $(\".topbar__btn-search\");\n+\t  var $portalLanguage = '{{ portal.current_language.code }}';\n \n \t  $topbar.removeClass(BT_SETTINGS.css.hiddenClass);\n \n \t  $(\"[data-toggle-menu]\").click(function() {\n"
                },
                {
                    "date": 1650878084257,
                    "content": "Index: \n===================================================================\n--- \n+++ \n@@ -253,21 +253,26 @@\n \t$('.search-box--small').attr('placeholder','Search');\n       \n     //Change placeholder\n     var $searchInput = $('#support-search-input');\n+\tvar $familySite = $('#family-site')\n \n     switch($portalLanguage){\n       case 'ko':\n         $searchInput.attr('placeholder','검색');\n+\t\t$familySite.text('패밀리사이트');\n         break;\n       case 'ja-JP':\n         $searchInput.attr('placeholder','検索');\n+\t\t$familySite.text('ファミリーサイト');\n         break;\n       case 'zh-CN':\n         $searchInput.attr('placeholder','搜索');\n+\t\t$familySite.text('家庭网站');\n         break;\n       default:\n         $searchInput.attr('placeholder','Search');\n+\t\t$familySite.text('Family Site');\n         break;\n     }\n \n \t  //Print article\n"
                },
                {
                    "date": 1650878150428,
                    "content": "Index: \n===================================================================\n--- \n+++ \n@@ -253,9 +253,9 @@\n \t$('.search-box--small').attr('placeholder','Search');\n       \n     //Change placeholder\n     var $searchInput = $('#support-search-input');\n-\tvar $familySite = $('#family-site')\n+\tvar $familySite = $('#family-site');\n \n     switch($portalLanguage){\n       case 'ko':\n         $searchInput.attr('placeholder','검색');\n"
                },
                {
                    "date": 1650878334790,
                    "content": "Index: \n===================================================================\n--- \n+++ \n@@ -84,9 +84,9 @@\n \n \t  $(\"[data-toggle-menu]\").click(function() {\n \t    $(this).toggleClass(BT_SETTINGS.css.activeClass);\n \t    $(\"[data-menu]\").toggle();\n-\t\t\t$('.topbar__nav').toggleClass('topbar__nav--filled');\n+\t    $('.topbar__nav').toggleClass('topbar__nav--filled');\n \t  });\n \n \t  $(\".image-with-lightbox\").magnificPopup({\n \t    type: \"image\",\n"
                },
                {
                    "date": 1650952913676,
                    "content": "Index: \n===================================================================\n--- \n+++ \n@@ -250,8 +250,10 @@\n \t$('.new-ticket-title').text('Submit a request');\n \t$('.add_attachment').text('Browser');\n \t$('#support-search-input').attr('placeholder','Search');\n \t$('.search-box--small').attr('placeholder','Search');\n+\n+\t$('#ticket-sub-toolbar #ticket-sort .dropdown-menu ').append('.dropdown-toggle help-text');\n       \n     //Change placeholder\n     var $searchInput = $('#support-search-input');\n \tvar $familySite = $('#family-site');\n"
                },
                {
                    "date": 1650953484306,
                    "content": "Index: \n===================================================================\n--- \n+++ \n@@ -251,9 +251,9 @@\n \t$('.add_attachment').text('Browser');\n \t$('#support-search-input').attr('placeholder','Search');\n \t$('.search-box--small').attr('placeholder','Search');\n \n-\t$('#ticket-sub-toolbar #ticket-sort .dropdown-menu ').append('.dropdown-toggle help-text');\n+\t$('#ticket-sub-toolbar #ticket-sort .dropdown-menu ').append('#ticket-sub-toolbar #ticket-sort .dropdown-toggle help-text');\n       \n     //Change placeholder\n     var $searchInput = $('#support-search-input');\n \tvar $familySite = $('#family-site');\n"
                },
                {
                    "date": 1650953856673,
                    "content": "Index: \n===================================================================\n--- \n+++ \n@@ -251,9 +251,8 @@\n \t$('.add_attachment').text('Browser');\n \t$('#support-search-input').attr('placeholder','Search');\n \t$('.search-box--small').attr('placeholder','Search');\n \n-\t$('#ticket-sub-toolbar #ticket-sort .dropdown-menu ').append('#ticket-sub-toolbar #ticket-sort .dropdown-toggle help-text');\n       \n     //Change placeholder\n     var $searchInput = $('#support-search-input');\n \tvar $familySite = $('#family-site');\n"
                },
                {
                    "date": 1651020256320,
                    "content": "Index: \n===================================================================\n--- \n+++ \n@@ -255,21 +255,25 @@\n       \n     //Change placeholder\n     var $searchInput = $('#support-search-input');\n \tvar $familySite = $('#family-site');\n+    var $forum = $('#forum');\n \n     switch($portalLanguage){\n       case 'ko':\n         $searchInput.attr('placeholder','검색');\n \t\t$familySite.text('패밀리사이트');\n+        $forum.hide();\n         break;\n       case 'ja-JP':\n         $searchInput.attr('placeholder','検索');\n \t\t$familySite.text('ファミリーサイト');\n+        $forum.hide();\n         break;\n       case 'zh-CN':\n         $searchInput.attr('placeholder','搜索');\n \t\t$familySite.text('家庭网站');\n+        $forum.hide();\n         break;\n       default:\n         $searchInput.attr('placeholder','Search');\n \t\t$familySite.text('Family Site');\n"
                }
            ],
            "date": 1646373387356,
            "name": "Commit-0",
            "content": "{% assign freshservice_enabled = false %}\n\n<!-- Notification Messages -->\n{{ page_message }}\n<div class=\"layout {% if portal.user.id %}layout--logged-in{% else %}layout--anonymous{% endif %}\">\n  <div class=\"layout__head\">\n  \t{{ header }}\n  </div>\n\t<div\n\t\tclass=\"\n\t\t\tlayout__content\n      {% if portal.current_page == 'portal_home' %}layout__content--homepage{% endif %}\n      {% if portal.current_page == 'search' %}layout__content--search{% endif %}\n\t\t\t{% if portal.current_page == 'solution_home' %}layout__content--solutions{% endif %}\n      \"\n      data-page=\"{{portal.current_page}}\">\n\n      {% if portal.current_page == 'profile_edit' %}\n      <div class=\"bt-container\">\n        <div class=\"bt-container-inner\">\n          <div class=\"clearfix\" id=\"profile-edit\">\n      {% endif %}\n\n      {{ content_for_layout }}\n\n      {% if portal.current_page == 'profile_edit' %}\n          </div>\n        </div>\n      </div>\n      {% endif %}\n  </div>\n  <ul id=\"top-link\">\n    <li><i class=\"fa fa-arrow-circle-o-up\" aria-hidden=\"true\"></i></li>\n  </ul>\n  \n\n  <div class=\"layout__footer\">\n\t\t{{ footer }}\n  </div>\n</div>\n<script>\n  (function($) {\n     $(window).scroll(function() {\n  if($(this).scrollTop() != 0) {\n   $('#top-link').fadeIn(); \n  } else {\n   $('#top-link').fadeOut();\n  }\n });\n \n $('#top-link').click(function() {\n  $('body,html').animate({scrollTop:0},10);\n }); \n  })(jQuery);\n</script> \n<script src=\"//cdn.jsdelivr.net/jquery.magnific-popup/1.0.0/jquery.magnific-popup.min.js\"></script>\n<script src=\"//cdn.jsdelivr.net/highlight.js/9.10.0/highlight.min.js\"></script>\n\n<script>\n\t(function($) {\n\t\thljs.initHighlightingOnLoad();\n\n\t\tvar BT_SETTINGS = {\n\t\t  css: {\n\t\t    activeClass: \"is-active\",\n\t\t    hiddenClass: \"is-hidden\",\n\t\t    visibleClass: \"is-visible\"\n\t\t  }\n\t\t};\n\n\t\tvar Utils = {\n\t\t  isHomepage: function() {\n\t\t    return $(\"[data-home-page]\").length > 0;\n\t\t  }\n\t\t};\n\n\t  var $topbar = $(\"[data-topbar]\");\n\t  var $heroUnit = $(\"[data-hero-unit]\");\n\t  var $topSearchBar = $(\".topbar__search .hc-search-form\");\n\t  var $topSearchBarQuery = $topSearchBar.find(\"input.special\");\n\t  var $topSearchBarBtn = $(\".topbar__btn-search\");\n\n\t  $topbar.removeClass(BT_SETTINGS.css.hiddenClass);\n\n\t  $(\"[data-toggle-menu]\").click(function() {\n\t    $(this).toggleClass(BT_SETTINGS.css.activeClass);\n\t    $(\"[data-menu]\").toggle();\n\t\t\t$('.topbar__nav').toggleClass('topbar__nav--filled');\n\t  });\n\n\t  $(\".image-with-lightbox\").magnificPopup({\n\t    type: \"image\",\n\t    closeOnContentClick: true,\n\t    closeBtnInside: false,\n\t    fixedContentPos: true,\n\t    mainClass: \"mfp-with-zoom\", // class to remove default margin from left and right side\n\t    image: {\n\t      verticalFit: true\n\t    },\n\t    zoom: {\n\t      enabled: true,\n\t      duration: 300 // don't foget to change the duration also in CSS\n\t    }\n\t  });\n\n\t  $(\".image-with-video-icon\").magnificPopup({\n\t    disableOn: 700,\n\t    type: \"iframe\",\n\t    mainClass: \"mfp-fade\",\n\t    removalDelay: 160,\n\t    preloader: false,\n\t    fixedContentPos: false\n\t  });\n\n\t  $(\".accordion__item-title\").on(\"click\", function() {\n\t    var $title = $(this);\n\t    $title.toggleClass(\"accordion__item-title--active\");\n\t    $title\n\t      .parents(\".accordion__item\")\n\t      .find(\".accordion__item-content\")\n\t      .slideToggle();\n\t  });\n\n\t  $(\".tabs-link\").click(function(e) {\n\t    e.preventDefault();\n\t    var $link = $(this);\n\t    var tabIndex = $link.index();\n\t    var $tab = $link.parents(\".tabs\").find(\".tab\").eq(tabIndex);\n\t    $link\n\t      .addClass(BT_SETTINGS.css.activeClass)\n\t      .siblings()\n\t      .removeClass(BT_SETTINGS.css.activeClass);\n\t    $tab\n\t      .removeClass(BT_SETTINGS.css.hiddenClass)\n\t      .siblings(\".tab\")\n\t      .addClass(BT_SETTINGS.css.hiddenClass);\n\t  });\n\n\t  $topSearchBarBtn.click(function() {\n\t    $(this).addClass(BT_SETTINGS.css.hiddenClass);\n\t    $topSearchBar.addClass(BT_SETTINGS.css.visibleClass);\n\t    $topSearchBarQuery.focus();\n\t  });\n\n\t  $(document).mouseup(function(e) {\n\t    if (!$topSearchBarQuery.is(e.target)) {\n\t      $topSearchBar.removeClass(BT_SETTINGS.css.visibleClass);\n\t      $topSearchBarBtn.removeClass(BT_SETTINGS.css.hiddenClass);\n\t    }\n\t  });\n\n\t  // Fix animated icons\n\t  $(\".fa-spin\").empty();\n\n\t\t$(window).on('scroll resize', function() {\n\t\t\tvar scrolled = $(window).scrollTop();\n\t\t\tvar $topbarNav = $('.topbar__nav');\n\t\t\tif (scrolled > $topbarNav.outerHeight()) {\n\t\t\t\t$topbarNav.addClass('topbar__nav--white');\n\t\t\t} else {\n\t\t\t\t$topbarNav.removeClass('topbar__nav--white');\n\t\t\t}\n\t\t});\n\n\t  $('.topbar__search input.special').attr('placeholder', 'Search');\n\n\t\t$('<div />', {\n\t\t\tclass:'sidebar-overlay'\n\t\t}).appendTo('body');\n\n\t\t$(document).on('click', '.js-sidenav-category-link', function (e) {\n\t\t\te.preventDefault();\n\t\t\tvar $categoryItem = $(this).parents('.sidenav-category');\n\t\t\t$categoryItem.toggleClass('is-active').siblings().removeClass('is-active');\n\t\t});\n\n\t\t$(document).on('click', '.js-sidenav-section-link', function (e) {\n\t\t\te.preventDefault();\n\t\t\tvar $categoryItem = $(this).parents('.sidenav-section');\n\t\t\t$categoryItem.toggleClass('is-active').siblings().removeClass('is-active');\n\t\t});\n\n\t\tvar $sidebarToggle = $(\".js-sidebar-toggle, .sidebar-overlay\");\n\n\t\t$sidebarToggle.on(\"click\", function() {\n\t\t\t$(\"body\").toggleClass(\"sidenav-open\");\n\t\t\t$(\".side-nav\").toggleClass(\"show\");\n\t\t\t$(\".sidebar-overlay\").toggleClass(\"active\");\n\t\t});\n\n\t\tvar $currentArticle = $('.sidenav-article.is-active');\n\n      var $currentArticlePrev = $currentArticle.prev();\n      var $currentArticleNext = $currentArticle.next();\n      var $prevNextWrapper = $('.prevnext');\n\n      if($currentArticlePrev.length > 0) {\n        var $prevLink = $currentArticlePrev.find('a');\n        var prevLinkURL = $prevLink.attr('href');\n        var prevLinkTitle = $prevLink.text();\n        var prevEl = \"<div class=\\\"prevnext__block prevnext__block--prev\\\">\";\n        \tprevEl += \"<a href=\\\"\" + prevLinkURL + \"\\\" class=\\\"btn btn-primary prevnext__link\\\">\";\n        \tprevEl += \"<i class=\\\"prevnext__arrow-left fa fa-angle-left\\\" aria-hidden=\\\"true\\\"></i>Prev</a>\";\n        \tprevEl += \"<span class=\\\"prevnext__title\\\">\" + prevLinkTitle + \"</span>\";\n        \tprevEl += '</div>';\n\n        $prevNextWrapper.prepend(prevEl);\n      }\n\n      if($currentArticleNext.length > 0) {\n        var $nextLink = $currentArticleNext.find('a');\n        var nextLinkURL = $nextLink.attr('href');\n        var nextLinkTitle = $nextLink.text();\n        var nextEl = \"<div class=\\\"prevnext__block prevnext__block--next\\\">\";\n        \tnextEl += \"<span class=\\\"prevnext__title\\\">\" + nextLinkTitle + \"</span>\";\n        \tnextEl += \"<a href=\\\"\" + nextLinkURL + \"\\\" class=\\\"btn btn-primary prevnext__link\\\">Next\";\n        \tnextEl += \"<i class=\\\"prevnext__arrow-right fa fa-angle-right\\\" aria-hidden=\\\"true\\\"></i></a>\";\n        \tnextEl += '</div>';\n\n        $prevNextWrapper.append(nextEl);\n      }\n\n      hljs.initHighlightingOnLoad();\n\n\t  var $alert = $('.bt-alert');\n\n\t$alert.each(function() {\n\tvar $this = $(this);\n\tvar thisId = $this.attr('id');\n\tvar lsAlertStatus = localStorage.getItem(thisId);\n\n\tif (lsAlertStatus == 'hidden')  {\n\t\t$this.remove();\n\t}\n\t});\n\n\tvar $alertCloseButton = $('.bt-alert__icon--close');\n\n\t$alertCloseButton.on('click', function() {\n\t\tvar $this = $(this);\n\tvar $thisAlert = $this.parents('.bt-alert');\n\n\t$thisAlert.hide();\n\tlocalStorage.setItem($thisAlert.attr('id'), 'hidden');\n\t});\n      \n    $('.hide-in-mobile').text('Search');\n    $('.intro-title').text('Kohyoung Knowledge Base');\n    $('a.topbar__link:eq(1)').text('Submit Ticket');\n\t$('.add_attachment').text('Browser');\n\t$('#support-search-input').attr('placeholder','Search');\n\n\t/**\n * Table of contents for articles v1.8.5\n *\n * Copyright (c) 2014-2021 Lotus Themes\n * https://www.lotusthemes.com\n */\n\n!function(){\"use strict\";var a=window.jQuery||window.$,h=\"lt-toc_is-fixed\",c=\"lt-toc_is-bottom\",o=\"lt-toc_is-desktop\",n=\"lt-toc_is-mobile\",r=\"is-active\";function l(t,i){for(var e=0;e<i.length;e++){var s=i[e];s.enumerable=s.enumerable||!1,s.configurable=!0,\"value\"in s&&(s.writable=!0),Object.defineProperty(t,s.key,s)}}var d={articleBody:\"[data-article]\",headers:\"h1, h2, h3, h4, h5\",title:\"Table of contents\",offsetTop:40,takeElHeight:null,animationDuration:500,showEmptyBlock:!1,isFixed:!0,changeUrl:!0,mobileBreakpoint:767,showMobile:!0,labels:\"\",showIfLabel:\"\",hideIfLabel:\"\"},f=function(){function s(t,i,e){!function(t,i){if(!(t instanceof i))throw new TypeError(\"Cannot call a class as a function\")}(this,s),this.i=t,this.options=a.extend({},d,e),this.$document=a(document),this.$window=a(window),this.$element=i,this.$article=a(this.options.articleBody),this.$takeEl=this.options.takeElHeight?a(this.options.takeElHeight):null,this.links=[],this.isMobile=!1,this.destroyed=!1,this.$article.length&&(this.options.showIfLabel||this.options.hideIfLabel||this.init(),this.options.showIfLabel&&this.options.labels.includes(this.options.showIfLabel)&&this.init(),this.options.hideIfLabel&&!this.options.labels.includes(this.options.hideIfLabel)&&this.init())}var t,i,e;return t=s,(i=[{key:\"init\",value:function(){this.$headers=this.$article.find(this.options.headers),(this.$headers.length||this.options.showEmptyBlock)&&(this.headers(),(this.links.length||this.options.showEmptyBlock)&&(this.createTableOfContents(),this.handlers()))}},{key:\"headers\",value:function(){var s=this;this.$headers=this.$headers.filter(function(t,i){var e=a(i),i=e.attr(\"id\")||\"\".concat(s.titleToAnchor(e.text()),\"-\").concat(s.i,\"-\").concat(t),t=e.text().trim();return!!t.match(/[\\S]+/)&&(e.attr(\"id\",i),s.links.push({title:t,id:i,className:s.getClassName(e)}),!0)})}},{key:\"createTableOfContents\",value:function(){this.$article.css(\"position\",\"relative\"),this.$element.html('\\n      <div class=\"lt-toc\">\\n        <div class=\"lt-toc--container\">\\n          '.concat(this.options.title?'<h4 class=\"lt-toc--title\">'.concat(this.options.title,\"</h4>\"):\"\",'\\n          <div class=\"lt-toc--current\">').concat(this.links[0]?this.links[0].title:\"\",'</div>\\n          <ul class=\"lt-toc--list\">\\n          ').concat(this.links.map(function(t){return'\\n            <li class=\"lt-toc--item '.concat(t.className?\"lt-toc--item-\"+t.className:\"\",'\">\\n              <a href=\"#').concat(t.id,'\" class=\"lt-toc--link\"><span>').concat(t.title,\"</span></a>\\n            </li>\\n          \")}).join(\"\"),\"\\n        </ul>\\n        </div>\\n      </div>\\n    \")),this.options.mobileBreakpoint&&this.options.showMobile&&(this.$mobileStart=a('<div class=\"lt-toc-mobile lt-toc-mobile_start\"></div>'),this.$article.prepend(this.$mobileStart[0]),this.options.isFixed&&(this.$mobileEnd=a('<div class=\"lt-toc-mobile lt-toc-mobile_end\"></div>'),this.$article.append(this.$mobileEnd[0]))),this.$toc=this.$element.find(\".lt-toc\"),this.$container=this.$element.find(\".lt-toc--container\"),this.$title=this.$element.find(\".lt-toc--title\"),this.$current=this.$element.find(\".lt-toc--current\"),this.$list=this.$element.find(\".lt-toc--list\"),this.$links=this.$element.find(\".lt-toc--link\")}},{key:\"handlers\",value:function(){window.location.hash&&this.scrollToActiveHeader(window.location.hash),this.handleWindowScroll(),this.handleWindowResize(),this.$links.on(\"click.lt.toc\",this.handleClickToLink.bind(this)),this.$current.on(\"click.lt.toc\",this.handleOpenMobileMenu.bind(this)),this.$window.on(\"resize.lt.toc\",this.handleWindowResize.bind(this)),this.$window.on(\"scroll.lt.toc resize.lt.toc\",this.handleWindowScroll.bind(this))}},{key:\"titleToAnchor\",value:function(t){return t.trim().toLowerCase().replace(/[^a-zA-Z0-9]/g,\" \").replace(/[\\s]+/g,\"-\")}},{key:\"changeListHeight\",value:function(){var t=this.isMobile?this.$current.outerHeight():this.$title[0]?this.$title.outerHeight()+12:0,t=this.options.offsetTop+t+20;this.$list.css(\"max-height\",window.innerHeight-t)}},{key:\"getClassName\",value:function(t){var i=this,e=t.attr(\"class\"),e=e?e.split(/\\s+/):[];e.push(t[0].localName);var s=\"\";return e.forEach(function(t){if(-1!==i.options.headers.indexOf(t))return s=t,!1}),s}},{key:\"scrollToActiveHeader\",value:function(e){var t,i,s=this.$takeEl?this.$takeEl.innerHeight():0,o=[];this.$headers.each(function(t,i){i.getAttribute(\"id\")===e.replace(\"#\",\"\")&&(o=a(i))}),o.length&&(o.parents(\".accordion__item\").length&&((i=o.parents(\".accordion__item\").find(\".accordion__item-title\")).hasClass(\"accordion__item-title--active\")||(i.trigger(\"click\"),a(window).trigger(\"resize\"))),o.parents(\".tabs\").length&&(t=o.parents(\".tab\"),i=o.parents(\".tabs\").find(\".tabs-menu\").find(\".tabs-link\").eq(t.index()-1),t.hasClass(\"is-hidden\")&&(i.trigger(\"click\"),a(window).trigger(\"resize\"))),s=o.offset().top-s-this.options.offsetTop-(this.isMobile?this.$mobileStart.outerHeight(!0):0),a(\"body,html\").animate({scrollTop:s},this.options.animationDuration))}},{key:\"fixedBox\",value:function(){var t,i,e,s,o,n,l;this.isMobile&&!this.options.showMobile||(t=(this.isMobile&&this.$mobileEnd?this.$mobileEnd:this.$toc).innerWidth(),i=(this.isMobile&&this.$mobileEnd?this.$mobileEnd:this.$container).innerHeight(),e=this.$takeEl?this.$takeEl.innerHeight():0,s=this.$document.scrollTop(),o=(this.isMobile?this.$mobileStart:this.$toc).offset().top-this.options.offsetTop-e,n=this.$article.offset().top+this.$article.innerHeight(),l=s+this.options.offsetTop+i+e,o<=s&&l<n?(this.$toc.removeClass(c).addClass(h),this.$container.css({position:\"fixed\",top:this.options.offsetTop+e,width:t})):s<o?(this.$toc.removeClass(h+\" \"+c),this.$container.removeAttr(\"style\")):n<=l&&(this.$toc.removeClass(h).addClass(c),this.$container.css({position:\"absolute\",top:n-i-this.$toc.offset().top,width:t})))}},{key:\"changeActiveMenuItem\",value:function(){if(!this.isMobile||this.options.showMobile){for(var t,i,e,s=this.$takeEl?this.$takeEl.innerHeight():0,o=!1,n=!1,l=null,h=0;h<this.$headers.length;h++)n||((t=a(this.$headers[h])).offset().top<=this.$document.scrollTop()+parseInt(this.options.offsetTop||0)+1+s+(this.isMobile?this.$mobileStart.outerHeight(!0):0)?l=t:n=!0);l||(o=!0,l=this.$headers.eq(0)),l&&(i=l.attr(\"id\"),(e=this.$links.filter('[href=\"#'.concat(i,'\"]'))).hasClass(r)||(this.$links.removeClass(r),e.addClass(r),this.$current.text(e.text()),!o&&this.options.changeUrl&&history.pushState(null,null,\"#\"+i)))}}},{key:\"switchToDesktopVersion\",value:function(){this.$toc.hasClass(o)||(this.isMobile=!1,this.options.showMobile&&(this.$mobileStart.removeClass(r),this.options.isFixed&&this.$mobileEnd.removeClass(r)),this.$toc.removeAttr(\"style\").removeClass(n).addClass(o),this.options.showMobile||(this.$toc.css({display:\"block\"}),this.handleWindowScroll()))}},{key:\"switchToMobileVersion\",value:function(){var t,i,e;this.$toc.hasClass(n)||(this.isMobile=!0,this.$toc.removeClass(o).addClass(n),this.options.showMobile&&(this.$mobileStart.addClass(r),this.options.isFixed&&this.$mobileEnd.addClass(r))),this.options.showMobile?(t=this.$mobileStart.offset().top,i=this.$mobileStart.offset().left,e=this.$mobileStart.innerWidth(),this.$toc.css({position:\"absolute\",top:t,left:i,width:e})):this.$toc.css({display:\"none\"})}},{key:\"handleClickToLink\",value:function(t){t.preventDefault();t=a(t.currentTarget).attr(\"href\");this.$container.hasClass(r)&&(this.$container.removeClass(r),this.$list.slideUp(300)),this.scrollToActiveHeader(t)}},{key:\"handleOpenMobileMenu\",value:function(t){t.preventDefault(),this.$container.toggleClass(r),this.$list.slideToggle(300)}},{key:\"handleWindowScroll\",value:function(){this.options.isFixed&&this.fixedBox(),this.changeActiveMenuItem()}},{key:\"handleWindowResize\",value:function(){this.options.mobileBreakpoint&&(window.innerWidth>this.options.mobileBreakpoint?this.switchToDesktopVersion():this.switchToMobileVersion()),this.changeListHeight()}},{key:\"create\",value:function(t){this.destroyed||this.destroy();var i=this.$element.attr(\"id\")||this.i;window.LS.extensions.toc[i]=new s(this.i,this.$element,t||this.$element.data(\"toc\")||{})}},{key:\"update\",value:function(){this.handleWindowResize(),this.handleWindowScroll()}},{key:\"destroy\",value:function(){this.$links&&this.$links.off(\"click.lt.toc\"),this.$current&&this.$current.off(\"click.lt.toc\"),this.$window.off(\"scroll.lt.toc resize.lt.toc\"),this.$element.html(\"\"),this.destroyed=!0}}])&&l(t.prototype,i),e&&l(t,e),s}();function u(t,i){Object.defineProperty(t,i,{value:{},enumerable:!0})}window.Toc=f,a(window).on(\"load\",function(){a(\"[data-toc]\").each(function(t,i){var e=a(i),s=e.data(\"toc\")||{},i=e.attr(\"id\")||t;(!s.showIfLabel&&!s.hideIfLabel||s.showIfLabel&&s.labels.includes(s.showIfLabel)||s.hideIfLabel&&!s.labels.includes(s.hideIfLabel))&&(t||a(\"html\").addClass(\"toc-enabled\"),window.LS||u(window,\"LS\"),window.LS.extensions||u(window.LS,\"extensions\"),window.LS.extensions.toc||u(window.LS.extensions,\"toc\"),window.LS.extensions.toc[i]=new f(t,e,s),a(window).trigger(\"resize\"))})})}();\n\n\tconst StatusWidget=function(){function n(t){return e=`${t}/api/v2/summary.json`,t=JSON.parse(JSON.stringify({credentials:\"same-origin\",headers:{\"X-Requested-With\":\"XMLHttpRequest\",\"Content-Type\":\"application/json;\"}})),fetch(e,t).then(function(t){if(!t.ok)throw t;return t.json()});var e}return{render:function(){[...document.querySelectorAll(\".js-status-widget\")].forEach(function(e){var t=e.href;t&&n(t).then(function(t){return t}).then(t=>{e.innerHTML=`<div class=\"lt-status-widget-container\">\n              <div class=\"lt-status-widget__indicator lt-status-widget__indicator--${t.status.indicator}\"></div>\n              <div class=\"lt-status-widget__indicator__text\">${t.status.description}</div>\n            </div>`,e.classList.remove(\"lt-d-none\")})})}}}();StatusWidget.render();\n\n\t\t\tvar $topbar = $('[data-topbar]');\n\tvar $topbarButtons = $topbar.find('[data-topbar-controls]');\n      var topbarButtonsHTML = $topbarButtons.html();\n      $topbarButtons.html(topbarButtonsHTML.replace(' | ', '').replace(' - ', '').replace('&nbsp;', ''));\n\n\n\t})(jQuery);\n</script>\n<style>\n  #top-link {position: fixed; bottom: 0px; right: 1%; cursor: pointer; z-index: 3; margin: 0;}\n  #top-link li {font-size: 50px; list-style: none; color: #93c450;} \n  @media (max-width: 45em) {\n\t#top-link {right: 2%;}\n    #top-link li {font-size: 30px;}\n  }\n</style>\n"
        }
    ]
}