{
    "sourceFile": "templates/12-solutions-category-home.html",
    "activeCommit": 0,
    "commits": [
        {
            "activePatchIndex": 4,
            "patches": [
                {
                    "date": 1646373522038,
                    "content": "Index: \n===================================================================\n--- \n+++ \n"
                },
                {
                    "date": 1649728172411,
                    "content": "Index: \n===================================================================\n--- \n+++ \n@@ -2,9 +2,9 @@\n   <div class=\"bt-container-inner\">\n     <div class=\"category-page\">\n       <div class=\"row clearfix\">\n         <div class=\"column column--sm-8\">\n-          <ol class=\"breadcrumbs\">\n+          <ol class=\"breadcrumbs category-bc\">\n             <li>\n               <a href=\"{{portal.home_url}}\">{% translate header.tabs.home %}</a>\n             </li>\n             <li title=\"{% translate portal.solutions_home %}\">\n@@ -53,5 +53,25 @@\n         {% endfor %}\n       </div>\n     </div>\n   </div>\n-</div>\n\\ No newline at end of file\n+</div>\n+<style>\n+  /* Add Jin 0308 솔루션 범주 홈 Search 아이콘 추가*/\n+  .search-box--small .hc-search-input:before {\n+    left: 10px;\n+    position: absolute;\n+    top: 50%;\n+    left: 10px;\n+    width: 24px;\n+    height: 24px;\n+    content: \"\";\n+    background: url(https://raw.githubusercontent.com/wedosoft/kohyoung/main/%EA%B3%A0%EC%98%81_%EC%9D%B4%EB%AF%B8%EC%A7%80/%EC%9D%B4%EB%AF%B8%EC%A7%80/kysearch-icon.png) no-repeat;\n+    background-size: cover;\n+    transform: translateY(-50%);\n+    margin: 1px 0 0 8px;\n+\t}\n+  .category-bc > li {font-size: 18px;}\n+  @media (max-width: 635px) {\n+    .category-bc > li {font-size: 16px;}\n+  }\n+</style>\n\\ No newline at end of file\n"
                },
                {
                    "date": 1649728786581,
                    "content": "Index: \n===================================================================\n--- \n+++ \n@@ -69,8 +69,9 @@\n     background-size: cover;\n     transform: translateY(-50%);\n     margin: 1px 0 0 8px;\n \t}\n+  /* Add Jin 솔루션 카테고리 홈 상단 리스트 크기 조정 */\n   .category-bc > li {font-size: 18px;}\n   @media (max-width: 635px) {\n     .category-bc > li {font-size: 16px;}\n   }\n"
                },
                {
                    "date": 1650000799070,
                    "content": "Index: \n===================================================================\n--- \n+++ \n@@ -9,11 +9,8 @@\n             </li>\n             <li title=\"{% translate portal.solutions_home %}\">\n               <a href=\"{{ portal.solutions_home_url }}\">{% translate portal.solutions_home %}</a>\n             </li>\n-            <li title=\"{{ category.name | h }}\">\n-              {{ category.name | h }}\n-            </li>\n           </ol>\n         </div>\n         <div class=\"column column--sm-4\">\n           <div class=\"search-box search-box--small\">\n@@ -22,9 +19,9 @@\n         </div>\n       </div>\n \n       <div class=\"header\">\n-        <h1 class=\"h2\">{{ category.name | h }}</h1>\n+        <h1 class=\"h2 s-c-title\">{{ category.name | h }}</h1>\n         {% if category.description %}\n         <p class=\"page-description\">{{ category.description }}</p>\n         {% endif %}\n       </div>\n@@ -74,5 +71,6 @@\n   .category-bc > li {font-size: 18px;}\n   @media (max-width: 635px) {\n     .category-bc > li {font-size: 16px;}\n   }\n+  .s-c-title {text-align: left;}\n </style>\n\\ No newline at end of file\n"
                },
                {
                    "date": 1650878674669,
                    "content": "Index: \n===================================================================\n--- \n+++ \n@@ -52,22 +52,8 @@\n     </div>\n   </div>\n </div>\n <style>\n-  /* Add Jin 0308 솔루션 범주 홈 Search 아이콘 추가*/\n-  .search-box--small .hc-search-input:before {\n-    left: 10px;\n-    position: absolute;\n-    top: 50%;\n-    left: 10px;\n-    width: 24px;\n-    height: 24px;\n-    content: \"\";\n-    background: url(https://raw.githubusercontent.com/wedosoft/kohyoung/main/%EA%B3%A0%EC%98%81_%EC%9D%B4%EB%AF%B8%EC%A7%80/%EC%9D%B4%EB%AF%B8%EC%A7%80/kysearch-icon.png) no-repeat;\n-    background-size: cover;\n-    transform: translateY(-50%);\n-    margin: 1px 0 0 8px;\n-\t}\n   /* Add Jin 솔루션 카테고리 홈 상단 리스트 크기 조정 */\n   .category-bc > li {font-size: 18px;}\n   @media (max-width: 635px) {\n     .category-bc > li {font-size: 16px;}\n"
                }
            ],
            "date": 1646373522038,
            "name": "Commit-0",
            "content": "<div class=\"bt-container\">\n  <div class=\"bt-container-inner\">\n    <div class=\"category-page\">\n      <div class=\"row clearfix\">\n        <div class=\"column column--sm-8\">\n          <ol class=\"breadcrumbs\">\n            <li>\n              <a href=\"{{portal.home_url}}\">{% translate header.tabs.home %}</a>\n            </li>\n            <li title=\"{% translate portal.solutions_home %}\">\n              <a href=\"{{ portal.solutions_home_url }}\">{% translate portal.solutions_home %}</a>\n            </li>\n            <li title=\"{{ category.name | h }}\">\n              {{ category.name | h }}\n            </li>\n          </ol>\n        </div>\n        <div class=\"column column--sm-4\">\n          <div class=\"search-box search-box--small\">\n            {% snippet search_form %}\n          </div>    \n        </div>\n      </div>\n\n      <div class=\"header\">\n        <h1 class=\"h2\">{{ category.name | h }}</h1>\n        {% if category.description %}\n        <p class=\"page-description\">{{ category.description }}</p>\n        {% endif %}\n      </div>\n      <div class=\"row folder-tree clearfix\">\n        {% for folder in category.folders %}\n          <section class=\"column column--sm-6 column--md-4 folder\">\n            <h3 class=\"folder__title\">\n              <a class=\"folder__title-link\" href=\"{{ folder.url}} \">{{ folder.name }}</a>\n            </h3>\n\n            {% if folder.articles_count > 0 %}\n              <ul class=\"articles\">\n                {% for article in folder.articles limit:5 %}\n                  <li class=\"articles__item\">\n                    <a class=\"articles__link\" href=\"{{ article.url }}\">{{ article.title | h }}</a>\n                  </li>\n                {% endfor %}\n              </ul>\n              {% if folder.articles.size > 5 %}\n                <a href=\"{{ folder.url }}\" class=\"btn btn-primary see-all-articles\">\n                  View all ({{folder.articles_count}})\n                </a>\n              {% endif %}\n            {% endif %}\n          </section>\n        {% endfor %}\n      </div>\n    </div>\n  </div>\n</div>"
        }
    ]
}