{
    "sourceFile": "templates/14-ticket-list.html",
    "activeCommit": 0,
    "commits": [
        {
            "activePatchIndex": 0,
            "patches": [
                {
                    "date": 1646373544543,
                    "content": "Index: \n===================================================================\n--- \n+++ \n"
                }
            ],
            "date": 1646373544543,
            "name": "Commit-0",
            "content": "<div class=\"bt-container\">\n\t<div class=\"bt-container-inner\">\n\t\t<div class=\"ticket-list-page\">\n    \n\t\t  {% if portal.facebook_portal %}\n\t\t  <a href=\"{{ portal.new_ticket_url }}\" class=\"btn btn-primary index_new_ticket\" id=\"new_support_ticket\">\n\t\t    {% translate facebook_tab.portal.new_ticket %}\n\t\t  </a>\n\t\t  {% endif %}\n\n\t\t  <div class=\"ticket-filter-container ticket-toolbar\" id=\"ticket-filter-container\">\n\t\t    {% snippet ticket_filters %}\n\n\t\t  </div>\n\n\t\t  {% snippet ticket_list %}\n\t\t</div>\n\t</div>\n</div>\n"
        }
    ]
}