{
    "sourceFile": "templates/18-topic-list.html",
    "activeCommit": 0,
    "commits": [
        {
            "activePatchIndex": 25,
            "patches": [
                {
                    "date": 1646373608344,
                    "content": "Index: \n===================================================================\n--- \n+++ \n"
                },
                {
                    "date": 1649666133768,
                    "content": "Index: \n===================================================================\n--- \n+++ \n@@ -10,50 +10,43 @@\n         </li>\n         <li>\n           <a href=\"{{forum.forum_category.url}}\">{{forum.forum_category.name | h}}</a>\n         </li>\n-      </ol>\n-      \n-      <h1 class=\"forum-title\">{{forum.name| h}}</h1>\n-      \n+      </ol>  \n+      <h1 class=\"forum-title\">{{forum.name| h}}</h1> \n       {% if forum.description.size > 0 %}\n         <p class=\"forum-desc\">\n           {{forum.description | h}}\n         </p>\n-      {% endif %}\n-      \n+      {% endif %}  \n       <p class=\"forum-buttons\">\n         {% if forum.type_name != 'announcement' %}\n           {{portal | link_to_start_topic}}\n         {% endif %}\n         {{forum | follow_forum_button}}\n-      </p>\n-      \n+      </p>  \n       <div class=\"forum-filters\">\n         {{forum | default_topic_filters}}\n-      </div>\n-      \n+      </div>  \n       {% paginate forum.topics by 10 %}\n         <ul class=\"forum-topics\">\n           {% for topic in paginate.collection %}\n             <li class=\"forum-topics__item {% if topic.sticky? %} forum-topics__item--sticky {% endif %}\">\n-  <a class=\"forum-topics__link\" title=\"{{topic.title | h}}\" href=\"{{topic.url}}\">\n-    {% if topic.sticky? %}\n-      <i class=\"fa fa-thumb-tack forum-topics__pin\" aria-hidden=\"true\"></i>\n-    {% endif %}\n-    {{topic.title | h}}\n+              <a class=\"forum-topics__link\" title=\"{{topic.title | h}}\" href=\"{{topic.url}}\">\n+                {% if topic.sticky? %}\n+                  <i class=\"fa fa-thumb-tack forum-topics__pin\" aria-hidden=\"true\"></i>\n+                {% endif %}\n+                {{topic.title | h}}\n \n-    <div class=\"forum-topics__labels\">\n-      {{ topic | topic_labels }}\n-    </div>\n-  </a>\n-  \n-  <div class=\"meta forum-topics__meta\">\n-    {{ topic | topic_info }}\n-  </div>\n-</li>\n-\n-          {% else %}\n+                <div class=\"forum-topics__labels\">\n+                  {{ topic | topic_labels }}\n+                </div>\n+              </a>\n+              <div class=\"meta forum-topics__meta\">\n+                {{ topic | topic_info }}\n+              </div>\n+            </li>\n+            {% else %}\n             <p>{% translate portal.no_topics_in_this_view %}</p>\n           {% endfor %}\n         </ul>\n         {{paginate | default_pagination}}\n"
                },
                {
                    "date": 1649667135362,
                    "content": "Index: \n===================================================================\n--- \n+++ \n@@ -29,23 +29,23 @@\n       </div>  \n       {% paginate forum.topics by 10 %}\n         <ul class=\"forum-topics\">\n           {% for topic in paginate.collection %}\n-            <li class=\"forum-topics__item {% if topic.sticky? %} forum-topics__item--sticky {% endif %}\">\n-              <a class=\"forum-topics__link\" title=\"{{topic.title | h}}\" href=\"{{topic.url}}\">\n-                {% if topic.sticky? %}\n-                  <i class=\"fa fa-thumb-tack forum-topics__pin\" aria-hidden=\"true\"></i>\n-                {% endif %}\n-                {{topic.title | h}}\n+              <li class=\"forum-topics__item {% if topic.sticky? %} forum-topics__item--sticky {% endif %}\">\n+                <a class=\"forum-topics__link\" title=\"{{topic.title | h}}\" href=\"{{topic.url}}\">\n+                  {% if topic.sticky? %}\n+                    <i class=\"fa fa-thumb-tack forum-topics__pin\" aria-hidden=\"true\"></i>\n+                  {% endif %}\n+                  {{topic.title | h}}\n \n-                <div class=\"forum-topics__labels\">\n-                  {{ topic | topic_labels }}\n+                  <div class=\"forum-topics__labels\">\n+                    {{ topic | topic_labels }}\n+                  </div>\n+                </a>\n+                <div class=\"meta forum-topics__meta\">\n+                  {{ topic | topic_info }}\n                 </div>\n-              </a>\n-              <div class=\"meta forum-topics__meta\">\n-                {{ topic | topic_info }}\n-              </div>\n-            </li>\n+              </li>\n             {% else %}\n             <p>{% translate portal.no_topics_in_this_view %}</p>\n           {% endfor %}\n         </ul>\n"
                },
                {
                    "date": 1649749901270,
                    "content": "Index: \n===================================================================\n--- \n+++ \n@@ -53,4 +53,15 @@\n       {% endpaginate %}\n     </div>\n   </div>\n </div>\n+<style>\n+  .forum-title {font-size: 30px;}\n+  .forum-buttons a:first-child { \n+    padding: 8px;\n+    border: 2px solid #276fd0;\n+    border-radius: 4px;\n+    display: inline-block;\n+    margin-bottom: 24px;\n+    margin-left: 16px;\n+  }\n+</style>\n\\ No newline at end of file\n"
                },
                {
                    "date": 1649750552974,
                    "content": "Index: \n===================================================================\n--- \n+++ \n@@ -61,7 +61,13 @@\n     border: 2px solid #276fd0;\n     border-radius: 4px;\n     display: inline-block;\n     margin-bottom: 24px;\n-    margin-left: 16px;\n   }\n+  @media (max-width: 435px) {\n+    .nav-pills>li>a {font-size: 14px;}\n+  }\n+  @media (max-width: 280px) {\n+    .forum-page .breadcrumbs li {font-size: 10px;}\n+    .nav-tabs>li, .nav-pills>li {float: none;}\n+  }\n </style>\n\\ No newline at end of file\n"
                },
                {
                    "date": 1649750588026,
                    "content": "Index: \n===================================================================\n--- \n+++ \n@@ -65,9 +65,9 @@\n   }\n   @media (max-width: 435px) {\n     .nav-pills>li>a {font-size: 14px;}\n   }\n-  @media (max-width: 280px) {\n+  @media (max-width: 375px) {\n     .forum-page .breadcrumbs li {font-size: 10px;}\n     .nav-tabs>li, .nav-pills>li {float: none;}\n   }\n </style>\n\\ No newline at end of file\n"
                },
                {
                    "date": 1649750646263,
                    "content": "Index: \n===================================================================\n--- \n+++ \n@@ -66,8 +66,11 @@\n   @media (max-width: 435px) {\n     .nav-pills>li>a {font-size: 14px;}\n   }\n   @media (max-width: 375px) {\n+    .nav-pills>li>a {font-size: 12px;}\n+  }\n+  @media (max-width: 280px) {\n     .forum-page .breadcrumbs li {font-size: 10px;}\n     .nav-tabs>li, .nav-pills>li {float: none;}\n   }\n </style>\n\\ No newline at end of file\n"
                },
                {
                    "date": 1649750687102,
                    "content": "Index: \n===================================================================\n--- \n+++ \n@@ -69,8 +69,8 @@\n   @media (max-width: 375px) {\n     .nav-pills>li>a {font-size: 12px;}\n   }\n   @media (max-width: 280px) {\n-    .forum-page .breadcrumbs li {font-size: 10px;}\n+    .forum-page .breadcrumbs li {font-size: 14px;}\n     .nav-tabs>li, .nav-pills>li {float: none;}\n   }\n </style>\n\\ No newline at end of file\n"
                },
                {
                    "date": 1649750734768,
                    "content": "Index: \n===================================================================\n--- \n+++ \n@@ -69,8 +69,9 @@\n   @media (max-width: 375px) {\n     .nav-pills>li>a {font-size: 12px;}\n   }\n   @media (max-width: 280px) {\n-    .forum-page .breadcrumbs li {font-size: 14px;}\n+    .forum-page .breadcrumbs li {font-size: 10px;}\n     .nav-tabs>li, .nav-pills>li {float: none;}\n+    .nav-pills>li>a {font-size: 14px;}\n   }\n </style>\n\\ No newline at end of file\n"
                },
                {
                    "date": 1649750887643,
                    "content": "Index: \n===================================================================\n--- \n+++ \n@@ -66,9 +66,9 @@\n   @media (max-width: 435px) {\n     .nav-pills>li>a {font-size: 14px;}\n   }\n   @media (max-width: 375px) {\n-    .nav-pills>li>a {font-size: 12px;}\n+    .nav-pills>li>a {font-size: 11px;}\n   }\n   @media (max-width: 280px) {\n     .forum-page .breadcrumbs li {font-size: 10px;}\n     .nav-tabs>li, .nav-pills>li {float: none;}\n"
                },
                {
                    "date": 1650249277921,
                    "content": "Index: \n===================================================================\n--- \n+++ \n@@ -57,9 +57,10 @@\n <style>\n   .forum-title {font-size: 30px;}\n   .forum-buttons a:first-child { \n     padding: 8px;\n-    border: 2px solid #276fd0;\n+    border-width: 2px;\n+    border-style: solid;\n     border-radius: 4px;\n     display: inline-block;\n     margin-bottom: 24px;\n   }\n"
                },
                {
                    "date": 1650249506695,
                    "content": "Index: \n===================================================================\n--- \n+++ \n@@ -56,9 +56,9 @@\n </div>\n <style>\n   .forum-title {font-size: 30px;}\n   .forum-buttons a:first-child { \n-    padding: 8px;\n+    padding: 8.9px 12px;\n     border-width: 2px;\n     border-style: solid;\n     border-radius: 4px;\n     display: inline-block;\n"
                },
                {
                    "date": 1650249542897,
                    "content": "Index: \n===================================================================\n--- \n+++ \n@@ -62,8 +62,10 @@\n     border-style: solid;\n     border-radius: 4px;\n     display: inline-block;\n     margin-bottom: 24px;\n+    font-size: 15px;\n+    font-family: \"Lato\", sans-serif;\n   }\n   @media (max-width: 435px) {\n     .nav-pills>li>a {font-size: 14px;}\n   }\n"
                },
                {
                    "date": 1650249730272,
                    "content": "Index: \n===================================================================\n--- \n+++ \n@@ -63,8 +63,9 @@\n     border-radius: 4px;\n     display: inline-block;\n     margin-bottom: 24px;\n     font-size: 15px;\n+    font-weight: 500 !important;\n     font-family: \"Lato\", sans-serif;\n   }\n   @media (max-width: 435px) {\n     .nav-pills>li>a {font-size: 14px;}\n"
                },
                {
                    "date": 1650250095134,
                    "content": "Index: \n===================================================================\n--- \n+++ \n@@ -55,8 +55,9 @@\n   </div>\n </div>\n <style>\n   .forum-title {font-size: 30px;}\n+  .btn-small {margin-top: -1.9px; line-height: 20.85px;}\n   .forum-buttons a:first-child { \n     padding: 8.9px 12px;\n     border-width: 2px;\n     border-style: solid;\n"
                },
                {
                    "date": 1650250638091,
                    "content": "Index: \n===================================================================\n--- \n+++ \n@@ -55,9 +55,9 @@\n   </div>\n </div>\n <style>\n   .forum-title {font-size: 30px;}\n-  .btn-small {margin-top: -1.9px; line-height: 20.85px;}\n+  .btn-small {margin-top: -2.5px; line-height: 20.8px;}\n   .forum-buttons a:first-child { \n     padding: 8.9px 12px;\n     border-width: 2px;\n     border-style: solid;\n"
                },
                {
                    "date": 1650250720182,
                    "content": "Index: \n===================================================================\n--- \n+++ \n@@ -64,9 +64,9 @@\n     border-radius: 4px;\n     display: inline-block;\n     margin-bottom: 24px;\n     font-size: 15px;\n-    font-weight: 500 !important;\n+    font-weight: 600 !important;\n     font-family: \"Lato\", sans-serif;\n   }\n   @media (max-width: 435px) {\n     .nav-pills>li>a {font-size: 14px;}\n"
                },
                {
                    "date": 1650250918754,
                    "content": "Index: \n===================================================================\n--- \n+++ \n@@ -67,8 +67,9 @@\n     font-size: 15px;\n     font-weight: 600 !important;\n     font-family: \"Lato\", sans-serif;\n   }\n+  .nav-pills>li>a {font-size: 15px;}\n   @media (max-width: 435px) {\n     .nav-pills>li>a {font-size: 14px;}\n   }\n   @media (max-width: 375px) {\n"
                },
                {
                    "date": 1650251531668,
                    "content": "Index: \n===================================================================\n--- \n+++ \n@@ -57,12 +57,15 @@\n <style>\n   .forum-title {font-size: 30px;}\n   .btn-small {margin-top: -2.5px; line-height: 20.8px;}\n   .forum-buttons a:first-child { \n+    background: #4673b4;\n+    color: white;\n     padding: 8.9px 12px;\n     border-width: 2px;\n     border-style: solid;\n     border-radius: 4px;\n+    border-color: #4673b4;\n     display: inline-block;\n     margin-bottom: 24px;\n     font-size: 15px;\n     font-weight: 600 !important;\n"
                },
                {
                    "date": 1650251618398,
                    "content": "Index: \n===================================================================\n--- \n+++ \n@@ -71,8 +71,17 @@\n     font-weight: 600 !important;\n     font-family: \"Lato\", sans-serif;\n   }\n   .nav-pills>li>a {font-size: 15px;}\n+  .nav-pills>li>a:hover {\n+    border-radius: 2px;\n+    background: none;\n+    border: solid 1px #ebeef0;\n+    -moz-box-shadow: none;\n+    -webkit-box-shadow: none;\n+    box-shadow: none;\n+    color: #222;\n+}\n   @media (max-width: 435px) {\n     .nav-pills>li>a {font-size: 14px;}\n   }\n   @media (max-width: 375px) {\n"
                },
                {
                    "date": 1650251655960,
                    "content": "Index: \n===================================================================\n--- \n+++ \n@@ -72,9 +72,9 @@\n     font-family: \"Lato\", sans-serif;\n   }\n   .nav-pills>li>a {font-size: 15px;}\n   .nav-pills>li>a:hover {\n-    border-radius: 2px;\n+    border-radius: 4px;\n     background: none;\n     border: solid 1px #ebeef0;\n     -moz-box-shadow: none;\n     -webkit-box-shadow: none;\n"
                },
                {
                    "date": 1650251868657,
                    "content": "Index: \n===================================================================\n--- \n+++ \n@@ -56,8 +56,14 @@\n </div>\n <style>\n   .forum-title {font-size: 30px;}\n   .btn-small {margin-top: -2.5px; line-height: 20.8px;}\n+  .btn.active, .btn:active {\n+    background-color: #4673b4;\n+    background-image: none;\n+    outline: 0;\n+    color: white;\n+  }\n   .forum-buttons a:first-child { \n     background: #4673b4;\n     color: white;\n     padding: 8.9px 12px;\n"
                },
                {
                    "date": 1650252372246,
                    "content": "Index: \n===================================================================\n--- \n+++ \n@@ -62,22 +62,8 @@\n     background-image: none;\n     outline: 0;\n     color: white;\n   }\n-  .forum-buttons a:first-child { \n-    background: #4673b4;\n-    color: white;\n-    padding: 8.9px 12px;\n-    border-width: 2px;\n-    border-style: solid;\n-    border-radius: 4px;\n-    border-color: #4673b4;\n-    display: inline-block;\n-    margin-bottom: 24px;\n-    font-size: 15px;\n-    font-weight: 600 !important;\n-    font-family: \"Lato\", sans-serif;\n-  }\n   .nav-pills>li>a {font-size: 15px;}\n   .nav-pills>li>a:hover {\n     border-radius: 4px;\n     background: none;\n"
                },
                {
                    "date": 1650252602287,
                    "content": "Index: \n===================================================================\n--- \n+++ \n@@ -62,8 +62,22 @@\n     background-image: none;\n     outline: 0;\n     color: white;\n   }\n+  .forum-buttons a:first-child { \n+    background: #4673b4;\n+    color: white;\n+    padding: 8.9px 12px;\n+    border-width: 2px;\n+    border-style: solid;\n+    border-radius: 4px;\n+    border-color: #4673b4;\n+    display: inline-block;\n+    margin-bottom: 24px;\n+    font-size: 15px;\n+    font-weight: 600 !important;\n+    font-family: \"Lato\", sans-serif;\n+  }\n   .nav-pills>li>a {font-size: 15px;}\n   .nav-pills>li>a:hover {\n     border-radius: 4px;\n     background: none;\n"
                },
                {
                    "date": 1650259843797,
                    "content": "Index: \n===================================================================\n--- \n+++ \n@@ -76,8 +76,9 @@\n     font-size: 15px;\n     font-weight: 600 !important;\n     font-family: \"Lato\", sans-serif;\n   }\n+  .forum-buttons a:first-child:hover {background-color: #3b5998; border: 2px solid #3b5998;}\n   .nav-pills>li>a {font-size: 15px;}\n   .nav-pills>li>a:hover {\n     border-radius: 4px;\n     background: none;\n"
                },
                {
                    "date": 1650259903318,
                    "content": "Index: \n===================================================================\n--- \n+++ \n@@ -54,49 +54,6 @@\n     </div>\n   </div>\n </div>\n <style>\n-  .forum-title {font-size: 30px;}\n-  .btn-small {margin-top: -2.5px; line-height: 20.8px;}\n-  .btn.active, .btn:active {\n-    background-color: #4673b4;\n-    background-image: none;\n-    outline: 0;\n-    color: white;\n-  }\n-  .forum-buttons a:first-child { \n-    background: #4673b4;\n-    color: white;\n-    padding: 8.9px 12px;\n-    border-width: 2px;\n-    border-style: solid;\n-    border-radius: 4px;\n-    border-color: #4673b4;\n-    display: inline-block;\n-    margin-bottom: 24px;\n-    font-size: 15px;\n-    font-weight: 600 !important;\n-    font-family: \"Lato\", sans-serif;\n-  }\n-  .forum-buttons a:first-child:hover {background-color: #3b5998; border: 2px solid #3b5998;}\n-  .nav-pills>li>a {font-size: 15px;}\n-  .nav-pills>li>a:hover {\n-    border-radius: 4px;\n-    background: none;\n-    border: solid 1px #ebeef0;\n-    -moz-box-shadow: none;\n-    -webkit-box-shadow: none;\n-    box-shadow: none;\n-    color: #222;\n-}\n-  @media (max-width: 435px) {\n-    .nav-pills>li>a {font-size: 14px;}\n-  }\n-  @media (max-width: 375px) {\n-    .nav-pills>li>a {font-size: 11px;}\n-  }\n-  @media (max-width: 280px) {\n-    .forum-page .breadcrumbs li {font-size: 10px;}\n-    .nav-tabs>li, .nav-pills>li {float: none;}\n-    .nav-pills>li>a {font-size: 14px;}\n-  }\n+ \n </style>\n\\ No newline at end of file\n"
                }
            ],
            "date": 1646373608344,
            "name": "Commit-0",
            "content": "<div class=\"bt-container\">\n  <div class=\"bt-container-inner\">\n    <div class=\"forum-page\" id=\"forum-{{forum.id}}\">\n      <ol class=\"breadcrumbs\">\n        <li>\n          <a href=\"{{portal.home_url}}\">{% translate header.tabs.home %}</a>\n        </li>\n        <li title=\"{% translate portal.community_forums %}\">\n          <a href=\"{{portal.discussions_home_url}}\">{% translate portal.community_forums %}</a>\n        </li>\n        <li>\n          <a href=\"{{forum.forum_category.url}}\">{{forum.forum_category.name | h}}</a>\n        </li>\n      </ol>\n      \n      <h1 class=\"forum-title\">{{forum.name| h}}</h1>\n      \n      {% if forum.description.size > 0 %}\n        <p class=\"forum-desc\">\n          {{forum.description | h}}\n        </p>\n      {% endif %}\n      \n      <p class=\"forum-buttons\">\n        {% if forum.type_name != 'announcement' %}\n          {{portal | link_to_start_topic}}\n        {% endif %}\n        {{forum | follow_forum_button}}\n      </p>\n      \n      <div class=\"forum-filters\">\n        {{forum | default_topic_filters}}\n      </div>\n      \n      {% paginate forum.topics by 10 %}\n        <ul class=\"forum-topics\">\n          {% for topic in paginate.collection %}\n            <li class=\"forum-topics__item {% if topic.sticky? %} forum-topics__item--sticky {% endif %}\">\n  <a class=\"forum-topics__link\" title=\"{{topic.title | h}}\" href=\"{{topic.url}}\">\n    {% if topic.sticky? %}\n      <i class=\"fa fa-thumb-tack forum-topics__pin\" aria-hidden=\"true\"></i>\n    {% endif %}\n    {{topic.title | h}}\n\n    <div class=\"forum-topics__labels\">\n      {{ topic | topic_labels }}\n    </div>\n  </a>\n  \n  <div class=\"meta forum-topics__meta\">\n    {{ topic | topic_info }}\n  </div>\n</li>\n\n          {% else %}\n            <p>{% translate portal.no_topics_in_this_view %}</p>\n          {% endfor %}\n        </ul>\n        {{paginate | default_pagination}}\n      {% endpaginate %}\n    </div>\n  </div>\n</div>\n"
        }
    ]
}