{
    "sourceFile": "templates/21-new-topic.html",
    "activeCommit": 0,
    "commits": [
        {
            "activePatchIndex": 4,
            "patches": [
                {
                    "date": 1649666465275,
                    "content": "Index: \n===================================================================\n--- \n+++ \n"
                },
                {
                    "date": 1649747153053,
                    "content": "Index: \n===================================================================\n--- \n+++ \n@@ -17,5 +17,18 @@\n \t\t</div>\n \t  </div>\n \t</div>\n   </div>\n+  <style>\n+\t #attachment-type .hidden_upload input[type=\"file\"] {\n+\t  cursor: pointer;\n+\t  height: 25px;\n+\t  opacity: 0;\n+\t  position: relative;\n+\t  right: 0;\n+\t  top: -27px;\n+\t  width: 110px;\n+\t  font-size: 0;\n+\t  z-index: 1;\n+\t}\n+  </style>\n   \n\\ No newline at end of file\n"
                },
                {
                    "date": 1649747203199,
                    "content": "Index: \n===================================================================\n--- \n+++ \n@@ -18,9 +18,23 @@\n \t  </div>\n \t</div>\n   </div>\n   <style>\n-\t #attachment-type .hidden_upload input[type=\"file\"] {\n+\t/* Add Jin 파일 첨부 조정 */\n+\t#attachment-type .add_attachment {\n+\t  text-align: center;\n+\t  border: 2px solid #68b950;\n+\t  border-radius: 5px;\n+\t  color: #68b950;\n+\t  overflow: hidden;\n+\t  position: relative;\n+\t  text-overflow: ellipsis;\n+\t  white-space: nowrap;\n+\t  width: 110px;\n+\t  z-index: 1;\n+\t  font-weight: 600;\n+\t}\n+\t#attachment-type .hidden_upload input[type=\"file\"] {\n \t  cursor: pointer;\n \t  height: 25px;\n \t  opacity: 0;\n \t  position: relative;\n"
                },
                {
                    "date": 1649747571536,
                    "content": "Index: \n===================================================================\n--- \n+++ \n@@ -18,8 +18,9 @@\n \t  </div>\n \t</div>\n   </div>\n   <style>\n+\tlabel.required:after {color: #68b950;}\n \t/* Add Jin 파일 첨부 조정 */\n \t#attachment-type .add_attachment {\n \t  text-align: center;\n \t  border: 2px solid #68b950;\n"
                },
                {
                    "date": 1649748674767,
                    "content": "Index: \n===================================================================\n--- \n+++ \n@@ -17,33 +17,6 @@\n \t\t</div>\n \t  </div>\n \t</div>\n   </div>\n-  <style>\n-\tlabel.required:after {color: #68b950;}\n-\t/* Add Jin 파일 첨부 조정 */\n-\t#attachment-type .add_attachment {\n-\t  text-align: center;\n-\t  border: 2px solid #68b950;\n-\t  border-radius: 5px;\n-\t  color: #68b950;\n-\t  overflow: hidden;\n-\t  position: relative;\n-\t  text-overflow: ellipsis;\n-\t  white-space: nowrap;\n-\t  width: 110px;\n-\t  z-index: 1;\n-\t  font-weight: 600;\n-\t}\n-\t#attachment-type .hidden_upload input[type=\"file\"] {\n-\t  cursor: pointer;\n-\t  height: 25px;\n-\t  opacity: 0;\n-\t  position: relative;\n-\t  right: 0;\n-\t  top: -27px;\n-\t  width: 110px;\n-\t  font-size: 0;\n-\t  z-index: 1;\n-\t}\n-  </style>\n+  \n   \n\\ No newline at end of file\n"
                }
            ],
            "date": 1649666465275,
            "name": "Commit-0",
            "content": "<div class=\"bt-container\">\n\t<div class=\"bt-container-inner\">\n\t  <div class=\"new-topic-page\">\n\t\t<div class=\"row clearfix\">\n\t\t  <div class=\"column column--sm-8 column--sm-offset-2\">\n\t\t\t<h1 class=\"new-topic-title\">\n\t\t\t  {% if topic.id %}\n\t\t\t\t{% translate topic.edit %}\n\t\t\t  {% else %}\n\t\t\t\t{% translate topic.new %}\n\t\t\t  {% endif %}\n\t\t\t</h1>\n\t\t\t<div class=\"new-topic-form\">\n\t\t\t  {% snippet new_topic_form %}\n\t\t\t</div>\n\t\t  </div>\n\t\t</div>\n\t  </div>\n\t</div>\n  </div>\n  "
        }
    ]
}