{
    "sourceFile": "templates/05-kyportal-home.html",
    "activeCommit": 0,
    "commits": [
        {
            "activePatchIndex": 29,
            "patches": [
                {
                    "date": 1646373403468,
                    "content": "Index: \n===================================================================\n--- \n+++ \n"
                },
                {
                    "date": 1646376196348,
                    "content": "Index: \n===================================================================\n--- \n+++ \n@@ -28,9 +28,9 @@\n \n     <!-- CATEGORY LIST -->\n     {% if category_list_enabled %}\n       <div class=\"category-list-wrapper\" id=\"category-list\">\n-        <h2 class=\"category-list-title\">Knowledge base</h2>\n+        <h2 class=\"category-list-title\">BROWSE OUR KNOWLEDGE BASE</h2>\n         <ul class=\"row category-list\">\n           {% for category in portal.solution_categories %}\n             {% if category.folders_count > 0 %}\n               <li class=\"column column column--sm-6 category-list-item\" id=\"{{category.id}}\">\n@@ -43,9 +43,9 @@\n                   \t\t\t</span>\n                     \t{% when 72000258708 %}\n                     \t\t<span class=\"category-list-item__icon\">\n                   \t\t\t\t<img src=\"https://github.com/wedosoft/kohyoung/blob/main/images/FAQ.png?raw=true\" alt=\"FAQ\">\n-                              \t<p class=\"icon_txt\">FAQ</p>\n+                              \t<p class=\"icon_txt\">CUSTOMER FAQ</p>\n                   \t\t\t</span>\n                     \t{% when 72000258957 %}\n                     \t\t<span class=\"category-list-item__icon\">\n                   \t\t\t\t<img src=\"https://github.com/wedosoft/kohyoung/blob/main/images/KYE-Distributors-Only.png?raw=true\" alt=\"KYE-Distributors\">\n@@ -101,9 +101,8 @@\n                           \t\t<img src=\"https://github.com/wedosoft/kohyoung/blob/main/images/Release-Notes.png?raw=true\" alt=\"KOREA_SUPPORT\">\n                               \t<p class=\"icon_txt\">KOREA SUPPORT</p>\n                         \t</span>\n                     \t{% endcase %}\n-                  <h2 class=\"h5 category-list-item__title\">{{category.name}}</h2>\n                   <p class=\"meta\">{{category.description}}</p>\n                 </a>\n               </li>\n             {% endif %}\n"
                },
                {
                    "date": 1646376739011,
                    "content": "Index: \n===================================================================\n--- \n+++ \n@@ -29,8 +29,20 @@\n     <!-- CATEGORY LIST -->\n     {% if category_list_enabled %}\n       <div class=\"category-list-wrapper\" id=\"category-list\">\n         <h2 class=\"category-list-title\">BROWSE OUR KNOWLEDGE BASE</h2>\n+        <div class=\"side-search\">\n+            <!-- Search and page links for the page -->\n+          {% if portal.current_tab %}\n+            {% if portal.current_page == 'portal_home' or portal.current_page == 'search' %}\n+              <div class=\"hero-unit\" data-hero-unit>\n+                <div class=\"bt-container-inner search-box search-box--hero-unit\" data-search-box>\n+                  {% snippet search_form %}\n+                </div>\n+              </div>\n+            {% endif %}\n+          {% endif %}\n+        </div>\n         <ul class=\"row category-list\">\n           {% for category in portal.solution_categories %}\n             {% if category.folders_count > 0 %}\n               <li class=\"column column column--sm-6 category-list-item\" id=\"{{category.id}}\">\n@@ -113,8 +125,9 @@\n     <!-- / CATEGORY LIST -->\n   </div>\n </div>\n <style>\n+  .column--sm-6 {width: 33.3%;}\n   .category-list-item__link {text-align: center; padding-left: 0;}\n   .category-list-item__icon {\n     display: block; \n     float: left;\n"
                },
                {
                    "date": 1646376763494,
                    "content": "Index: \n===================================================================\n--- \n+++ \n@@ -125,8 +125,9 @@\n     <!-- / CATEGORY LIST -->\n   </div>\n </div>\n <style>\n+  .side-search {display: flex;}\n   .column--sm-6 {width: 33.3%;}\n   .category-list-item__link {text-align: center; padding-left: 0;}\n   .category-list-item__icon {\n     display: block; \n"
                },
                {
                    "date": 1646377949092,
                    "content": "Index: \n===================================================================\n--- \n+++ \n@@ -29,20 +29,8 @@\n     <!-- CATEGORY LIST -->\n     {% if category_list_enabled %}\n       <div class=\"category-list-wrapper\" id=\"category-list\">\n         <h2 class=\"category-list-title\">BROWSE OUR KNOWLEDGE BASE</h2>\n-        <div class=\"side-search\">\n-            <!-- Search and page links for the page -->\n-          {% if portal.current_tab %}\n-            {% if portal.current_page == 'portal_home' or portal.current_page == 'search' %}\n-              <div class=\"hero-unit\" data-hero-unit>\n-                <div class=\"bt-container-inner search-box search-box--hero-unit\" data-search-box>\n-                  {% snippet search_form %}\n-                </div>\n-              </div>\n-            {% endif %}\n-          {% endif %}\n-        </div>\n         <ul class=\"row category-list\">\n           {% for category in portal.solution_categories %}\n             {% if category.folders_count > 0 %}\n               <li class=\"column column column--sm-6 category-list-item\" id=\"{{category.id}}\">\n@@ -125,8 +113,9 @@\n     <!-- / CATEGORY LIST -->\n   </div>\n </div>\n <style>\n+  .category-list-wrapper {display: flex;}\n   .side-search {display: flex;}\n   .column--sm-6 {width: 33.3%;}\n   .category-list-item__link {text-align: center; padding-left: 0;}\n   .category-list-item__icon {\n"
                },
                {
                    "date": 1646378366654,
                    "content": "Index: \n===================================================================\n--- \n+++ \n@@ -30,8 +30,26 @@\n     {% if category_list_enabled %}\n       <div class=\"category-list-wrapper\" id=\"category-list\">\n         <h2 class=\"category-list-title\">BROWSE OUR KNOWLEDGE BASE</h2>\n         <ul class=\"row category-list\">\n+          <div class=\"side-search\">\n+            <h2>문서 카테고리</h2>\n+            {% if portal.current_tab %}\n+            {% if portal.current_page == 'portal_home' or portal.current_page == 'search' %}\n+              <div class=\"hero-unit\" data-hero-unit>\n+                <div class=\"bt-container-inner search-box search-box--hero-unit\" data-search-box>\n+                  {% snippet search_form %}\n+                  <div class=\"lt-popular-searches\">\n+                    <span class=\"lt-popular-searches__label\">\n+                     Popular Searches:\n+                    </span>\n+                    <ul class=\"popular-searches__list\"></ul>\n+                  </div>\n+                </div>\n+              </div>\n+            {% endif %}\n+          {% endif %}\n+          </div>\n           {% for category in portal.solution_categories %}\n             {% if category.folders_count > 0 %}\n               <li class=\"column column column--sm-6 category-list-item\" id=\"{{category.id}}\">\n                 <a class=\"category-list-item__link\" href=\"{{category.url}}\">\n@@ -113,10 +131,8 @@\n     <!-- / CATEGORY LIST -->\n   </div>\n </div>\n <style>\n-  .category-list-wrapper {display: flex;}\n-  .side-search {display: flex;}\n   .column--sm-6 {width: 33.3%;}\n   .category-list-item__link {text-align: center; padding-left: 0;}\n   .category-list-item__icon {\n     display: block; \n"
                },
                {
                    "date": 1646378451362,
                    "content": "Index: \n===================================================================\n--- \n+++ \n@@ -37,14 +37,8 @@\n             {% if portal.current_page == 'portal_home' or portal.current_page == 'search' %}\n               <div class=\"hero-unit\" data-hero-unit>\n                 <div class=\"bt-container-inner search-box search-box--hero-unit\" data-search-box>\n                   {% snippet search_form %}\n-                  <div class=\"lt-popular-searches\">\n-                    <span class=\"lt-popular-searches__label\">\n-                     Popular Searches:\n-                    </span>\n-                    <ul class=\"popular-searches__list\"></ul>\n-                  </div>\n                 </div>\n               </div>\n             {% endif %}\n           {% endif %}\n@@ -131,8 +125,9 @@\n     <!-- / CATEGORY LIST -->\n   </div>\n </div>\n <style>\n+  .side-search {width: 400px; height: 1200px; background: #ddd; position: absolute;}\n   .column--sm-6 {width: 33.3%;}\n   .category-list-item__link {text-align: center; padding-left: 0;}\n   .category-list-item__icon {\n     display: block; \n"
                },
                {
                    "date": 1646378565926,
                    "content": "Index: \n===================================================================\n--- \n+++ \n@@ -30,9 +30,9 @@\n     {% if category_list_enabled %}\n       <div class=\"category-list-wrapper\" id=\"category-list\">\n         <h2 class=\"category-list-title\">BROWSE OUR KNOWLEDGE BASE</h2>\n         <ul class=\"row category-list\">\n-          <div class=\"side-search\">\n+          <li class=\"column column column--sm-6 category-list-item side-search\">\n             <h2>문서 카테고리</h2>\n             {% if portal.current_tab %}\n             {% if portal.current_page == 'portal_home' or portal.current_page == 'search' %}\n               <div class=\"hero-unit\" data-hero-unit>\n@@ -41,9 +41,9 @@\n                 </div>\n               </div>\n             {% endif %}\n           {% endif %}\n-          </div>\n+          </li>\n           {% for category in portal.solution_categories %}\n             {% if category.folders_count > 0 %}\n               <li class=\"column column column--sm-6 category-list-item\" id=\"{{category.id}}\">\n                 <a class=\"category-list-item__link\" href=\"{{category.url}}\">\n"
                },
                {
                    "date": 1646379744125,
                    "content": "Index: \n===================================================================\n--- \n+++ \n@@ -27,94 +27,94 @@\n   <div class=\"bt-container-inner\">\n \n     <!-- CATEGORY LIST -->\n     {% if category_list_enabled %}\n-      <div class=\"category-list-wrapper\" id=\"category-list\">\n-        <h2 class=\"category-list-title\">BROWSE OUR KNOWLEDGE BASE</h2>\n-        <ul class=\"row category-list\">\n-          <li class=\"column column column--sm-6 category-list-item side-search\">\n-            <h2>문서 카테고리</h2>\n-            {% if portal.current_tab %}\n-            {% if portal.current_page == 'portal_home' or portal.current_page == 'search' %}\n-              <div class=\"hero-unit\" data-hero-unit>\n-                <div class=\"bt-container-inner search-box search-box--hero-unit\" data-search-box>\n-                  {% snippet search_form %}\n-                </div>\n+    <h2 class=\"category-list-title\">BROWSE OUR KNOWLEDGE BASE</h2>\n+    <div class=\"category-list-wrapper\" id=\"category-list\">\n+      <li class=\"side-search\">\n+        <h2>문서 카테고리</h2>\n+        {% if portal.current_tab %}\n+          {% if portal.current_page == 'portal_home' or portal.current_page == 'search' %}\n+            <div class=\"hero-unit\" data-hero-unit>\n+              <div class=\"bt-container-inner search-box search-box--hero-unit\" data-search-box>\n+                {% snippet search_form %}\n               </div>\n-            {% endif %}\n+            </div>\n           {% endif %}\n-          </li>\n-          {% for category in portal.solution_categories %}\n-            {% if category.folders_count > 0 %}\n-              <li class=\"column column column--sm-6 category-list-item\" id=\"{{category.id}}\">\n-                <a class=\"category-list-item__link\" href=\"{{category.url}}\">\n-                   {% case category.id %}\n-                    \t{% when 72000258948 %}\n-                  \t\t\t<span class=\"category-list-item__icon\">\n-                  \t\t\t\t<img src=\"https://github.com/wedosoft/kohyoung/blob/main/images/help-desk.png?raw=true\" alt=\"Abouthelpdesk\">\n-                              \t<p class=\"icon_txt\">ABOUT THE HELP CENTER</p>\n-                  \t\t\t</span>\n-                    \t{% when 72000258708 %}\n-                    \t\t<span class=\"category-list-item__icon\">\n-                  \t\t\t\t<img src=\"https://github.com/wedosoft/kohyoung/blob/main/images/FAQ.png?raw=true\" alt=\"FAQ\">\n-                              \t<p class=\"icon_txt\">CUSTOMER FAQ</p>\n-                  \t\t\t</span>\n-                    \t{% when 72000258957 %}\n-                    \t\t<span class=\"category-list-item__icon\">\n-                  \t\t\t\t<img src=\"https://github.com/wedosoft/kohyoung/blob/main/images/KYE-Distributors-Only.png?raw=true\" alt=\"KYE-Distributors\">\n-                              \t<p class=\"icon_txt\">KYE-DISTRIBUTORS</p>\n-                  \t\t\t</span>\n-                    \t{% when 72000258958 %}\n-                    \t\t<span class=\"category-list-item__icon\">\n-                  \t\t\t\t<img src=\"https://github.com/wedosoft/kohyoung/blob/main/images/official-documents.png?raw=true\" alt=\"Official-documents\">\n-                              \t<p class=\"icon_txt\">OFFICAL DOCUMENTS</p>\n-                  \t\t\t</span>  \t\t\t\n-                      \t{% when 72000260390 %}\n-                        \t<span class=\"category-list-item__icon\">\n-                          \t\t<img src=\"https://github.com/wedosoft/kohyoung/blob/main/images/Release-Notes.png?raw=true\" alt=\"Releasenote\">\n-                              \t<p class=\"icon_txt\">RELEASE NOTE</p>\n-                        \t</span>\n-                      \t{% when 72000260425 %}\n-                        \t<span class=\"category-list-item__icon\">\n-                          \t\t<img src=\"https://github.com/wedosoft/kohyoung/blob/main/images/Application-Note.png?raw=true\" alt=\"APPLICATION NOTE\">\n-                              \t<p class=\"icon_txt\">APPLICATION NOTE</p>\n-                        \t</span>\n-                      \t{% when 72000260426 %}\n-                        \t<span class=\"category-list-item__icon\">\n-                          \t\t<img src=\"https://raw.githubusercontent.com/wedosoft/kohyoung/main/images/Icon_Koh-Young-Inspection-Machine-BW_LowRes.png\" alt=\"Hardware\">\n-                              \t<p class=\"icon_txt\">HARDWARE</p>\n-                        \t</span>\n-                      \t{% when 72000260427 %}\n-                        \t<span class=\"category-list-item__icon\">\n-                          \t\t<img src=\"https://github.com/wedosoft/kohyoung/blob/main/images/Troubleshooting.png?raw=true\" alt=\"TROUBLESHOOTING\">\n-                              \t<p class=\"icon_txt\">TROUBLE SHOOTING</p>\n-                        \t</span>\n-                      \t{% when 72000260428 %}\n-                        \t<span class=\"category-list-item__icon\">\n-                          \t\t<img src=\"https://github.com/wedosoft/kohyoung/blob/main/images/download.png?raw=true\" alt=\"SOFTWARE DOWNLOAD\">\n-                              \t<p class=\"icon_txt\">SOFTWARE DOWNLOAD</p>\n-                        \t</span>\n-                      \t{% when 72000260429 %}\n-                        \t<span class=\"category-list-item__icon\">\n-                          \t\t<img src=\"https://github.com/wedosoft/kohyoung/blob/main/images/Team-activity.png?raw=true\" alt=\"AE TEAM ACTIVITY\">\n-                              \t<p class=\"icon_txt\">AE TEAM ACTIVITY</p>\n-                        \t</span>\n-                      \t{% when 72000260430 %}\n-                        \t<span class=\"category-list-item__icon\">\n-                          \t\t<img src=\"https://github.com/wedosoft/kohyoung/blob/main/images/admin.png?raw=true\" alt=\"Admin\">\n-                              \t<p class=\"icon_txt\">ADMIN</p>\n-                        \t</span>\n-                      \t{% when 72000260431 %}\n-                        \t<span class=\"category-list-item__icon\">\n-                          \t\t<img src=\"https://github.com/wedosoft/kohyoung/blob/main/images/KYE-Distributors-Only.png?raw=true\" alt=\"KYSEA Distributors\">\n-                              \t<p class=\"icon_txt\">KYSEA DISTRIBUTORS</p>\n-                        \t</span>\n-                      \t{% when 72000260433 %}\n-                        \t<span class=\"category-list-item__icon\">\n-                          \t\t<img src=\"https://github.com/wedosoft/kohyoung/blob/main/images/Release-Notes.png?raw=true\" alt=\"KOREA_SUPPORT\">\n-                              \t<p class=\"icon_txt\">KOREA SUPPORT</p>\n-                        \t</span>\n-                    \t{% endcase %}\n+        {% endif %}\n+      </li>\n+      <ul class=\"row category-list\">\n+        {% for category in portal.solution_categories %}\n+          {% if category.folders_count > 0 %}\n+            <li class=\"column column column--sm-6 category-list-item\" id=\"{{category.id}}\">\n+              <a class=\"category-list-item__link\" href=\"{{category.url}}\">\n+                {% case category.id %}\n+                  {% when 72000258948 %}\n+                  \t<span class=\"category-list-item__icon\">\n+                  \t\t<img src=\"https://github.com/wedosoft/kohyoung/blob/main/images/help-desk.png?raw=true\" alt=\"Abouthelpdesk\">\n+                      <p class=\"icon_txt\">ABOUT THE HELP CENTER</p>\n+                  \t</span>\n+                  {% when 72000258708 %}\n+                    <span class=\"category-list-item__icon\">\n+                  \t\t<img src=\"https://github.com/wedosoft/kohyoung/blob/main/images/FAQ.png?raw=true\" alt=\"FAQ\">\n+                      <p class=\"icon_txt\">CUSTOMER FAQ</p>\n+                  \t</span>\n+                  {% when 72000258957 %}\n+                    <span class=\"category-list-item__icon\">\n+                  \t\t<img src=\"https://github.com/wedosoft/kohyoung/blob/main/images/KYE-Distributors-Only.png?raw=true\" alt=\"KYE-Distributors\">\n+                      <p class=\"icon_txt\">KYE-DISTRIBUTORS</p>\n+                  \t</span>\n+                  {% when 72000258958 %}\n+                    <span class=\"category-list-item__icon\">\n+                  \t\t<img src=\"https://github.com/wedosoft/kohyoung/blob/main/images/official-documents.png?raw=true\" alt=\"Official-documents\">\n+                      <p class=\"icon_txt\">OFFICAL DOCUMENTS</p>\n+                  \t</span>  \t\t\t\n+                  {% when 72000260390 %}\n+                    <span class=\"category-list-item__icon\">\n+                      <img src=\"https://github.com/wedosoft/kohyoung/blob/main/images/Release-Notes.png?raw=true\" alt=\"Releasenote\">\n+                      <p class=\"icon_txt\">RELEASE NOTE</p>\n+                    </span>\n+                  {% when 72000260425 %}\n+                    <span class=\"category-list-item__icon\">\n+                      <img src=\"https://github.com/wedosoft/kohyoung/blob/main/images/Application-Note.png?raw=true\" alt=\"APPLICATION NOTE\">\n+                      <p class=\"icon_txt\">APPLICATION NOTE</p>\n+                    </span>\n+                  {% when 72000260426 %}\n+                    <span class=\"category-list-item__icon\">\n+                      <img src=\"https://raw.githubusercontent.com/wedosoft/kohyoung/main/images/Icon_Koh-Young-Inspection-Machine-BW_LowRes.png\" alt=\"Hardware\">\n+                      <p class=\"icon_txt\">HARDWARE</p>\n+                    </span>\n+                  {% when 72000260427 %}\n+                    <span class=\"category-list-item__icon\">\n+                      <img src=\"https://github.com/wedosoft/kohyoung/blob/main/images/Troubleshooting.png?raw=true\" alt=\"TROUBLESHOOTING\">\n+                      <p class=\"icon_txt\">TROUBLE SHOOTING</p>\n+                    </span>\n+                  {% when 72000260428 %}\n+                    <span class=\"category-list-item__icon\">\n+                      <img src=\"https://github.com/wedosoft/kohyoung/blob/main/images/download.png?raw=true\" alt=\"SOFTWARE DOWNLOAD\">\n+                      <p class=\"icon_txt\">SOFTWARE DOWNLOAD</p>\n+                    </span>\n+                  {% when 72000260429 %}\n+                    <span class=\"category-list-item__icon\">\n+                      <img src=\"https://github.com/wedosoft/kohyoung/blob/main/images/Team-activity.png?raw=true\" alt=\"AE TEAM ACTIVITY\">\n+                      <p class=\"icon_txt\">AE TEAM ACTIVITY</p>\n+                    </span>\n+                  {% when 72000260430 %}\n+                    <span class=\"category-list-item__icon\">\n+                      <img src=\"https://github.com/wedosoft/kohyoung/blob/main/images/admin.png?raw=true\" alt=\"Admin\">\n+                      <p class=\"icon_txt\">ADMIN</p>\n+                    </span>\n+                  {% when 72000260431 %}\n+                    <span class=\"category-list-item__icon\">\n+                        <img src=\"https://github.com/wedosoft/kohyoung/blob/main/images/KYE-Distributors-Only.png?raw=true\" alt=\"KYSEA Distributors\">\n+                        <p class=\"icon_txt\">KYSEA DISTRIBUTORS</p>\n+                    </span>\n+                  {% when 72000260433 %}\n+                    <span class=\"category-list-item__icon\">\n+                      <img src=\"https://github.com/wedosoft/kohyoung/blob/main/images/Release-Notes.png?raw=true\" alt=\"KOREA_SUPPORT\">\n+                      <p class=\"icon_txt\">KOREA SUPPORT</p>\n+                    </span>\n+                {% endcase %}\n                   <p class=\"meta\">{{category.description}}</p>\n                 </a>\n               </li>\n             {% endif %}\n@@ -125,9 +125,10 @@\n     <!-- / CATEGORY LIST -->\n   </div>\n </div>\n <style>\n-  .side-search {width: 400px; height: 1200px; background: #ddd; position: absolute;}\n+  .category-list-wrapper {display: flex;}\n+  .side-search {width: 33.3%;}\n   .column--sm-6 {width: 33.3%;}\n   .category-list-item__link {text-align: center; padding-left: 0;}\n   .category-list-item__icon {\n     display: block; \n"
                },
                {
                    "date": 1646380983982,
                    "content": "Index: \n===================================================================\n--- \n+++ \n@@ -127,8 +127,9 @@\n </div>\n <style>\n   .category-list-wrapper {display: flex;}\n   .side-search {width: 33.3%;}\n+  .side-search {text-align: center;}\n   .column--sm-6 {width: 33.3%;}\n   .category-list-item__link {text-align: center; padding-left: 0;}\n   .category-list-item__icon {\n     display: block; \n"
                },
                {
                    "date": 1646383034063,
                    "content": "Index: \n===================================================================\n--- \n+++ \n@@ -141,9 +141,9 @@\n   }\n   .category-list-item__icon img {height: 40px;}\n   .category-list-item__link .meta {display: none;}\n   .category-list-item__icon:hover .icon_txt {display: block;}\n-  .icon_txt {display: none; position: absolute; top: 50px; background: #93c450; border-radius: 5px; padding: 10px 10px 10px; width: 130px; text-align: center; color: #ffff; line-height: 20px; z-index: 3;}\n+  .icon_txt {display: none; position: absolute; top: 50px; background: #93c450b3; border-radius: 5px; padding: 10px 10px 10px; width: 130px; text-align: center; color: #ffff; line-height: 20px; z-index: 3;}\n   \n   .icon_txt:after {\n     position: absolute;\n     top: -15px;\n@@ -151,9 +151,9 @@\n     width: 0;\n     height: 0;\n     margin-left: -10px;\n     border: solid transparent;\n-    border-bottom-color: #93c450;\n+    border-bottom-color: #93c450b3;\n     border-width: 8px;\n     pointer-events: none;\n     content: ' ';\n   }\n"
                },
                {
                    "date": 1646897647255,
                    "content": "Index: \n===================================================================\n--- \n+++ \n@@ -27,91 +27,93 @@\n   <div class=\"bt-container-inner\">\n \n     <!-- CATEGORY LIST -->\n     {% if category_list_enabled %}\n-    <h2 class=\"category-list-title\">BROWSE OUR KNOWLEDGE BASE</h2>\n+    <h2 class=\"category-list-title\">Broswer Our Knowledge Base</h2>\n     <div class=\"category-list-wrapper\" id=\"category-list\">\n-      <li class=\"side-search\">\n-        <h2>문서 카테고리</h2>\n-        {% if portal.current_tab %}\n-          {% if portal.current_page == 'portal_home' or portal.current_page == 'search' %}\n-            <div class=\"hero-unit\" data-hero-unit>\n-              <div class=\"bt-container-inner search-box search-box--hero-unit\" data-search-box>\n-                {% snippet search_form %}\n-              </div>\n-            </div>\n-          {% endif %}\n-        {% endif %}\n-      </li>\n       <ul class=\"row category-list\">\n         {% for category in portal.solution_categories %}\n           {% if category.folders_count > 0 %}\n             <li class=\"column column column--sm-6 category-list-item\" id=\"{{category.id}}\">\n               <a class=\"category-list-item__link\" href=\"{{category.url}}\">\n+                 <!-- Add Jin 포털 홈 Knowledge base icon txt 추가 -->\n                 {% case category.id %}\n                   {% when 72000258948 %}\n                   \t<span class=\"category-list-item__icon\">\n-                  \t\t<img src=\"https://github.com/wedosoft/kohyoung/blob/main/images/help-desk.png?raw=true\" alt=\"Abouthelpdesk\">\n+                      <img src=\"https://github.com/wedosoft/kohyoung/blob/main/images/help-desk.png?raw=true\" alt=\"Abouthelpdesk\">\n+                      <p class=\"cli-txt\">ABOUT</p>\n                       <p class=\"icon_txt\">ABOUT THE HELP CENTER</p>\n                   \t</span>\n                   {% when 72000258708 %}\n                     <span class=\"category-list-item__icon\">\n-                  \t\t<img src=\"https://github.com/wedosoft/kohyoung/blob/main/images/FAQ.png?raw=true\" alt=\"FAQ\">\n+                      <img src=\"https://github.com/wedosoft/kohyoung/blob/main/images/FAQ.png?raw=true\" alt=\"FAQ\">\n+                      <p class=\"cli-txt\">FAQ</p>\n                       <p class=\"icon_txt\">CUSTOMER FAQ</p>\n                   \t</span>\n                   {% when 72000258957 %}\n                     <span class=\"category-list-item__icon\">\n-                  \t\t<img src=\"https://github.com/wedosoft/kohyoung/blob/main/images/KYE-Distributors-Only.png?raw=true\" alt=\"KYE-Distributors\">\n+                      <img src=\"https://github.com/wedosoft/kohyoung/blob/main/images/KYE-Distributors-Only.png?raw=true\" alt=\"KYE-Distributors\">\n+                      <p class=\"cli-txt\">KYE</p>\n                       <p class=\"icon_txt\">KYE-DISTRIBUTORS</p>\n                   \t</span>\n                   {% when 72000258958 %}\n                     <span class=\"category-list-item__icon\">\n-                  \t\t<img src=\"https://github.com/wedosoft/kohyoung/blob/main/images/official-documents.png?raw=true\" alt=\"Official-documents\">\n+                      <img src=\"https://github.com/wedosoft/kohyoung/blob/main/images/official-documents.png?raw=true\" alt=\"Official-documents\">\n+                      <p class=\"cli-txt\">OFFICAL</p>\n                       <p class=\"icon_txt\">OFFICAL DOCUMENTS</p>\n                   \t</span>  \t\t\t\n                   {% when 72000260390 %}\n                     <span class=\"category-list-item__icon\">\n                       <img src=\"https://github.com/wedosoft/kohyoung/blob/main/images/Release-Notes.png?raw=true\" alt=\"Releasenote\">\n+                      <p class=\"cli-txt\">RELEASE</p>\n                       <p class=\"icon_txt\">RELEASE NOTE</p>\n                     </span>\n                   {% when 72000260425 %}\n                     <span class=\"category-list-item__icon\">\n                       <img src=\"https://github.com/wedosoft/kohyoung/blob/main/images/Application-Note.png?raw=true\" alt=\"APPLICATION NOTE\">\n+                      <p class=\"cli-txt\">APP NOTE</p>\n                       <p class=\"icon_txt\">APPLICATION NOTE</p>\n                     </span>\n                   {% when 72000260426 %}\n                     <span class=\"category-list-item__icon\">\n                       <img src=\"https://raw.githubusercontent.com/wedosoft/kohyoung/main/images/Icon_Koh-Young-Inspection-Machine-BW_LowRes.png\" alt=\"Hardware\">\n+                      <p class=\"cli-txt\">HARDWARE</p>\n                       <p class=\"icon_txt\">HARDWARE</p>\n                     </span>\n                   {% when 72000260427 %}\n                     <span class=\"category-list-item__icon\">\n                       <img src=\"https://github.com/wedosoft/kohyoung/blob/main/images/Troubleshooting.png?raw=true\" alt=\"TROUBLESHOOTING\">\n+                      <p class=\"cli-txt\">TROUBLE</p>\n                       <p class=\"icon_txt\">TROUBLE SHOOTING</p>\n                     </span>\n                   {% when 72000260428 %}\n                     <span class=\"category-list-item__icon\">\n                       <img src=\"https://github.com/wedosoft/kohyoung/blob/main/images/download.png?raw=true\" alt=\"SOFTWARE DOWNLOAD\">\n+                      <p class=\"cli-txt\">SOFTWARE</p>\n                       <p class=\"icon_txt\">SOFTWARE DOWNLOAD</p>\n                     </span>\n                   {% when 72000260429 %}\n                     <span class=\"category-list-item__icon\">\n                       <img src=\"https://github.com/wedosoft/kohyoung/blob/main/images/Team-activity.png?raw=true\" alt=\"AE TEAM ACTIVITY\">\n+                      <p class=\"cli-txt\">ACTIVITY</p>\n                       <p class=\"icon_txt\">AE TEAM ACTIVITY</p>\n                     </span>\n                   {% when 72000260430 %}\n                     <span class=\"category-list-item__icon\">\n                       <img src=\"https://github.com/wedosoft/kohyoung/blob/main/images/admin.png?raw=true\" alt=\"Admin\">\n+                      <p class=\"cli-txt\">ADMIN</p>\n                       <p class=\"icon_txt\">ADMIN</p>\n                     </span>\n                   {% when 72000260431 %}\n                     <span class=\"category-list-item__icon\">\n-                        <img src=\"https://github.com/wedosoft/kohyoung/blob/main/images/KYE-Distributors-Only.png?raw=true\" alt=\"KYSEA Distributors\">\n+                      <img src=\"https://github.com/wedosoft/kohyoung/blob/main/images/KYE-Distributors-Only.png?raw=true\" alt=\"KYSEA Distributors\">\n+                      \t<p class=\"cli-txt\">KYESA</p>\n                         <p class=\"icon_txt\">KYSEA DISTRIBUTORS</p>\n                     </span>\n                   {% when 72000260433 %}\n                     <span class=\"category-list-item__icon\">\n                       <img src=\"https://github.com/wedosoft/kohyoung/blob/main/images/Release-Notes.png?raw=true\" alt=\"KOREA_SUPPORT\">\n+                      <p class=\"cli-txt\">K-SUPPORT</p>\n                       <p class=\"icon_txt\">KOREA SUPPORT</p>\n                     </span>\n                 {% endcase %}\n                   <p class=\"meta\">{{category.description}}</p>\n@@ -125,24 +127,32 @@\n     <!-- / CATEGORY LIST -->\n   </div>\n </div>\n <style>\n-  .category-list-wrapper {display: flex;}\n-  .side-search {width: 33.3%;}\n-  .side-search {text-align: center;}\n-  .column--sm-6 {width: 33.3%;}\n-  .category-list-item__link {text-align: center; padding-left: 0;}\n+   /* Add Jin 포털 홈 Knowledge base icon txt CSS */\n+  .column--sm-6 {width: 25%;}\n+  .category-list-item__link {\n+    display: block;\n+    padding: 18px 0px 56px;\n+    font-weight: 400;\n+    color: #666;\n+    vertical-align: middle;\n+    background-color: #fff;\n+    border-radius: 8px;\n+    transition: all 0.3s ease;\n+  }\n   .category-list-item__icon {\n-    display: block; \n+    display: block;\n     float: left;\n     height: 40px;\n     position: absolute;\n-    top: 18px;\n-    left: 30px;\n+    left: 20%;\n   }\n+  .category-list-item__icon > .cli-txt {display: inline-block; margin-left: 30px; font-size: 16px;}\n   .category-list-item__icon img {height: 40px;}\n   .category-list-item__link .meta {display: none;}\n-  .category-list-item__icon:hover .icon_txt {display: block;}\n+  .category-list-item:hover .icon_txt {display: block;}\n+  /* Add Jin 포털 홈 Knowledge base box:hover txt CSS */\n   .icon_txt {display: none; position: absolute; top: 50px; background: #93c450b3; border-radius: 5px; padding: 10px 10px 10px; width: 130px; text-align: center; color: #ffff; line-height: 20px; z-index: 3;}\n   \n   .icon_txt:after {\n     position: absolute;\n@@ -156,16 +166,25 @@\n     border-width: 8px;\n     pointer-events: none;\n     content: ' ';\n   }\n-  \n+/* Add Jin 반응형 iPad 포털 홈 Knowledge base icon txt CSS */\n+  @media (max-width: 1024px) {\n+    .column--sm-6 {width: 33.3%;}\n+    .category-list-item__link {padding: 20px 0px 50px;}\n+    .category-list-item__icon {left: 16.5%;}\n+    .category-list-item__icon img {height: 30px;}\n+    .category-list-item__icon > .cli-txt {margin-left: 10px; font-size: 14px;}\n+  }\n+/* Add Jin 반응형 Mobile 포털 홈 Knowledge base icon txt CSS */\n   @media (max-width: 45em) {\n-    .category-list-item__title {text-align: center; font-size: 14px; margin-right: -35px;}\n-}\n+   .column--sm-6 {width: 50%;}\n+   .category-list-item__icon {left: 14.5%;}\n+   .category-list-item__link {padding: 20px 0px 50px;}\n+   \n+  }\n   @media (max-width: 280px) {\n-    .category-list-item__icon img {height: 30px;}\n-    .category-list-item__title {text-align: center; font-size: 12px; margin-right: -50px;}\n-}\n-</style>\n-\n-\n-\n+    .column--sm-6 {padding-right: 0px;}\n+    .category-list-item__icon img {height: 25px;}\n+    .category-list-item__icon > .cli-txt {margin-left: 5px; font-size: 12px;}\n+  }\n+</style>\n\\ No newline at end of file\n"
                },
                {
                    "date": 1646897661579,
                    "content": "Index: \n===================================================================\n--- \n+++ \n@@ -176,9 +176,9 @@\n     .category-list-item__icon > .cli-txt {margin-left: 10px; font-size: 14px;}\n   }\n /* Add Jin 반응형 Mobile 포털 홈 Knowledge base icon txt CSS */\n   @media (max-width: 45em) {\n-   .column--sm-6 {width: 50%;}\n+   .column--sm-6 {width: 50%; padding-right: 0;}\n    .category-list-item__icon {left: 14.5%;}\n    .category-list-item__link {padding: 20px 0px 50px;}\n    \n   }\n"
                },
                {
                    "date": 1646979284173,
                    "content": "Index: \n===================================================================\n--- \n+++ \n@@ -170,21 +170,25 @@\n /* Add Jin 반응형 iPad 포털 홈 Knowledge base icon txt CSS */\n   @media (max-width: 1024px) {\n     .column--sm-6 {width: 33.3%;}\n     .category-list-item__link {padding: 20px 0px 50px;}\n-    .category-list-item__icon {left: 16.5%;}\n+    .category-list-item__icon {left: 30.3%; text-align: center;}\n     .category-list-item__icon img {height: 30px;}\n     .category-list-item__icon > .cli-txt {margin-left: 10px; font-size: 14px;}\n   }\n+  @media (max-width: 768px) {\n+    .category-list-item__icon {left: 23.3%; text-align: center;}\n+  }\n /* Add Jin 반응형 Mobile 포털 홈 Knowledge base icon txt CSS */\n   @media (max-width: 45em) {\n-   .column--sm-6 {width: 50%; padding-right: 0;}\n-   .category-list-item__icon {left: 14.5%;}\n+    .column--sm-6 {width: 50%; padding-right: 0px;}\n+    .category-list-item__icon {left: 14.5%;}\n    .category-list-item__link {padding: 20px 0px 50px;}\n    \n   }\n   @media (max-width: 280px) {\n     .column--sm-6 {padding-right: 0px;}\n+    .category-list-item__icon {left: 17%;}\n     .category-list-item__icon img {height: 25px;}\n     .category-list-item__icon > .cli-txt {margin-left: 5px; font-size: 12px;}\n   }\n </style>\n\\ No newline at end of file\n"
                },
                {
                    "date": 1646984733672,
                    "content": "Index: \n===================================================================\n--- \n+++ \n@@ -27,9 +27,9 @@\n   <div class=\"bt-container-inner\">\n \n     <!-- CATEGORY LIST -->\n     {% if category_list_enabled %}\n-    <h2 class=\"category-list-title\">Broswer Our Knowledge Base</h2>\n+    <h2 class=\"category-list-title\"><a href=\"/ko/support/solutions\">Broswer Our Knowledge Base</a></h2>\n     <div class=\"category-list-wrapper\" id=\"category-list\">\n       <ul class=\"row category-list\">\n         {% for category in portal.solution_categories %}\n           {% if category.folders_count > 0 %}\n"
                },
                {
                    "date": 1646984794582,
                    "content": "Index: \n===================================================================\n--- \n+++ \n@@ -128,8 +128,9 @@\n   </div>\n </div>\n <style>\n    /* Add Jin 포털 홈 Knowledge base icon txt CSS */\n+  .category-list-title a {color: #666;}\n   .column--sm-6 {width: 25%;}\n   .category-list-item__link {\n     display: block;\n     padding: 18px 0px 56px;\n"
                },
                {
                    "date": 1646984844629,
                    "content": "Index: \n===================================================================\n--- \n+++ \n@@ -128,9 +128,9 @@\n   </div>\n </div>\n <style>\n    /* Add Jin 포털 홈 Knowledge base icon txt CSS */\n-  .category-list-title a {color: #666;}\n+  .category-list-title a {color: #222;}\n   .column--sm-6 {width: 25%;}\n   .category-list-item__link {\n     display: block;\n     padding: 18px 0px 56px;\n"
                },
                {
                    "date": 1647394966904,
                    "content": "Index: \n===================================================================\n--- \n+++ \n@@ -36,81 +36,81 @@\n             <li class=\"column column column--sm-6 category-list-item\" id=\"{{category.id}}\">\n               <a class=\"category-list-item__link\" href=\"{{category.url}}\">\n                  <!-- Add Jin 포털 홈 Knowledge base icon txt 추가 -->\n                 {% case category.id %}\n-                  {% when 72000258948 %}\n+                  {% when 73000270889 %}\n                   \t<span class=\"category-list-item__icon\">\n                       <img src=\"https://github.com/wedosoft/kohyoung/blob/main/images/help-desk.png?raw=true\" alt=\"Abouthelpdesk\">\n                       <p class=\"cli-txt\">ABOUT</p>\n                       <p class=\"icon_txt\">ABOUT THE HELP CENTER</p>\n                   \t</span>\n-                  {% when 72000258708 %}\n+                  {% when 73000271110 %}\n                     <span class=\"category-list-item__icon\">\n                       <img src=\"https://github.com/wedosoft/kohyoung/blob/main/images/FAQ.png?raw=true\" alt=\"FAQ\">\n                       <p class=\"cli-txt\">FAQ</p>\n                       <p class=\"icon_txt\">CUSTOMER FAQ</p>\n                   \t</span>\n-                  {% when 72000258957 %}\n+                  {% when 73000271111 %}\n                     <span class=\"category-list-item__icon\">\n                       <img src=\"https://github.com/wedosoft/kohyoung/blob/main/images/KYE-Distributors-Only.png?raw=true\" alt=\"KYE-Distributors\">\n                       <p class=\"cli-txt\">KYE</p>\n                       <p class=\"icon_txt\">KYE-DISTRIBUTORS</p>\n                   \t</span>\n-                  {% when 72000258958 %}\n+                  {% when 73000271112 %}\n                     <span class=\"category-list-item__icon\">\n                       <img src=\"https://github.com/wedosoft/kohyoung/blob/main/images/official-documents.png?raw=true\" alt=\"Official-documents\">\n                       <p class=\"cli-txt\">OFFICAL</p>\n                       <p class=\"icon_txt\">OFFICAL DOCUMENTS</p>\n                   \t</span>  \t\t\t\n-                  {% when 72000260390 %}\n+                  {% when 73000271113 %}\n                     <span class=\"category-list-item__icon\">\n                       <img src=\"https://github.com/wedosoft/kohyoung/blob/main/images/Release-Notes.png?raw=true\" alt=\"Releasenote\">\n                       <p class=\"cli-txt\">RELEASE</p>\n                       <p class=\"icon_txt\">RELEASE NOTE</p>\n                     </span>\n-                  {% when 72000260425 %}\n+                  {% when 73000271115 %}\n                     <span class=\"category-list-item__icon\">\n                       <img src=\"https://github.com/wedosoft/kohyoung/blob/main/images/Application-Note.png?raw=true\" alt=\"APPLICATION NOTE\">\n                       <p class=\"cli-txt\">APP NOTE</p>\n                       <p class=\"icon_txt\">APPLICATION NOTE</p>\n                     </span>\n-                  {% when 72000260426 %}\n+                  {% when 73000271121 %}\n                     <span class=\"category-list-item__icon\">\n                       <img src=\"https://raw.githubusercontent.com/wedosoft/kohyoung/main/images/Icon_Koh-Young-Inspection-Machine-BW_LowRes.png\" alt=\"Hardware\">\n                       <p class=\"cli-txt\">HARDWARE</p>\n                       <p class=\"icon_txt\">HARDWARE</p>\n                     </span>\n-                  {% when 72000260427 %}\n+                  {% when 73000271122 %}\n                     <span class=\"category-list-item__icon\">\n                       <img src=\"https://github.com/wedosoft/kohyoung/blob/main/images/Troubleshooting.png?raw=true\" alt=\"TROUBLESHOOTING\">\n                       <p class=\"cli-txt\">TROUBLE</p>\n                       <p class=\"icon_txt\">TROUBLE SHOOTING</p>\n                     </span>\n-                  {% when 72000260428 %}\n+                  {% when 73000271125 %}\n                     <span class=\"category-list-item__icon\">\n                       <img src=\"https://github.com/wedosoft/kohyoung/blob/main/images/download.png?raw=true\" alt=\"SOFTWARE DOWNLOAD\">\n                       <p class=\"cli-txt\">SOFTWARE</p>\n                       <p class=\"icon_txt\">SOFTWARE DOWNLOAD</p>\n                     </span>\n-                  {% when 72000260429 %}\n+                  {% when 73000271127 %}\n                     <span class=\"category-list-item__icon\">\n                       <img src=\"https://github.com/wedosoft/kohyoung/blob/main/images/Team-activity.png?raw=true\" alt=\"AE TEAM ACTIVITY\">\n                       <p class=\"cli-txt\">ACTIVITY</p>\n                       <p class=\"icon_txt\">AE TEAM ACTIVITY</p>\n                     </span>\n-                  {% when 72000260430 %}\n+                  {% when 73000271128 %}\n                     <span class=\"category-list-item__icon\">\n                       <img src=\"https://github.com/wedosoft/kohyoung/blob/main/images/admin.png?raw=true\" alt=\"Admin\">\n                       <p class=\"cli-txt\">ADMIN</p>\n                       <p class=\"icon_txt\">ADMIN</p>\n                     </span>\n-                  {% when 72000260431 %}\n+                  {% when 73000271129 %}\n                     <span class=\"category-list-item__icon\">\n                       <img src=\"https://github.com/wedosoft/kohyoung/blob/main/images/KYE-Distributors-Only.png?raw=true\" alt=\"KYSEA Distributors\">\n                       \t<p class=\"cli-txt\">KYESA</p>\n                         <p class=\"icon_txt\">KYSEA DISTRIBUTORS</p>\n                     </span>\n-                  {% when 72000260433 %}\n+                  {% when 73000271130 %}\n                     <span class=\"category-list-item__icon\">\n                       <img src=\"https://github.com/wedosoft/kohyoung/blob/main/images/Release-Notes.png?raw=true\" alt=\"KOREA_SUPPORT\">\n                       <p class=\"cli-txt\">K-SUPPORT</p>\n                       <p class=\"icon_txt\">KOREA SUPPORT</p>\n"
                },
                {
                    "date": 1647914615776,
                    "content": "Index: \n===================================================================\n--- \n+++ \n@@ -36,81 +36,81 @@\n             <li class=\"column column column--sm-6 category-list-item\" id=\"{{category.id}}\">\n               <a class=\"category-list-item__link\" href=\"{{category.url}}\">\n                  <!-- Add Jin 포털 홈 Knowledge base icon txt 추가 -->\n                 {% case category.id %}\n-                  {% when 73000270889 %}\n+                  {% when 72000258948 %}\n                   \t<span class=\"category-list-item__icon\">\n                       <img src=\"https://github.com/wedosoft/kohyoung/blob/main/images/help-desk.png?raw=true\" alt=\"Abouthelpdesk\">\n                       <p class=\"cli-txt\">ABOUT</p>\n                       <p class=\"icon_txt\">ABOUT THE HELP CENTER</p>\n                   \t</span>\n-                  {% when 73000271110 %}\n+                  {% when 72000258708 %}\n                     <span class=\"category-list-item__icon\">\n                       <img src=\"https://github.com/wedosoft/kohyoung/blob/main/images/FAQ.png?raw=true\" alt=\"FAQ\">\n                       <p class=\"cli-txt\">FAQ</p>\n                       <p class=\"icon_txt\">CUSTOMER FAQ</p>\n                   \t</span>\n-                  {% when 73000271111 %}\n+                  {% when 72000258957 %}\n                     <span class=\"category-list-item__icon\">\n                       <img src=\"https://github.com/wedosoft/kohyoung/blob/main/images/KYE-Distributors-Only.png?raw=true\" alt=\"KYE-Distributors\">\n                       <p class=\"cli-txt\">KYE</p>\n                       <p class=\"icon_txt\">KYE-DISTRIBUTORS</p>\n                   \t</span>\n-                  {% when 73000271112 %}\n+                  {% when 72000258958 %}\n                     <span class=\"category-list-item__icon\">\n                       <img src=\"https://github.com/wedosoft/kohyoung/blob/main/images/official-documents.png?raw=true\" alt=\"Official-documents\">\n                       <p class=\"cli-txt\">OFFICAL</p>\n                       <p class=\"icon_txt\">OFFICAL DOCUMENTS</p>\n                   \t</span>  \t\t\t\n-                  {% when 73000271113 %}\n+                  {% when 72000260390 %}\n                     <span class=\"category-list-item__icon\">\n                       <img src=\"https://github.com/wedosoft/kohyoung/blob/main/images/Release-Notes.png?raw=true\" alt=\"Releasenote\">\n                       <p class=\"cli-txt\">RELEASE</p>\n                       <p class=\"icon_txt\">RELEASE NOTE</p>\n                     </span>\n-                  {% when 73000271115 %}\n+                  {% when 72000260425 %}\n                     <span class=\"category-list-item__icon\">\n                       <img src=\"https://github.com/wedosoft/kohyoung/blob/main/images/Application-Note.png?raw=true\" alt=\"APPLICATION NOTE\">\n                       <p class=\"cli-txt\">APP NOTE</p>\n                       <p class=\"icon_txt\">APPLICATION NOTE</p>\n                     </span>\n-                  {% when 73000271121 %}\n+                  {% when 72000260426 %}\n                     <span class=\"category-list-item__icon\">\n                       <img src=\"https://raw.githubusercontent.com/wedosoft/kohyoung/main/images/Icon_Koh-Young-Inspection-Machine-BW_LowRes.png\" alt=\"Hardware\">\n                       <p class=\"cli-txt\">HARDWARE</p>\n                       <p class=\"icon_txt\">HARDWARE</p>\n                     </span>\n-                  {% when 73000271122 %}\n+                  {% when 72000260427 %}\n                     <span class=\"category-list-item__icon\">\n                       <img src=\"https://github.com/wedosoft/kohyoung/blob/main/images/Troubleshooting.png?raw=true\" alt=\"TROUBLESHOOTING\">\n                       <p class=\"cli-txt\">TROUBLE</p>\n                       <p class=\"icon_txt\">TROUBLE SHOOTING</p>\n                     </span>\n-                  {% when 73000271125 %}\n+                  {% when 72000260428 %}\n                     <span class=\"category-list-item__icon\">\n                       <img src=\"https://github.com/wedosoft/kohyoung/blob/main/images/download.png?raw=true\" alt=\"SOFTWARE DOWNLOAD\">\n                       <p class=\"cli-txt\">SOFTWARE</p>\n                       <p class=\"icon_txt\">SOFTWARE DOWNLOAD</p>\n                     </span>\n-                  {% when 73000271127 %}\n+                  {% when 72000260429 %}\n                     <span class=\"category-list-item__icon\">\n                       <img src=\"https://github.com/wedosoft/kohyoung/blob/main/images/Team-activity.png?raw=true\" alt=\"AE TEAM ACTIVITY\">\n                       <p class=\"cli-txt\">ACTIVITY</p>\n                       <p class=\"icon_txt\">AE TEAM ACTIVITY</p>\n                     </span>\n-                  {% when 73000271128 %}\n+                  {% when 72000260430 %}\n                     <span class=\"category-list-item__icon\">\n                       <img src=\"https://github.com/wedosoft/kohyoung/blob/main/images/admin.png?raw=true\" alt=\"Admin\">\n                       <p class=\"cli-txt\">ADMIN</p>\n                       <p class=\"icon_txt\">ADMIN</p>\n                     </span>\n-                  {% when 73000271129 %}\n+                  {% when 72000260431 %}\n                     <span class=\"category-list-item__icon\">\n                       <img src=\"https://github.com/wedosoft/kohyoung/blob/main/images/KYE-Distributors-Only.png?raw=true\" alt=\"KYSEA Distributors\">\n                       \t<p class=\"cli-txt\">KYESA</p>\n                         <p class=\"icon_txt\">KYSEA DISTRIBUTORS</p>\n                     </span>\n-                  {% when 73000271130 %}\n+                  {% when 72000260433 %}\n                     <span class=\"category-list-item__icon\">\n                       <img src=\"https://github.com/wedosoft/kohyoung/blob/main/images/Release-Notes.png?raw=true\" alt=\"KOREA_SUPPORT\">\n                       <p class=\"cli-txt\">K-SUPPORT</p>\n                       <p class=\"icon_txt\">KOREA SUPPORT</p>\n"
                },
                {
                    "date": 1649212770824,
                    "content": "Index: \n===================================================================\n--- \n+++ \n@@ -180,9 +180,9 @@\n     .category-list-item__icon {left: 23.3%; text-align: center;}\n   }\n /* Add Jin 반응형 Mobile 포털 홈 Knowledge base icon txt CSS */\n   @media (max-width: 45em) {\n-    .column--sm-6 {width: 50%; padding-right: 0px;}\n+    .column--sm-6 {width: 50%;}\n     .category-list-item__icon {left: 14.5%;}\n    .category-list-item__link {padding: 20px 0px 50px;}\n    \n   }\n"
                },
                {
                    "date": 1649212798408,
                    "content": "Index: \n===================================================================\n--- \n+++ \n@@ -186,9 +186,8 @@\n    .category-list-item__link {padding: 20px 0px 50px;}\n    \n   }\n   @media (max-width: 280px) {\n-    .column--sm-6 {padding-right: 0px;}\n     .category-list-item__icon {left: 17%;}\n     .category-list-item__icon img {height: 25px;}\n     .category-list-item__icon > .cli-txt {margin-left: 5px; font-size: 12px;}\n   }\n"
                },
                {
                    "date": 1649396989391,
                    "content": "Index: \n===================================================================\n--- \n+++ \n@@ -5,9 +5,9 @@\n   <div class=\"bt-container-inner\">\n     {% if recent_articles_enabled %}\n       {% if portal.recent_articles.size > 0 %}\n         <div class=\"recent-articles\" id=\"recent-articles\">\n-          <h2 class=\"recent-articles__title text-center\">Recent articles</h2>\n+          <h2 class=\"recent-articles__title text-center\">RECENT ARTICLES</h2>\n           <ul class=\"row articles recent-articles__list\">\n             {% for article in portal.recent_articles limit:6 %}\n               <li class=\"column column--sm-4 articles__item recent-articles-item\">\n                 <a class=\"articles__link\" href=\"{{ article.url }}\"><span class=\"fa fa-star\"></span> {{ article.title | h }}</a>\n@@ -27,103 +27,157 @@\n   <div class=\"bt-container-inner\">\n \n     <!-- CATEGORY LIST -->\n     {% if category_list_enabled %}\n-    <h2 class=\"category-list-title\"><a href=\"/ko/support/solutions\">Broswer Our Knowledge Base</a></h2>\n+    <h2 class=\"category-list-title\"><a href=\"/ko/support/solutions\">BROSWER OUR KNOWLEDGE BASE</a></h2>\n     <div class=\"category-list-wrapper\" id=\"category-list\">\n       <ul class=\"row category-list\">\n-        {% for category in portal.solution_categories %}\n-          {% if category.folders_count > 0 %}\n-            <li class=\"column column column--sm-6 category-list-item\" id=\"{{category.id}}\">\n-              <a class=\"category-list-item__link\" href=\"{{category.url}}\">\n-                 <!-- Add Jin 포털 홈 Knowledge base icon txt 추가 -->\n-                {% case category.id %}\n-                  {% when 72000258948 %}\n-                  \t<span class=\"category-list-item__icon\">\n-                      <img src=\"https://github.com/wedosoft/kohyoung/blob/main/images/help-desk.png?raw=true\" alt=\"Abouthelpdesk\">\n-                      <p class=\"cli-txt\">ABOUT</p>\n-                      <p class=\"icon_txt\">ABOUT THE HELP CENTER</p>\n-                  \t</span>\n-                  {% when 72000258708 %}\n-                    <span class=\"category-list-item__icon\">\n-                      <img src=\"https://github.com/wedosoft/kohyoung/blob/main/images/FAQ.png?raw=true\" alt=\"FAQ\">\n-                      <p class=\"cli-txt\">FAQ</p>\n-                      <p class=\"icon_txt\">CUSTOMER FAQ</p>\n-                  \t</span>\n-                  {% when 72000258957 %}\n-                    <span class=\"category-list-item__icon\">\n-                      <img src=\"https://github.com/wedosoft/kohyoung/blob/main/images/KYE-Distributors-Only.png?raw=true\" alt=\"KYE-Distributors\">\n-                      <p class=\"cli-txt\">KYE</p>\n-                      <p class=\"icon_txt\">KYE-DISTRIBUTORS</p>\n-                  \t</span>\n-                  {% when 72000258958 %}\n-                    <span class=\"category-list-item__icon\">\n-                      <img src=\"https://github.com/wedosoft/kohyoung/blob/main/images/official-documents.png?raw=true\" alt=\"Official-documents\">\n-                      <p class=\"cli-txt\">OFFICAL</p>\n-                      <p class=\"icon_txt\">OFFICAL DOCUMENTS</p>\n-                  \t</span>  \t\t\t\n-                  {% when 72000260390 %}\n-                    <span class=\"category-list-item__icon\">\n-                      <img src=\"https://github.com/wedosoft/kohyoung/blob/main/images/Release-Notes.png?raw=true\" alt=\"Releasenote\">\n-                      <p class=\"cli-txt\">RELEASE</p>\n-                      <p class=\"icon_txt\">RELEASE NOTE</p>\n-                    </span>\n-                  {% when 72000260425 %}\n-                    <span class=\"category-list-item__icon\">\n-                      <img src=\"https://github.com/wedosoft/kohyoung/blob/main/images/Application-Note.png?raw=true\" alt=\"APPLICATION NOTE\">\n-                      <p class=\"cli-txt\">APP NOTE</p>\n-                      <p class=\"icon_txt\">APPLICATION NOTE</p>\n-                    </span>\n-                  {% when 72000260426 %}\n-                    <span class=\"category-list-item__icon\">\n-                      <img src=\"https://raw.githubusercontent.com/wedosoft/kohyoung/main/images/Icon_Koh-Young-Inspection-Machine-BW_LowRes.png\" alt=\"Hardware\">\n-                      <p class=\"cli-txt\">HARDWARE</p>\n-                      <p class=\"icon_txt\">HARDWARE</p>\n-                    </span>\n-                  {% when 72000260427 %}\n-                    <span class=\"category-list-item__icon\">\n-                      <img src=\"https://github.com/wedosoft/kohyoung/blob/main/images/Troubleshooting.png?raw=true\" alt=\"TROUBLESHOOTING\">\n-                      <p class=\"cli-txt\">TROUBLE</p>\n-                      <p class=\"icon_txt\">TROUBLE SHOOTING</p>\n-                    </span>\n-                  {% when 72000260428 %}\n-                    <span class=\"category-list-item__icon\">\n-                      <img src=\"https://github.com/wedosoft/kohyoung/blob/main/images/download.png?raw=true\" alt=\"SOFTWARE DOWNLOAD\">\n-                      <p class=\"cli-txt\">SOFTWARE</p>\n-                      <p class=\"icon_txt\">SOFTWARE DOWNLOAD</p>\n-                    </span>\n-                  {% when 72000260429 %}\n-                    <span class=\"category-list-item__icon\">\n-                      <img src=\"https://github.com/wedosoft/kohyoung/blob/main/images/Team-activity.png?raw=true\" alt=\"AE TEAM ACTIVITY\">\n-                      <p class=\"cli-txt\">ACTIVITY</p>\n-                      <p class=\"icon_txt\">AE TEAM ACTIVITY</p>\n-                    </span>\n-                  {% when 72000260430 %}\n-                    <span class=\"category-list-item__icon\">\n-                      <img src=\"https://github.com/wedosoft/kohyoung/blob/main/images/admin.png?raw=true\" alt=\"Admin\">\n-                      <p class=\"cli-txt\">ADMIN</p>\n-                      <p class=\"icon_txt\">ADMIN</p>\n-                    </span>\n-                  {% when 72000260431 %}\n-                    <span class=\"category-list-item__icon\">\n-                      <img src=\"https://github.com/wedosoft/kohyoung/blob/main/images/KYE-Distributors-Only.png?raw=true\" alt=\"KYSEA Distributors\">\n-                      \t<p class=\"cli-txt\">KYESA</p>\n-                        <p class=\"icon_txt\">KYSEA DISTRIBUTORS</p>\n-                    </span>\n-                  {% when 72000260433 %}\n-                    <span class=\"category-list-item__icon\">\n-                      <img src=\"https://github.com/wedosoft/kohyoung/blob/main/images/Release-Notes.png?raw=true\" alt=\"KOREA_SUPPORT\">\n-                      <p class=\"cli-txt\">K-SUPPORT</p>\n-                      <p class=\"icon_txt\">KOREA SUPPORT</p>\n-                    </span>\n-                {% endcase %}\n-                  <p class=\"meta\">{{category.description}}</p>\n-                </a>\n-              </li>\n-            {% endif %}\n-          {% endfor %}\n-        </ul>\n-      </div>\n+        <li class=\"column column--sm-6 category-list-item\">\n+\t\t\t    <a class=\"category-list-item__link\" href=\"/en/support/solutions/47000253225\">\n+            <span class=\"category-list-item__icon\">\n+              <img src=\"https://github.com/wedosoft/kohyoung/blob/main/images/FAQ.png?raw=true\" alt=\"FAQ\">\n+            </span>\n+            <p class=\"cli-txt\">CUSTOMER FAQ</p>\n+            <p class=\"icon_txt\">CUSTOMER FAQ</p>\n+          </a>\n+        </li>\n+        <li class=\"column column--sm-6 category-list-item\">\n+          <a class=\"category-list-item__link\" href=\"/en/support/solutions/47000253223\">\n+            <span class=\"category-list-item__icon\">\n+              <img src=\"https://github.com/wedosoft/kohyoung/blob/main/images/help-desk.png?raw=true\" alt=\"Abouthelpdesk\">\n+            </span>\n+             <p class=\"cli-txt\">ABOUT HELP CENTER</p>\n+             <p class=\"icon_txt\">ABOUT HELP CENTER</p>\n+          </a>\n+        </li>\n+        <li class=\"column column--sm-6 category-list-item\">\n+          <a class=\"category-list-item__link\" href=\"https://kypartner.kohyoung.net/\" target=\"_blank\">\n+            <span class=\"category-list-item__icon\">\n+              <img src=\"https://www.wedosoft.net/wordpress/wp-content/uploads/2021/08/Partners.png\" alt=\"\">\n+            </span>\n+            <p class=\"cli-txt\">PARTNER'S PAGE</p>\n+            <p class=\"icon_txt\">PARTNER'S PAGE</p>\n+          </a>\n+        </li>\n+        <li class=\"column column--sm-6 category-list-item\">\n+          <a class=\"category-list-item__link\" href=\"https://help.kohyoung.com/en/support/discussions/\">  \n+            <span class=\"category-list-item__icon\">\n+              <img src=\"https://www.wedosoft.net/wordpress/wp-content/uploads/2021/08/Forums.png\" alt=\"\">\n+            </span>      \n+            <p class=\"cli-txt\">FORUMS</p>\n+            <p class=\"icon_txt\">FORUMS</p>\n+          </a>\n+        </li>\n+        <li class=\"column column--sm-6 category-list-item\">     \n+          <a class=\"category-list-item__link\" href=\"/en/support/solutions/47000523157\">\n+            <span class=\"category-list-item__icon\">\n+              <img src=\"https://github.com/wedosoft/kohyoung/blob/main/images/KYE-Distributors-Only.png?raw=true\" alt=\"KYE-Distributors\">\n+            </span>\n+            <p class=\"cli-txt\">KYE-DISTRIBUTORS</p>\n+            <p class=\"icon_txt\">KYE-DISTRIBUTORS</p>\n+          </a>\n+        </li>\n+        <li class=\"column column--sm-6 category-list-item\">\n+          <a class=\"category-list-item__link\" href=\"/en/support/solutions/47000253217\">\n+            <span class=\"category-list-item__icon\">\n+              <img src=\"https://github.com/wedosoft/kohyoung/blob/main/images/official-documents.png?raw=true\" alt=\"Official-documents\">\n+            </span>  \n+            <p class=\"cli-txt\">OFFICAL DOCUMENTS</p>\n+            <p class=\"icon_txt\">OFFICAL DOCUMENTS</p>\n+          </a>\n+        </li>\n+        <li class=\"column column--sm-6 category-list-item\">\n+          <a class=\"category-list-item__link\" href=\"/en/support/solutions/47000253218\">\n+            <span class=\"category-list-item__icon\">\n+              <img src=\"https://github.com/wedosoft/kohyoung/blob/main/images/Release-Notes.png?raw=true\" alt=\"Releasenote\">\n+            </span>\n+            <p class=\"cli-txt\">RELEASE NOTE</p>\n+            <p class=\"icon_txt\">RELEASE NOTE</p>\n+          </a>\n+        </li>\n+        <li class=\"column column--sm-6 category-list-item\">              \n+          <a class=\"category-list-item__link\" href=\"/en/support/solutions/47000253219\">\n+            <span class=\"category-list-item__icon\">\n+              <img src=\"https://github.com/wedosoft/kohyoung/blob/main/images/Application-Note.png?raw=true\" alt=\"APPLICATION NOTE\">\n+            </span>\n+            <p class=\"cli-txt\">APPLICATION NOTE</p>\n+            <p class=\"icon_txt\">APPLICATION NOTE</p>\n+          </a>\n+        </li>\n+        <li class=\"column column--sm-6 category-list-item\">\n+   \t\t    <a class=\"category-list-item__link\" href=\"/en/support/solutions/47000253220\">\n+            <span class=\"category-list-item__icon\">\n+              <img src=\"https://raw.githubusercontent.com/wedosoft/kohyoung/main/images/Icon_Koh-Young-Inspection-Machine-BW_LowRes.png\" alt=\"Hardware\">\n+             </span>\n+             <p class=\"cli-txt\">HARDWARE</p>\n+             <p class=\"icon_txt\">HARDWARE</p>\n+          </a>\n+        </li>\n+        <li class=\"column column--sm-6 category-list-item\">\n+          <a class=\"category-list-item__link\" href=\"/en/support/solutions/47000253221\">\n+            <span class=\"category-list-item__icon\">\n+              <img src=\"https://github.com/wedosoft/kohyoung/blob/main/images/Troubleshooting.png?raw=true\" alt=\"TROUBLESHOOTING\">\n+            </span>\n+            <p class=\"cli-txt\">TROUBLE SHOOTING</p>\n+            <p class=\"icon_txt\">TROUBLE SHOOTING</p>\n+          </a>\n+        </li>   \n+        <li class=\"column column--sm-6 category-list-item\">\n+          <a class=\"category-list-item__link\" href=\"/en/support/solutions/47000253222\">\n+            <span class=\"category-list-item__icon\">\n+              <img src=\"https://github.com/wedosoft/kohyoung/blob/main/images/download.png?raw=true\" alt=\"SOFTWARE DOWNLOAD\">\n+            </span>\n+            <p class=\"cli-txt\">SOFTWARE DOWNLOAD</p>\n+            <p class=\"icon_txt\">SOFTWARE DOWNLOAD</p>\n+          </a>\n+        </li>\n+        <li class=\"column column--sm-6 category-list-item\">\n+          <a class=\"category-list-item__link\" href=\"/en/support/solutions/47000253226\">\n+            <span class=\"category-list-item__icon\">\n+              <img src=\"https://github.com/wedosoft/kohyoung/blob/main/images/Team-activity.png?raw=true\" alt=\"AE TEAM ACTIVITY\">\n+            </span>\n+            <p class=\"cli-txt\">AE TEAM ACTIVITY</p>\n+            <p class=\"icon_txt\">AE TEAM ACTIVITY</p>\n+          </a>\n+        </li>\n+        <li class=\"column column--sm-6 category-list-item\">      \n+   \t\t  <a class=\"category-list-item__link\" href=\"/en/support/solutions/47000520250\">\n+          <span class=\"category-list-item__icon\">\n+            <img src=\"https://github.com/wedosoft/kohyoung/blob/main/images/admin.png?raw=true\" alt=\"Admin\">\n+          </span>\n+          <p class=\"cli-txt\">ADMIN</p>\n+          <p class=\"icon_txt\">ADMIN</p>\n+          </a>\n+        </li>\n+        <li class=\"column column--sm-6 category-list-item\">    \n+   \t\t  <a class=\"category-list-item__link\" href=\"/en/support/solutions/47000523502\">\n+          <span class=\"category-list-item__icon\">\n+            <img src=\"https://github.com/wedosoft/kohyoung/blob/main/images/KYE-Distributors-Only.png?raw=true\" alt=\"KYSEA Distributors\">\n+          </span>\n+          <p class=\"cli-txt\">KYESA DISTRIBUTORS</p>\n+          <p class=\"icon_txt\">KYSEA DISTRIBUTORS</p>\n+          </a>\n+        </li>\n+        <li class=\"column column--sm-6 category-list-item\">\n+          <a class=\"category-list-item__link\" href=\"https://tr.kohyoung.com/index.php\" target=\"_blank\">\n+            <span class=\"category-list-item__icon\">\n+              <img src=\"https://www.wedosoft.net/wordpress/wp-content/uploads/2021/10/LMS.png\" alt=\"\">\n+            </span>   \n+            <p class=\"cli-txt\">KOHYOUNG LMS</p>\n+            <p class=\"icon_txt\">KOHYOUNG LMS</p>  \n+          </a>\n+        </li> \n+        <li class=\"column column--sm-6 category-list-item\">\n+          <a class=\"category-list-item__link\" href=\"/en/support/solutions/47000524414\">\n+            <span class=\"category-list-item__icon\">\n+              <img src=\"https://github.com/wedosoft/kohyoung/blob/main/images/Release-Notes.png?raw=true\" alt=\"KOREA_SUPPORT\">\n+            </span>\n+            <p class=\"cli-txt\">KOREA-SUPPORT</p>\n+            <p class=\"icon_txt\">KOREA SUPPORT</p>\n+          </a>\n+        </li>\n+      </ul>\n+    </div>\n     {% endif %}\n     <!-- / CATEGORY LIST -->\n   </div>\n </div>\n@@ -132,24 +186,21 @@\n   .category-list-title a {color: #222;}\n   .column--sm-6 {width: 25%;}\n   .category-list-item__link {\n     display: block;\n-    padding: 18px 0px 56px;\n+    padding: 20px 30px;\n     font-weight: 400;\n     color: #666;\n-    vertical-align: middle;\n     background-color: #fff;\n     border-radius: 8px;\n     transition: all 0.3s ease;\n+    text-transform: uppercase;\n   }\n   .category-list-item__icon {\n     display: block;\n     float: left;\n-    height: 40px;\n-    position: absolute;\n-    left: 20%;\n   }\n-  .category-list-item__icon > .cli-txt {display: inline-block; margin-left: 30px; font-size: 16px;}\n+  .cli-txt {display: inline-block; padding-left: 10px; font-size: 13px; margin-bottom: 15px;}\n   .category-list-item__icon img {height: 40px;}\n   .category-list-item__link .meta {display: none;}\n   .category-list-item:hover .icon_txt {display: block;}\n   /* Add Jin 포털 홈 Knowledge base box:hover txt CSS */\n@@ -170,25 +221,21 @@\n   }\n /* Add Jin 반응형 iPad 포털 홈 Knowledge base icon txt CSS */\n   @media (max-width: 1024px) {\n     .column--sm-6 {width: 33.3%;}\n-    .category-list-item__link {padding: 20px 0px 50px;}\n-    .category-list-item__icon {left: 30.3%; text-align: center;}\n+    .category-list-item__icon {text-align: center;}\n     .category-list-item__icon img {height: 30px;}\n-    .category-list-item__icon > .cli-txt {margin-left: 10px; font-size: 14px;}\n+    .cli-txt {font-size: 14px;}\n   }\n   @media (max-width: 768px) {\n     .category-list-item__icon {left: 23.3%; text-align: center;}\n   }\n /* Add Jin 반응형 Mobile 포털 홈 Knowledge base icon txt CSS */\n   @media (max-width: 45em) {\n     .column--sm-6 {width: 50%;}\n-    .category-list-item__icon {left: 14.5%;}\n-   .category-list-item__link {padding: 20px 0px 50px;}\n    \n   }\n   @media (max-width: 280px) {\n-    .category-list-item__icon {left: 17%;}\n     .category-list-item__icon img {height: 25px;}\n-    .category-list-item__icon > .cli-txt {margin-left: 5px; font-size: 12px;}\n+    .cli-txt {font-size: 12px;}\n   }\n </style>\n\\ No newline at end of file\n"
                },
                {
                    "date": 1649399423345,
                    "content": "Index: \n===================================================================\n--- \n+++ \n@@ -186,8 +186,9 @@\n   .category-list-title a {color: #222;}\n   .column--sm-6 {width: 25%;}\n   .category-list-item__link {\n     display: block;\n+    text-align: center;\n     padding: 20px 30px;\n     font-weight: 400;\n     color: #666;\n     background-color: #fff;\n@@ -196,11 +197,11 @@\n     text-transform: uppercase;\n   }\n   .category-list-item__icon {\n     display: block;\n-    float: left;\n+    text-align: center;\n   }\n-  .cli-txt {display: inline-block; padding-left: 10px; font-size: 13px; margin-bottom: 15px;}\n+  .cli-txt {display: inline-block; font-size: 13px; margin-bottom: 0; padding-top: 10px;}\n   .category-list-item__icon img {height: 40px;}\n   .category-list-item__link .meta {display: none;}\n   .category-list-item:hover .icon_txt {display: block;}\n   /* Add Jin 포털 홈 Knowledge base box:hover txt CSS */\n@@ -223,19 +224,21 @@\n   @media (max-width: 1024px) {\n     .column--sm-6 {width: 33.3%;}\n     .category-list-item__icon {text-align: center;}\n     .category-list-item__icon img {height: 30px;}\n-    .cli-txt {font-size: 14px;}\n+    .cli-txt {font-size: 12px;}\n   }\n   @media (max-width: 768px) {\n     .category-list-item__icon {left: 23.3%; text-align: center;}\n   }\n /* Add Jin 반응형 Mobile 포털 홈 Knowledge base icon txt CSS */\n-  @media (max-width: 45em) {\n+  @media (max-width: 635px) {\n     .column--sm-6 {width: 50%;}\n    \n   }\n-  @media (max-width: 280px) {\n-    .category-list-item__icon img {height: 25px;}\n-    .cli-txt {font-size: 12px;}\n+\n+  @media (max-width: 375px) {\n+    .column--sm-6 {width: 100%;}\n+    .category-list-item__icon img {height: 30px;}\n+    .cli-txt {font-size: 13px;}\n   }\n </style>\n\\ No newline at end of file\n"
                },
                {
                    "date": 1649399589335,
                    "content": "Index: \n===================================================================\n--- \n+++ \n@@ -204,9 +204,9 @@\n   .category-list-item__icon img {height: 40px;}\n   .category-list-item__link .meta {display: none;}\n   .category-list-item:hover .icon_txt {display: block;}\n   /* Add Jin 포털 홈 Knowledge base box:hover txt CSS */\n-  .icon_txt {display: none; position: absolute; top: 50px; background: #93c450b3; border-radius: 5px; padding: 10px 10px 10px; width: 130px; text-align: center; color: #ffff; line-height: 20px; z-index: 3;}\n+  .icon_txt {display: none; position: absolute; top: 50px; background: #93c450b3; border-radius: 5px; padding: 10px 10px 10px; width: 130px; text-align: center; color: #ffff; line-height: 20px; z-index: 3; font-size: 13px;}\n   \n   .icon_txt:after {\n     position: absolute;\n     top: -15px;\n"
                },
                {
                    "date": 1649400013302,
                    "content": "Index: \n===================================================================\n--- \n+++ \n@@ -204,9 +204,9 @@\n   .category-list-item__icon img {height: 40px;}\n   .category-list-item__link .meta {display: none;}\n   .category-list-item:hover .icon_txt {display: block;}\n   /* Add Jin 포털 홈 Knowledge base box:hover txt CSS */\n-  .icon_txt {display: none; position: absolute; top: 50px; background: #93c450b3; border-radius: 5px; padding: 10px 10px 10px; width: 130px; text-align: center; color: #ffff; line-height: 20px; z-index: 3; font-size: 13px;}\n+  .icon_txt {display: none; position: absolute; top: 100px; right: 30px; background: #93c450b3; border-radius: 5px; padding: 10px 10px 10px; width: 130px; text-align: center; color: #ffff; line-height: 20px; z-index: 3; font-size: 13px;}\n   \n   .icon_txt:after {\n     position: absolute;\n     top: -15px;\n"
                },
                {
                    "date": 1649400095864,
                    "content": "Index: \n===================================================================\n--- \n+++ \n@@ -235,9 +235,9 @@\n     .column--sm-6 {width: 50%;}\n    \n   }\n \n-  @media (max-width: 375px) {\n+  @media (max-width: 435px) {\n     .column--sm-6 {width: 100%;}\n     .category-list-item__icon img {height: 30px;}\n     .cli-txt {font-size: 13px;}\n   }\n"
                },
                {
                    "date": 1649405388456,
                    "content": "Index: \n===================================================================\n--- \n+++ \n@@ -237,8 +237,8 @@\n   }\n \n   @media (max-width: 435px) {\n     .column--sm-6 {width: 100%;}\n-    .category-list-item__icon img {height: 30px;}\n-    .cli-txt {font-size: 13px;}\n+    .category-list-item__icon img {height: 40px;}\n+    .cli-txt {font-size: 15px; padding-top: 0px;}\n   }\n </style>\n\\ No newline at end of file\n"
                },
                {
                    "date": 1649405413336,
                    "content": "Index: \n===================================================================\n--- \n+++ \n@@ -237,8 +237,9 @@\n   }\n \n   @media (max-width: 435px) {\n     .column--sm-6 {width: 100%;}\n+    .category-list-item__icon {float: left;}\n     .category-list-item__icon img {height: 40px;}\n     .cli-txt {font-size: 15px; padding-top: 0px;}\n   }\n </style>\n\\ No newline at end of file\n"
                },
                {
                    "date": 1649406270405,
                    "content": "Index: \n===================================================================\n--- \n+++ \n@@ -241,5 +241,10 @@\n     .category-list-item__icon {float: left;}\n     .category-list-item__icon img {height: 40px;}\n     .cli-txt {font-size: 15px; padding-top: 0px;}\n   }\n+  @media (max-width: 280px) {\n+    .column--sm-6 {width: 100%;}\n+    .category-list-item__icon img {height: 25px; margin-top: -8px;}\n+    .cli-txt {font-size: 12px; padding-top: 0px;}\n+  }\n </style>\n\\ No newline at end of file\n"
                },
                {
                    "date": 1649410135460,
                    "content": "Index: \n===================================================================\n--- \n+++ \n@@ -238,13 +238,13 @@\n \n   @media (max-width: 435px) {\n     .column--sm-6 {width: 100%;}\n     .category-list-item__icon {float: left;}\n-    .category-list-item__icon img {height: 40px;}\n+    .category-list-item__icon img {height: 40px; margin-top: -5px;}\n     .cli-txt {font-size: 15px; padding-top: 0px;}\n   }\n   @media (max-width: 280px) {\n     .column--sm-6 {width: 100%;}\n-    .category-list-item__icon img {height: 25px; margin-top: -8px;}\n+    .category-list-item__icon img {height: 25px; margin-top: -5px;}\n     .cli-txt {font-size: 12px; padding-top: 0px;}\n   }\n </style>\n\\ No newline at end of file\n"
                }
            ],
            "date": 1646373403468,
            "name": "Commit-0",
            "content": "{% assign category_list_enabled = true %}\n{% assign recent_articles_enabled = true %}\n\n<div class=\"bt-container\" data-home-page>\n  <div class=\"bt-container-inner\">\n    {% if recent_articles_enabled %}\n      {% if portal.recent_articles.size > 0 %}\n        <div class=\"recent-articles\" id=\"recent-articles\">\n          <h2 class=\"recent-articles__title text-center\">Recent articles</h2>\n          <ul class=\"row articles recent-articles__list\">\n            {% for article in portal.recent_articles limit:6 %}\n              <li class=\"column column--sm-4 articles__item recent-articles-item\">\n                <a class=\"articles__link\" href=\"{{ article.url }}\"><span class=\"fa fa-star\"></span> {{ article.title | h }}</a>\n                <p class=\"recent-articles-item__excerpt meta\">\n                  {{ article.body_plain | h |truncate:80 }}\n                </p>\n              </li>\n            {% endfor %}\n          </ul>\n        </div>\n      {% endif %}\n    {% endif %}\n  </div>\n</div>\n\n<div class=\"bt-container bt-container--grey clearfix\">\n  <div class=\"bt-container-inner\">\n\n    <!-- CATEGORY LIST -->\n    {% if category_list_enabled %}\n      <div class=\"category-list-wrapper\" id=\"category-list\">\n        <h2 class=\"category-list-title\">Knowledge base</h2>\n        <ul class=\"row category-list\">\n          {% for category in portal.solution_categories %}\n            {% if category.folders_count > 0 %}\n              <li class=\"column column column--sm-6 category-list-item\" id=\"{{category.id}}\">\n                <a class=\"category-list-item__link\" href=\"{{category.url}}\">\n                   {% case category.id %}\n                    \t{% when 72000258948 %}\n                  \t\t\t<span class=\"category-list-item__icon\">\n                  \t\t\t\t<img src=\"https://github.com/wedosoft/kohyoung/blob/main/images/help-desk.png?raw=true\" alt=\"Abouthelpdesk\">\n                              \t<p class=\"icon_txt\">ABOUT THE HELP CENTER</p>\n                  \t\t\t</span>\n                    \t{% when 72000258708 %}\n                    \t\t<span class=\"category-list-item__icon\">\n                  \t\t\t\t<img src=\"https://github.com/wedosoft/kohyoung/blob/main/images/FAQ.png?raw=true\" alt=\"FAQ\">\n                              \t<p class=\"icon_txt\">FAQ</p>\n                  \t\t\t</span>\n                    \t{% when 72000258957 %}\n                    \t\t<span class=\"category-list-item__icon\">\n                  \t\t\t\t<img src=\"https://github.com/wedosoft/kohyoung/blob/main/images/KYE-Distributors-Only.png?raw=true\" alt=\"KYE-Distributors\">\n                              \t<p class=\"icon_txt\">KYE-DISTRIBUTORS</p>\n                  \t\t\t</span>\n                    \t{% when 72000258958 %}\n                    \t\t<span class=\"category-list-item__icon\">\n                  \t\t\t\t<img src=\"https://github.com/wedosoft/kohyoung/blob/main/images/official-documents.png?raw=true\" alt=\"Official-documents\">\n                              \t<p class=\"icon_txt\">OFFICAL DOCUMENTS</p>\n                  \t\t\t</span>  \t\t\t\n                      \t{% when 72000260390 %}\n                        \t<span class=\"category-list-item__icon\">\n                          \t\t<img src=\"https://github.com/wedosoft/kohyoung/blob/main/images/Release-Notes.png?raw=true\" alt=\"Releasenote\">\n                              \t<p class=\"icon_txt\">RELEASE NOTE</p>\n                        \t</span>\n                      \t{% when 72000260425 %}\n                        \t<span class=\"category-list-item__icon\">\n                          \t\t<img src=\"https://github.com/wedosoft/kohyoung/blob/main/images/Application-Note.png?raw=true\" alt=\"APPLICATION NOTE\">\n                              \t<p class=\"icon_txt\">APPLICATION NOTE</p>\n                        \t</span>\n                      \t{% when 72000260426 %}\n                        \t<span class=\"category-list-item__icon\">\n                          \t\t<img src=\"https://raw.githubusercontent.com/wedosoft/kohyoung/main/images/Icon_Koh-Young-Inspection-Machine-BW_LowRes.png\" alt=\"Hardware\">\n                              \t<p class=\"icon_txt\">HARDWARE</p>\n                        \t</span>\n                      \t{% when 72000260427 %}\n                        \t<span class=\"category-list-item__icon\">\n                          \t\t<img src=\"https://github.com/wedosoft/kohyoung/blob/main/images/Troubleshooting.png?raw=true\" alt=\"TROUBLESHOOTING\">\n                              \t<p class=\"icon_txt\">TROUBLE SHOOTING</p>\n                        \t</span>\n                      \t{% when 72000260428 %}\n                        \t<span class=\"category-list-item__icon\">\n                          \t\t<img src=\"https://github.com/wedosoft/kohyoung/blob/main/images/download.png?raw=true\" alt=\"SOFTWARE DOWNLOAD\">\n                              \t<p class=\"icon_txt\">SOFTWARE DOWNLOAD</p>\n                        \t</span>\n                      \t{% when 72000260429 %}\n                        \t<span class=\"category-list-item__icon\">\n                          \t\t<img src=\"https://github.com/wedosoft/kohyoung/blob/main/images/Team-activity.png?raw=true\" alt=\"AE TEAM ACTIVITY\">\n                              \t<p class=\"icon_txt\">AE TEAM ACTIVITY</p>\n                        \t</span>\n                      \t{% when 72000260430 %}\n                        \t<span class=\"category-list-item__icon\">\n                          \t\t<img src=\"https://github.com/wedosoft/kohyoung/blob/main/images/admin.png?raw=true\" alt=\"Admin\">\n                              \t<p class=\"icon_txt\">ADMIN</p>\n                        \t</span>\n                      \t{% when 72000260431 %}\n                        \t<span class=\"category-list-item__icon\">\n                          \t\t<img src=\"https://github.com/wedosoft/kohyoung/blob/main/images/KYE-Distributors-Only.png?raw=true\" alt=\"KYSEA Distributors\">\n                              \t<p class=\"icon_txt\">KYSEA DISTRIBUTORS</p>\n                        \t</span>\n                      \t{% when 72000260433 %}\n                        \t<span class=\"category-list-item__icon\">\n                          \t\t<img src=\"https://github.com/wedosoft/kohyoung/blob/main/images/Release-Notes.png?raw=true\" alt=\"KOREA_SUPPORT\">\n                              \t<p class=\"icon_txt\">KOREA SUPPORT</p>\n                        \t</span>\n                    \t{% endcase %}\n                  <h2 class=\"h5 category-list-item__title\">{{category.name}}</h2>\n                  <p class=\"meta\">{{category.description}}</p>\n                </a>\n              </li>\n            {% endif %}\n          {% endfor %}\n        </ul>\n      </div>\n    {% endif %}\n    <!-- / CATEGORY LIST -->\n  </div>\n</div>\n<style>\n  .category-list-item__link {text-align: center; padding-left: 0;}\n  .category-list-item__icon {\n    display: block; \n    float: left;\n    height: 40px;\n    position: absolute;\n    top: 18px;\n    left: 30px;\n  }\n  .category-list-item__icon img {height: 40px;}\n  .category-list-item__link .meta {display: none;}\n  .category-list-item__icon:hover .icon_txt {display: block;}\n  .icon_txt {display: none; position: absolute; top: 50px; background: #93c450; border-radius: 5px; padding: 10px 10px 10px; width: 130px; text-align: center; color: #ffff; line-height: 20px; z-index: 3;}\n  \n  .icon_txt:after {\n    position: absolute;\n    top: -15px;\n    left: 20%;\n    width: 0;\n    height: 0;\n    margin-left: -10px;\n    border: solid transparent;\n    border-bottom-color: #93c450;\n    border-width: 8px;\n    pointer-events: none;\n    content: ' ';\n  }\n  \n  @media (max-width: 45em) {\n    .category-list-item__title {text-align: center; font-size: 14px; margin-right: -35px;}\n}\n  @media (max-width: 280px) {\n    .category-list-item__icon img {height: 30px;}\n    .category-list-item__title {text-align: center; font-size: 12px; margin-right: -50px;}\n}\n</style>\n\n\n\n"
        }
    ]
}