{
    "sourceFile": "templates/05-kyportal-home copy.html",
    "activeCommit": 0,
    "commits": [
        {
            "activePatchIndex": 0,
            "patches": [
                {
                    "date": 1649319744999,
                    "content": "Index: \n===================================================================\n--- \n+++ \n"
                }
            ],
            "date": 1649319744999,
            "name": "Commit-0",
            "content": "{% assign category_list_enabled = true %}\n{% assign recent_articles_enabled = true %}\n\n<div class=\"bt-container\" data-home-page>\n  <div class=\"bt-container-inner\">\n    {% if recent_articles_enabled %}\n      {% if portal.recent_articles.size > 0 %}\n        <div class=\"recent-articles\" id=\"recent-articles\">\n          <h2 class=\"recent-articles__title text-center\">Recent articles</h2>\n          <ul class=\"row articles recent-articles__list\">\n            {% for article in portal.recent_articles limit:6 %}\n              <li class=\"column column--sm-4 articles__item recent-articles-item\">\n                <a class=\"articles__link\" href=\"{{ article.url }}\"><span class=\"fa fa-star\"></span> {{ article.title | h }}</a>\n                <p class=\"recent-articles-item__excerpt meta\">\n                  {{ article.body_plain | h |truncate:80 }}\n                </p>\n              </li>\n            {% endfor %}\n          </ul>\n        </div>\n      {% endif %}\n    {% endif %}\n  </div>\n</div>\n\n<div class=\"bt-container bt-container--grey clearfix\">\n  <div class=\"bt-container-inner\">\n\n    <!-- CATEGORY LIST -->\n    {% if category_list_enabled %}\n    <h2 class=\"category-list-title\"><a href=\"/ko/support/solutions\">BROSWER OUR KNOWLEDGE BASE</a></h2>\n    <div class=\"category-list-wrapper\" id=\"category-list\">\n      <ul class=\"row category-list clearfix\" id=\"category-list\">\n        <li class=\"column column--sm-4 category-list-item\">\n\t\t\t    <a class=\"category-list-item__link\" href=\"/en/support/solutions/47000253225\">\n            <span class=\"category-list-item__icon\">\n              <img src=\"https://github.com/wedosoft/kohyoung/blob/main/images/FAQ.png?raw=true\" alt=\"FAQ\">\n                <p class=\"cli-txt\">FAQ</p>\n                <p class=\"icon_txt\">CUSTOMER FAQ</p>\n            </span>\n          </a>\n        </li>\n        <li class=\"column column--sm-4 category-list-item\">\n          <a class=\"category-list-item__link\" href=\"/en/support/solutions/47000253223\">\n            <span class=\"category-list-item__icon\">\n              <img src=\"https://github.com/wedosoft/kohyoung/blob/main/images/help-desk.png?raw=true\" alt=\"Abouthelpdesk\">\n                <p class=\"cli-txt\">ABOUT</p>\n                <p class=\"icon_txt\">ABOUT THE HELP CENTER</p>\n            </span>\n          </a>\n        </li>\n        <li class=\"column column--sm-4 category-list-item\">\n          <a class=\"category-list-item__link\" href=\"https://kypartner.kohyoung.net/\" target=\"_blank\">\n            <span class=\"category-list-item__icon\">\n              <img src=\"https://www.wedosoft.net/wordpress/wp-content/uploads/2021/08/Partners.png\" alt=\"\">\n              <p class=\"cli-txt\">PARTNER'S PAGE</p>\n              <p class=\"icon_txt\">PARTNER'S PAGE</p>\n            </span>\n          </a>\n        </li>\n        <li class=\"column column--sm-4 category-list-item\">\n          <a class=\"category-list-item__link\" href=\"./discussions/\">  \n            <span class=\"category-list-item__icon\">\n              <img src=\"https://www.wedosoft.net/wordpress/wp-content/uploads/2021/08/Forums.png\" alt=\"\">\n              <p class=\"cli-txt\">FORUMS</p>\n              <p class=\"icon_txt\">FORUMS</p>\n            </span>      \n          </a>\n        </li>\n        <li class=\"column column--sm-4 category-list-item\">     \n          <a class=\"category-list-item__link\" href=\"/en/support/solutions/47000523157\">\n            <span class=\"category-list-item__icon\">\n              <img src=\"https://github.com/wedosoft/kohyoung/blob/main/images/KYE-Distributors-Only.png?raw=true\" alt=\"KYE-Distributors\">\n              <p class=\"cli-txt\">KYE</p>\n              <p class=\"icon_txt\">KYE-DISTRIBUTORS</p>\n            </span>\n          </a>\n        </li>\n        <li class=\"column column--sm-4 category-list-item\">\n          <a class=\"category-list-item__link\" href=\"/en/support/solutions/47000253217\">\n            <span class=\"category-list-item__icon\">\n              <img src=\"https://github.com/wedosoft/kohyoung/blob/main/images/official-documents.png?raw=true\" alt=\"Official-documents\">\n              <p class=\"cli-txt\">OFFICAL</p>\n              <p class=\"icon_txt\">OFFICAL DOCUMENTS</p>\n            </span>  \n          </a>\n        </li>\n        <li class=\"column column--sm-4 category-list-item\">\n          <a class=\"category-list-item__link\" href=\"/en/support/solutions/47000253218\">\n            <span class=\"category-list-item__icon\">\n              <img src=\"https://github.com/wedosoft/kohyoung/blob/main/images/Release-Notes.png?raw=true\" alt=\"Releasenote\">\n                <p class=\"cli-txt\">RELEASE</p>\n                <p class=\"icon_txt\">RELEASE NOTE</p>\n            </span>\n          </a>\n        </li>\n        <li class=\"column column--sm-4 category-list-item\">              \n          <a class=\"category-list-item__link\" href=\"/en/support/solutions/47000253219\">\n            <span class=\"category-list-item__icon\">\n              <img src=\"https://github.com/wedosoft/kohyoung/blob/main/images/Application-Note.png?raw=true\" alt=\"APPLICATION NOTE\">\n              <p class=\"cli-txt\">APP NOTE</p>\n              <p class=\"icon_txt\">APPLICATION NOTE</p>\n            </span>\n          </a>\n        </li>\n        <li class=\"column column--sm-4 category-list-item\">\n   \t\t    <a class=\"category-list-item__link\" href=\"/en/support/solutions/47000253220\">\n            <span class=\"category-list-item__icon\">\n              <img src=\"https://raw.githubusercontent.com/wedosoft/kohyoung/main/images/Icon_Koh-Young-Inspection-Machine-BW_LowRes.png\" alt=\"Hardware\">\n              <p class=\"cli-txt\">HARDWARE</p>\n              <p class=\"icon_txt\">HARDWARE</p>\n             </span>\n          </a>\n        </li>\n        <li class=\"column column--sm-4 category-list-item\">\n          <a class=\"category-list-item__link\" href=\"/en/support/solutions/47000253221\">\n            <span class=\"category-list-item__icon\">\n              <img src=\"https://github.com/wedosoft/kohyoung/blob/main/images/Troubleshooting.png?raw=true\" alt=\"TROUBLESHOOTING\">\n              <p class=\"cli-txt\">TROUBLE</p>\n              <p class=\"icon_txt\">TROUBLE SHOOTING</p>\n            </span>\n          </a>\n        </li>   \n        <li class=\"column column--sm-4 category-list-item\">\n          <a class=\"category-list-item__link\" href=\"/en/support/solutions/47000253222\">\n            <span class=\"category-list-item__icon\">\n              <img src=\"https://github.com/wedosoft/kohyoung/blob/main/images/download.png?raw=true\" alt=\"SOFTWARE DOWNLOAD\">\n              <p class=\"cli-txt\">SOFTWARE</p>\n              <p class=\"icon_txt\">SOFTWARE DOWNLOAD</p>\n            </span>\n          </a>\n        </li>\n        <li class=\"column column--sm-4 category-list-item\">\n          <a class=\"category-list-item__link\" href=\"/en/support/solutions/47000253226\">\n            <span class=\"category-list-item__icon\">\n              <img src=\"https://github.com/wedosoft/kohyoung/blob/main/images/Team-activity.png?raw=true\" alt=\"AE TEAM ACTIVITY\">\n                <p class=\"cli-txt\">ACTIVITY</p>\n                <p class=\"icon_txt\">AE TEAM ACTIVITY</p>\n            </span>\n          </a>\n        </li>\n        <li class=\"column column--sm-4 category-list-item\">      \n   \t\t  <a class=\"category-list-item__link\" href=\"/en/support/solutions/47000520250\">\n          <span class=\"category-list-item__icon\">\n            <img src=\"https://github.com/wedosoft/kohyoung/blob/main/images/admin.png?raw=true\" alt=\"Admin\">\n            <p class=\"cli-txt\">ADMIN</p>\n            <p class=\"icon_txt\">ADMIN</p>\n          </span>\n          </a>\n        </li>\n        <li class=\"column column--sm-4 category-list-item\">    \n   \t\t  <a class=\"category-list-item__link\" href=\"/en/support/solutions/47000523502\">\n          <span class=\"category-list-item__icon\">\n            <img src=\"https://github.com/wedosoft/kohyoung/blob/main/images/KYE-Distributors-Only.png?raw=true\" alt=\"KYSEA Distributors\">\n            <p class=\"cli-txt\">KYESA</p>\n            <p class=\"icon_txt\">KYSEA DISTRIBUTORS</p>\n          </span>\n          </a>\n        </li>\n        <li class=\"column column--sm-4 category-list-item\">\n          <a class=\"category-list-item__link\" href=\"https://tr.kohyoung.com/index.php\" target=\"_blank\">\n            <span class=\"category-list-item__icon\">\n              <img src=\"https://www.wedosoft.net/wordpress/wp-content/uploads/2021/10/LMS.png\" alt=\"\">\n              <p class=\"cli-txt\">KOHYOUNG LMS</p>\n              <p class=\"icon_txt\">KOHYOUNG LMS</p>  \n            </span>   \n          </a>\n        </li> \n        <li class=\"column column--sm-4 category-list-item\">\n          <a class=\"category-list-item__link\" href=\"/en/support/solutions/47000524414\">\n            <span class=\"category-list-item__icon\">\n              <img src=\"https://github.com/wedosoft/kohyoung/blob/main/images/Release-Notes.png?raw=true\" alt=\"KOREA_SUPPORT\">\n              <p class=\"cli-txt\">K-SUPPORT</p>\n              <p class=\"icon_txt\">KOREA SUPPORT</p>\n            </span>\n          </a>\n        </li>\n      </ul>\n    </div>\n    {% endif %}\n    <!-- / CATEGORY LIST -->\n  </div>\n</div>\n<style>\n   /* Add Jin 포털 홈 Knowledge base icon txt CSS */\n  .category-list-title a {color: #222;}\n  .column--sm-6 {width: 25%;}\n  .category-list-item__link {\n    display: block;\n    padding: 18px 0px 56px;\n    font-weight: 400;\n    color: #666;\n    vertical-align: middle;\n    background-color: #fff;\n    border-radius: 8px;\n    transition: all 0.3s ease;\n  }\n  .category-list-item__icon {\n    display: block;\n    float: left;\n    height: 40px;\n    position: absolute;\n    left: 20%;\n  }\n  .category-list-item__icon > .cli-txt {display: inline-block; margin-left: 30px; font-size: 16px;}\n  .category-list-item__icon img {height: 40px;}\n  .category-list-item__link .meta {display: none;}\n  .category-list-item:hover .icon_txt {display: block;}\n  /* Add Jin 포털 홈 Knowledge base box:hover txt CSS */\n  .icon_txt {display: none; position: absolute; top: 50px; background: #93c450b3; border-radius: 5px; padding: 10px 10px 10px; width: 130px; text-align: center; color: #ffff; line-height: 20px; z-index: 3;}\n  \n  .icon_txt:after {\n    position: absolute;\n    top: -15px;\n    left: 20%;\n    width: 0;\n    height: 0;\n    margin-left: -10px;\n    border: solid transparent;\n    border-bottom-color: #93c450b3;\n    border-width: 8px;\n    pointer-events: none;\n    content: ' ';\n  }\n/* Add Jin 반응형 iPad 포털 홈 Knowledge base icon txt CSS */\n  @media (max-width: 1024px) {\n    .column--sm-6 {width: 33.3%;}\n    .category-list-item__link {padding: 20px 0px 50px;}\n    .category-list-item__icon {left: 30.3%; text-align: center;}\n    .category-list-item__icon img {height: 30px;}\n    .category-list-item__icon > .cli-txt {margin-left: 10px; font-size: 14px;}\n  }\n  @media (max-width: 768px) {\n    .category-list-item__icon {left: 23.3%; text-align: center;}\n  }\n/* Add Jin 반응형 Mobile 포털 홈 Knowledge base icon txt CSS */\n  @media (max-width: 45em) {\n    .column--sm-6 {width: 50%;}\n    .category-list-item__icon {left: 14.5%;}\n   .category-list-item__link {padding: 20px 0px 50px;}\n   \n  }\n  @media (max-width: 280px) {\n    .category-list-item__icon {left: 17%;}\n    .category-list-item__icon img {height: 25px;}\n    .category-list-item__icon > .cli-txt {margin-left: 5px; font-size: 12px;}\n  }\n</style>"
        }
    ]
}