{
    "sourceFile": "templates/05-kyportal-home - fin.html",
    "activeCommit": 0,
    "commits": [
        {
            "activePatchIndex": 5,
            "patches": [
                {
                    "date": 1649901286298,
                    "content": "Index: \n===================================================================\n--- \n+++ \n"
                },
                {
                    "date": 1649903888004,
                    "content": "Index: \n===================================================================\n--- \n+++ \n@@ -61,14 +61,8 @@\n                         <p class=\"icon_txt\">AE TEAM ACTIVITY</p>\n                       {% when 47000253221 %}\n                         <img src=\"https://github.com/wedosoft/kohyoung/blob/main/images/Troubleshooting.png?raw=true\" alt=\"TROUBLESHOOTING\">\n                         <p class=\"icon_txt\">TROUBLE SHOOTING</p>\n-                      {% when 47000520739 %}\n-                        <img src=\"https://www.wedosoft.net/wordpress/wp-content/uploads/2021/08/Partners.png\" alt=\"\">\n-                        <p class=\"icon_txt\">PARTNER'S PAGE</p>\n-                      {% when 47000523081 %}\n-                        <img src=\"https://www.wedosoft.net/wordpress/wp-content/uploads/2021/08/Forums.png\" alt=\"\">\n-                        <p class=\"icon_txt\">FORUMS</p>\n                       {% when 47000523157 %}\n                         <img src=\"https://github.com/wedosoft/kohyoung/blob/main/images/KYE-Distributors-Only.png?raw=true\" alt=\"KYE-Distributors\">\n                         <p class=\"icon_txt\">KYE-DISTRIBUTORS ONLY</p>\n                       {% when 47000253223 %}\n@@ -76,11 +70,8 @@\n                         <p class=\"icon_txt\">ABOUT HELP CENTER</p>\n                       {% when 47000520250 %}\n                         <img src=\"https://github.com/wedosoft/kohyoung/blob/main/images/admin.png?raw=true\" alt=\"Admin\">             \n                         <p class=\"icon_txt\">ADMIN</p>\n-                      {% when 47000523731 %}\n-                        <img src=\"https://www.wedosoft.net/wordpress/wp-content/uploads/2021/10/LMS.png\" alt=\"\">\n-                        <p class=\"icon_txt\">KOHYOUNG LMS</p>  \n                       {% when 47000523502 %}\n                         <img src=\"https://www.wedosoft.net/wordpress/wp-content/uploads/2021/10/ASIA.png\" alt=\"\" />\n                         <p class=\"icon_txt\">KYSEA DISTRIBUTORS</p>\n                       {% when 47000524414 %}\n"
                },
                {
                    "date": 1650273378223,
                    "content": "Index: \n===================================================================\n--- \n+++ \n@@ -37,9 +37,9 @@\n                   <span class=\"category-list-item__icon\">\n                     {% case category.id %}                    \n                       {% when 47000253217 %}\n                         <img src=\"https://github.com/wedosoft/kohyoung/blob/main/images/official-documents.png?raw=true\" alt=\"Official-documents\">\n-                      <p class=\"icon_txt\">OFFICAL DOCUMENTS</p>\n+                        <p class=\"icon_txt\">OFFICAL DOCUMENTS</p>\n                       {% when 47000253218 %}\n                         <img src=\"https://github.com/wedosoft/kohyoung/blob/main/images/Release-Notes.png?raw=true\" alt=\"Releasenote\">\n                         <p class=\"icon_txt\">RELEASE NOTE</p>\n                       {% when 47000253219 %}\n"
                },
                {
                    "date": 1650605453679,
                    "content": "Index: \n===================================================================\n--- \n+++ \n@@ -37,38 +37,38 @@\n                   <span class=\"category-list-item__icon\">\n                     {% case category.id %}                    \n                       {% when 47000253217 %}\n                         <img src=\"https://github.com/wedosoft/kohyoung/blob/main/images/official-documents.png?raw=true\" alt=\"Official-documents\">\n-                        <p class=\"icon_txt\">OFFICAL DOCUMENTS</p>\n+                        <p class=\"icon_txt\">Report Format, User Manual, Brochure, Eco, Certification, KY Statement, Discontinued Service, SW License, Warranty, Training Curriculum</p>\n                       {% when 47000253218 %}\n                         <img src=\"https://github.com/wedosoft/kohyoung/blob/main/images/Release-Notes.png?raw=true\" alt=\"Releasenote\">\n-                        <p class=\"icon_txt\">RELEASE NOTE</p>\n+                        <p class=\"icon_txt\">AOI, SPI, KSMART, KPO, AOI_New Features, SPI_New Features , KSMART New Features, Others</p>\n                       {% when 47000253219 %}\n                         <img src=\"https://github.com/wedosoft/kohyoung/blob/main/images/Application-Note.png?raw=true\" alt=\"APPLICATION NOTE\">\n-                        <p class=\"icon_txt\">APPLICATION NOTE</p>\n+                        <p class=\"icon_txt\">Setting Manual, User guide, Etc</p>\n                       {% when 47000253220 %}\n                         <img src=\"https://raw.githubusercontent.com/wedosoft/kohyoung/main/images/Icon_Koh-Young-Inspection-Machine-BW_LowRes.png\" alt=\"Hardware\">\n-                        <p class=\"icon_txt\">HARDWARE</p>              \n+                        <p class=\"icon_txt\">Hardware Setting Manual, Etc</p>              \n                       {% when 47000253222 %}\n                         <img src=\"https://github.com/wedosoft/kohyoung/blob/main/images/download.png?raw=true\" alt=\"SOFTWARE DOWNLOAD\">   \n-                        <p class=\"icon_txt\">SOFTWARE DOWNLOAD</p>              \n+                        <p class=\"icon_txt\">AOI GUI, SPI GUI, MCS, Ksmart Solution, Review Station, KsmartBase, Kycal, KYI, Utility, BRM, EPM</p>              \n                       {% when 47000253224 %}\n                         <img src=\"https://breezythemes.s3-us-west-2.amazonaws.com/kohyoung/icon8.png\" alt=\"\" />                   \n                       {% when 47000253225 %}\n                         <img src=\"https://www.wedosoft.net/wordpress/wp-content/uploads/2021/08/FAQ.png\" alt=\"\" />   \n-                        <p class=\"icon_txt\">CUSTOMER FAQ</p>              \n+                        <p class=\"icon_txt\">Hardware, Software, Performance, etc</p>              \n                       {% when 47000253226 %}\n                         <img src=\"https://github.com/wedosoft/kohyoung/blob/main/images/Team-activity.png?raw=true\" alt=\"AE TEAM ACTIVITY\">\n-                        <p class=\"icon_txt\">AE TEAM ACTIVITY</p>\n+                        <p class=\"icon_txt\">Application Note, AE Guideline, Sample Test Report</p>\n                       {% when 47000253221 %}\n                         <img src=\"https://github.com/wedosoft/kohyoung/blob/main/images/Troubleshooting.png?raw=true\" alt=\"TROUBLESHOOTING\">\n-                        <p class=\"icon_txt\">TROUBLE SHOOTING</p>\n+                        <p class=\"icon_txt\">Troubleshooting guide, Etc</p>\n                       {% when 47000523157 %}\n                         <img src=\"https://github.com/wedosoft/kohyoung/blob/main/images/KYE-Distributors-Only.png?raw=true\" alt=\"KYE-Distributors\">\n                         <p class=\"icon_txt\">KYE-DISTRIBUTORS ONLY</p>\n                       {% when 47000253223 %}\n                         <img src=\"https://github.com/wedosoft/kohyoung/blob/main/images/help-desk.png?raw=true\" alt=\"Abouthelpdesk\">\n-                        <p class=\"icon_txt\">ABOUT HELP CENTER</p>\n+                        <p class=\"icon_txt\">Terms of Use, About Koh Young, Frequently Asked Questions</p>\n                       {% when 47000520250 %}\n                         <img src=\"https://github.com/wedosoft/kohyoung/blob/main/images/admin.png?raw=true\" alt=\"Admin\">             \n                         <p class=\"icon_txt\">ADMIN</p>\n                       {% when 47000523502 %}\n@@ -114,9 +114,9 @@\n   .category-list-item__icon img {height: 40px;}\n   .category-list-item__link .meta {display: none;}\n   .category-list-item__icon:hover .icon_txt {display: block;}\n   /* Add Jin 포털 홈 Knowledge base box:hover txt CSS */\n-  .icon_txt {display: none; position: absolute; top: 100px; right: 30px; background: #93c450b3; border-radius: 5px; padding: 10px 10px 10px; width: 130px; text-align: center; color: #ffff; line-height: 20px; z-index: 3; font-size: 13px;}\n+  .icon_txt {display: none; position: absolute; top: 100px; right: 30px; background: #93c450b3; border-radius: 5px; padding: 10px 10px 10px; width: 200px; text-align: center; color: #ffff; line-height: 20px; z-index: 3; font-size: 12px;}\n   \n   .icon_txt:after {\n     position: absolute;\n     top: -15px;\n"
                },
                {
                    "date": 1650607258790,
                    "content": "Index: \n===================================================================\n--- \n+++ \n@@ -30,9 +30,9 @@\n       <div class=\"category-list-wrapper\" id=\"category-list\">\n         <ul class=\"row category-list\">\n           {% for category in portal.solution_categories %}\n             {% if category.folders_count > 0 %}\n-              <li class=\"column column--sm-6 category-list-item\">   \n+              <li class=\"column column--sm-home category-list-item\">   \n                 <a class=\"category-list-item__link\" href=\"{{category.url}}\">\n                   <!--2022 04 Add Jin solution layout End -->\n                   <span class=\"category-list-item__icon\">\n                     {% case category.id %}                    \n"
                },
                {
                    "date": 1650608881464,
                    "content": "Index: \n===================================================================\n--- \n+++ \n@@ -90,71 +90,4 @@\n       </div>\n     {% endif %}\n   </div>\n </div>\n-<style>\n-   /* Add Jin 포털 홈 Knowledge base icon txt CSS */\n-  .category-list-title a {color: #222;}\n-  .column--sm-6 {width: 25%;}\n-  .category-list-item__link {\n-    display: block;\n-    text-align: center;\n-    padding: 20px 30px;\n-    font-weight: 400;\n-    color: #666;\n-    background-color: #fff;\n-    border-radius: 8px;\n-    transition: all 0.3s ease;\n-    text-transform: uppercase;\n-  }\n-  .category-list-item__icon {\n-    display: block;\n-    text-align: center;\n-  }\n-  .category-list-item__title {display: inline-block; font-size: 14px; margin-bottom: 0; padding-top: 10px; font-weight: 300;}\n-  .category-list-item__icon img {height: 40px;}\n-  .category-list-item__link .meta {display: none;}\n-  .category-list-item__icon:hover .icon_txt {display: block;}\n-  /* Add Jin 포털 홈 Knowledge base box:hover txt CSS */\n-  .icon_txt {display: none; position: absolute; top: 100px; right: 30px; background: #93c450b3; border-radius: 5px; padding: 10px 10px 10px; width: 200px; text-align: center; color: #ffff; line-height: 20px; z-index: 3; font-size: 12px;}\n-  \n-  .icon_txt:after {\n-    position: absolute;\n-    top: -15px;\n-    left: 20%;\n-    width: 0;\n-    height: 0;\n-    margin-left: -10px;\n-    border: solid transparent;\n-    border-bottom-color: #93c450b3;\n-    border-width: 8px;\n-    pointer-events: none;\n-    content: ' ';\n-  }\n-/* Add Jin 반응형 iPad 포털 홈 Knowledge base icon txt CSS */\n-  @media (max-width: 1024px) {\n-    .column--sm-6 {width: 33.3%;}\n-    .category-list-item__icon {text-align: center;}\n-    .category-list-item__icon img {height: 30px;}\n-    .cli-txt {font-size: 12px;}\n-  }\n-  @media (max-width: 768px) {\n-    .category-list-item__icon {left: 23.3%; text-align: center;}\n-  }\n-/* Add Jin 반응형 Mobile 포털 홈 Knowledge base icon txt CSS */\n-  @media (max-width: 635px) {\n-    .column--sm-6 {width: 50%;}\n-   \n-  }\n-\n-  @media (max-width: 435px) {\n-    .column--sm-6 {width: 100%;}\n-    .category-list-item__icon {float: left;}\n-    .category-list-item__icon img {height: 35px; margin-top: -5px;}\n-    .cli-txt {font-size: 14px; padding-top: 0px;}\n-  }\n-   @media (max-width: 280px) {\n-    .column--sm-6 {width: 100%;}\n-    .category-list-item__icon img {height: 25px; margin-top: -5px;}\n-    .cli-txt {font-size: 12px; padding-top: 0px;}\n-  }\n-</style>\n\\ No newline at end of file\n"
                }
            ],
            "date": 1649901286298,
            "name": "Commit-0",
            "content": "{% assign category_list_enabled = true %}\n{% assign recent_articles_enabled = true %}\n\n<div class=\"bt-container\" data-home-page>\n  <div class=\"bt-container-inner\">\n    {% if recent_articles_enabled %}\n      {% if portal.recent_articles.size > 0 %}\n        <div class=\"recent-articles\" id=\"recent-articles\">\n          <h2 class=\"recent-articles__title text-center\">RECENT ARTICLES</h2>\n          <ul class=\"row articles recent-articles__list\">\n            {% for article in portal.recent_articles limit:6 %}\n              <li class=\"column column--sm-4 articles__item recent-articles-item\">\n                <a class=\"articles__link\" href=\"{{ article.url }}\"><span class=\"fa fa-star\"></span> {{ article.title | h }}</a>\n                <p class=\"recent-articles-item__excerpt meta\">\n                  {{ article.body_plain | h |truncate:80 }}\n                </p>\n              </li>\n            {% endfor %}\n          </ul>\n        </div>\n      {% endif %}\n    {% endif %}\n  </div>\n</div>\n\n<div class=\"bt-container bt-container--grey clearfix\">\n  <div class=\"bt-container-inner\">\n    {% if category_list_enabled %}\n      <h2 class=\"category-list-title\"><a href=\"/ko/support/solutions\">BROWSER OUR KNOWLEDGE BASE</a></h2>\n      <div class=\"category-list-wrapper\" id=\"category-list\">\n        <ul class=\"row category-list\">\n          {% for category in portal.solution_categories %}\n            {% if category.folders_count > 0 %}\n              <li class=\"column column--sm-6 category-list-item\">   \n                <a class=\"category-list-item__link\" href=\"{{category.url}}\">\n                  <!--2022 04 Add Jin solution layout End -->\n                  <span class=\"category-list-item__icon\">\n                    {% case category.id %}                    \n                      {% when 47000253217 %}\n                        <img src=\"https://github.com/wedosoft/kohyoung/blob/main/images/official-documents.png?raw=true\" alt=\"Official-documents\">\n                      <p class=\"icon_txt\">OFFICAL DOCUMENTS</p>\n                      {% when 47000253218 %}\n                        <img src=\"https://github.com/wedosoft/kohyoung/blob/main/images/Release-Notes.png?raw=true\" alt=\"Releasenote\">\n                        <p class=\"icon_txt\">RELEASE NOTE</p>\n                      {% when 47000253219 %}\n                        <img src=\"https://github.com/wedosoft/kohyoung/blob/main/images/Application-Note.png?raw=true\" alt=\"APPLICATION NOTE\">\n                        <p class=\"icon_txt\">APPLICATION NOTE</p>\n                      {% when 47000253220 %}\n                        <img src=\"https://raw.githubusercontent.com/wedosoft/kohyoung/main/images/Icon_Koh-Young-Inspection-Machine-BW_LowRes.png\" alt=\"Hardware\">\n                        <p class=\"icon_txt\">HARDWARE</p>              \n                      {% when 47000253222 %}\n                        <img src=\"https://github.com/wedosoft/kohyoung/blob/main/images/download.png?raw=true\" alt=\"SOFTWARE DOWNLOAD\">   \n                        <p class=\"icon_txt\">SOFTWARE DOWNLOAD</p>              \n                      {% when 47000253224 %}\n                        <img src=\"https://breezythemes.s3-us-west-2.amazonaws.com/kohyoung/icon8.png\" alt=\"\" />                   \n                      {% when 47000253225 %}\n                        <img src=\"https://www.wedosoft.net/wordpress/wp-content/uploads/2021/08/FAQ.png\" alt=\"\" />   \n                        <p class=\"icon_txt\">CUSTOMER FAQ</p>              \n                      {% when 47000253226 %}\n                        <img src=\"https://github.com/wedosoft/kohyoung/blob/main/images/Team-activity.png?raw=true\" alt=\"AE TEAM ACTIVITY\">\n                        <p class=\"icon_txt\">AE TEAM ACTIVITY</p>\n                      {% when 47000253221 %}\n                        <img src=\"https://github.com/wedosoft/kohyoung/blob/main/images/Troubleshooting.png?raw=true\" alt=\"TROUBLESHOOTING\">\n                        <p class=\"icon_txt\">TROUBLE SHOOTING</p>\n                      {% when 47000520739 %}\n                        <img src=\"https://www.wedosoft.net/wordpress/wp-content/uploads/2021/08/Partners.png\" alt=\"\">\n                        <p class=\"icon_txt\">PARTNER'S PAGE</p>\n                      {% when 47000523081 %}\n                        <img src=\"https://www.wedosoft.net/wordpress/wp-content/uploads/2021/08/Forums.png\" alt=\"\">\n                        <p class=\"icon_txt\">FORUMS</p>\n                      {% when 47000523157 %}\n                        <img src=\"https://github.com/wedosoft/kohyoung/blob/main/images/KYE-Distributors-Only.png?raw=true\" alt=\"KYE-Distributors\">\n                        <p class=\"icon_txt\">KYE-DISTRIBUTORS ONLY</p>\n                      {% when 47000253223 %}\n                        <img src=\"https://github.com/wedosoft/kohyoung/blob/main/images/help-desk.png?raw=true\" alt=\"Abouthelpdesk\">\n                        <p class=\"icon_txt\">ABOUT HELP CENTER</p>\n                      {% when 47000520250 %}\n                        <img src=\"https://github.com/wedosoft/kohyoung/blob/main/images/admin.png?raw=true\" alt=\"Admin\">             \n                        <p class=\"icon_txt\">ADMIN</p>\n                      {% when 47000523731 %}\n                        <img src=\"https://www.wedosoft.net/wordpress/wp-content/uploads/2021/10/LMS.png\" alt=\"\">\n                        <p class=\"icon_txt\">KOHYOUNG LMS</p>  \n                      {% when 47000523502 %}\n                        <img src=\"https://www.wedosoft.net/wordpress/wp-content/uploads/2021/10/ASIA.png\" alt=\"\" />\n                        <p class=\"icon_txt\">KYSEA DISTRIBUTORS</p>\n                      {% when 47000524414 %}\n                        <img src=\"https://github.com/wedosoft/kohyoung/blob/main/images/Release-Notes.png?raw=true\" alt=\"KOREA_SUPPORT\">\n                        <p class=\"icon_txt\">KOREA SUPPORT</p>\n                      {% else %}                                      \n                      <img src=\"https://breezythemes.s3-us-west-2.amazonaws.com/kohyoung/category-default.png\" alt=\"\" />\n                    {% endcase %}\n                  </span>      \n                  <h2 class=\"h5 category-list-item__title\">{{category.name}}</h2>\n                </a>\n              </li>\n            {% endif %}\n          {% endfor %}\n        </ul>\n      </div>\n    {% endif %}\n  </div>\n</div>\n<style>\n   /* Add Jin 포털 홈 Knowledge base icon txt CSS */\n  .category-list-title a {color: #222;}\n  .column--sm-6 {width: 25%;}\n  .category-list-item__link {\n    display: block;\n    text-align: center;\n    padding: 20px 30px;\n    font-weight: 400;\n    color: #666;\n    background-color: #fff;\n    border-radius: 8px;\n    transition: all 0.3s ease;\n    text-transform: uppercase;\n  }\n  .category-list-item__icon {\n    display: block;\n    text-align: center;\n  }\n  .category-list-item__title {display: inline-block; font-size: 14px; margin-bottom: 0; padding-top: 10px; font-weight: 300;}\n  .category-list-item__icon img {height: 40px;}\n  .category-list-item__link .meta {display: none;}\n  .category-list-item__icon:hover .icon_txt {display: block;}\n  /* Add Jin 포털 홈 Knowledge base box:hover txt CSS */\n  .icon_txt {display: none; position: absolute; top: 100px; right: 30px; background: #93c450b3; border-radius: 5px; padding: 10px 10px 10px; width: 130px; text-align: center; color: #ffff; line-height: 20px; z-index: 3; font-size: 13px;}\n  \n  .icon_txt:after {\n    position: absolute;\n    top: -15px;\n    left: 20%;\n    width: 0;\n    height: 0;\n    margin-left: -10px;\n    border: solid transparent;\n    border-bottom-color: #93c450b3;\n    border-width: 8px;\n    pointer-events: none;\n    content: ' ';\n  }\n/* Add Jin 반응형 iPad 포털 홈 Knowledge base icon txt CSS */\n  @media (max-width: 1024px) {\n    .column--sm-6 {width: 33.3%;}\n    .category-list-item__icon {text-align: center;}\n    .category-list-item__icon img {height: 30px;}\n    .cli-txt {font-size: 12px;}\n  }\n  @media (max-width: 768px) {\n    .category-list-item__icon {left: 23.3%; text-align: center;}\n  }\n/* Add Jin 반응형 Mobile 포털 홈 Knowledge base icon txt CSS */\n  @media (max-width: 635px) {\n    .column--sm-6 {width: 50%;}\n   \n  }\n\n  @media (max-width: 435px) {\n    .column--sm-6 {width: 100%;}\n    .category-list-item__icon {float: left;}\n    .category-list-item__icon img {height: 35px; margin-top: -5px;}\n    .cli-txt {font-size: 14px; padding-top: 0px;}\n  }\n   @media (max-width: 280px) {\n    .column--sm-6 {width: 100%;}\n    .category-list-item__icon img {height: 25px; margin-top: -5px;}\n    .cli-txt {font-size: 12px; padding-top: 0px;}\n  }\n</style>"
        }
    ]
}