{
    "sourceFile": "templates/06-new-user-signup.html",
    "activeCommit": 0,
    "commits": [
        {
            "activePatchIndex": 0,
            "patches": [
                {
                    "date": 1646373444813,
                    "content": "Index: \n===================================================================\n--- \n+++ \n"
                }
            ],
            "date": 1646373444813,
            "name": "Commit-0",
            "content": "<div class=\"bt-container\">\n  <div class=\"bt-container-inner\">\n    <div class=\"signup-page\" id=\"login-page-wrapper\">\n      <div class=\"row clearfix\">\n        <div class=\"column column--sm-8 column--sm-offset-2 column--md-6 column--md-offset-3\">\n          <h1 class=\"h3 signup-page__title\">\n            {% translate portal.user_signup_portal %} {{portal.name}}\n            {% translate portal.account %}\n          </h1>\n          {% snippet signup_form %}\n        </div>\n      </div>\n    </div>\n  </div>\n</div>"
        }
    ]
}