{
    "sourceFile": "templates/07-login-page.html",
    "activeCommit": 0,
    "commits": [
        {
            "activePatchIndex": 1,
            "patches": [
                {
                    "date": 1646373457736,
                    "content": "Index: \n===================================================================\n--- \n+++ \n"
                },
                {
                    "date": 1647395021109,
                    "content": "Index: \n===================================================================\n--- \n+++ \n@@ -43,5 +43,14 @@\n         </div>\n       </div>\n     </div>\n   </div>\n-</div>\n\\ No newline at end of file\n+</div>\n+<style>\n+  /* Add jin login button*/\n+  .btn-login {padding: 7px 40px 5px !important;}\n+  #forgot_password {font-size: 13px;}\n+  .freshid_login .agent-login-link a  {color: #93c450;}\n+  .freshid_login .agent-login-link a:hover {color: #7ba740;}\n+  .freshid_login .agent-login-link, .freshid_login .agent-login-link a {font-size: 13px;}\n+  .bt-login-alternate {display: none;}\n+</style>\n\\ No newline at end of file\n"
                }
            ],
            "date": 1646373457736,
            "name": "Commit-0",
            "content": "\n<div class=\"bt-container\">\n  <div class=\"bt-container-inner\">\n    <div class=\"bt-auth-page\" id=\"login-page-wrapper\">\n      <div class=\"row bt-auth-page__items clearfix\">\n        <div class=\"column column--sm-6 column--md-4 column--md-offset-2 bt-auth-page__item\" id=\"login-container\">\n          <div id=\"login-form\">\n            <h2 class=\"h3 auth-title\">{% translate portal.login_portal %}</h2>\n            <p class=\"meta\">{% translate portal.login_details %}</p>\n            {% snippet login_form %}\n\n            {% if portal.has_alternate_login %}\n              <div class=\"auth-item bt-login-alternate\">\n                <h2 class=\"h3 auth-title\">{% translate portal.login_options %}</h2>\n                {{ \"Google\" | login_via_google }}\n                {{ \"Facebook\" | login_via_facebook }}\n                {{ \"Twitter\" | login_via_twitter }}\n              </div>\n            {% endif %}\n          </div>\n          <div id=\"forgot-form\" class=\"hide\">\n            <h2 class=\"h3 auth-title\">{% translate forgot_password %}</h2>\n            <p>{% translate portal.reset_password %}</p>\n            {% snippet forgot_password_form %}\n          </div>\n        </div>\n        <div class=\"column column--sm-6 column--md-4 bt-auth-page__item\">\n          <div class=\"bt-auth-page__signup-wrapper\">\n            {% if portal.can_signup_feature %}\n              <div class=\"auth-item signup\" id=\"signup-container\">\n                <h2 class=\"h3 auth-title\">{% translate signup %}</h2>\n                <p>\n                  <a href=\"{{ portal.signup_url }}\" class=\"btn btn-primary\">\n                    {% translate signup_up_with_us %}\n                  </a>\n                </p>\n                <p class=\"meta\">\n                  {% translate signup_help_information %}\n                </p>\n              </div>\n            {% endif %}\n          </div>\n        </div>\n      </div>\n    </div>\n  </div>\n</div>"
        }
    ]
}