{
    "sourceFile": "templates/08-search-results.html",
    "activeCommit": 0,
    "commits": [
        {
            "activePatchIndex": 0,
            "patches": [
                {
                    "date": 1646373469406,
                    "content": "Index: \n===================================================================\n--- \n+++ \n"
                }
            ],
            "date": 1646373469406,
            "name": "Commit-0",
            "content": "<div class=\"bt-container\">\n  <div class=\"bt-container-inner\">\n    <div class=\"search-results-page\">\n      <div class=\"row search-results clearfix\">\n        \n        <div class=\"column column--sm-4 column--md-3 search-results-sidebar\">\n          <div class=\"search-results-filters\">\n            {{search | default_filters}}\n          </div>\n        </div>\n        \n        <section class=\"column column--sm-8 column--md-9 search-results-column\">\n          <h1 class=\"h4 search-results-count\">{% translate portal.search.results_for %} \"{{search.term | escape_once}}\"</h1>\n          {% if search.result_count != 0 %}\n            <ul class=\"list-unstyled search-results__list\">\n              {% for result in search.results %}\n                <li class=\"search-result search-result--{{ result.type | downcase }}-item\">\n                  <h3 class=\"h5 search-result__title\">\n                    <a href=\"{{result.url}}\" class=\"search-result__link\">{{result.title}}</a>\n                  </h3>\n                  \n                  <p class=\"search-result__description\">{{result.desc}}</p>\n                  \n                  <div class=\"meta search-result__meta\">\n                    <span class=\"meta__item\">\n                      <span class=\"search-result__group\">{{ result.group }}</span>\n                    </span>\n                    <span class=\"meta__item\">\n                      {{result.source.created_on | short_day_with_time}}\n                    </span>\n                  </div>\n                </li>          \n              {% endfor %}\n            </ul>\n            <div class=\"text-center\">\n              {{search.pagination}}\n            </div>\n          {% else %}\n            <p>{% translate search.no_results_msg %}</p>\n          {% endif %}\n        </section>\n      </div>\n    </div>\n  </div>\n</div>\n"
        }
    ]
}