{
    "sourceFile": "templates/09-kysolutions-home.html",
    "activeCommit": 0,
    "commits": [
        {
            "activePatchIndex": 2,
            "patches": [
                {
                    "date": 1646373486853,
                    "content": "Index: \n===================================================================\n--- \n+++ \n"
                },
                {
                    "date": 1646979313393,
                    "content": "Index: \n===================================================================\n--- \n+++ \n@@ -19,155 +19,187 @@\n         <div class=\"search-box search-box--small\">\n           {% snippet search_form %}\n         </div>    \n       </div>\n-    </div>                  \n-\n-         <!-- CATEGORY LIST -->\n-    {% if category_list_enabled %}\n-\t\t<div class=\"category-list-wrapper\" id=\"category-list\">\n-\t\t  <h2 class=\"category-list-title\">Knowledge base</h2>\n-\t\t  <ul class=\"row category-list\">\n-\t\t\t{% for category in portal.solution_categories %}\n-\t\t\t  {% if category.folders_count > 0 %}\n-\t\t\t\t<li class=\"column column column--sm-6 category-list-item\" id=\"{{category.id}}\">\n-\t\t\t\t  <a class=\"category-list-item__link\" href=\"{{category.url}}\">\n-\t\t\t\t\t {% case category.id %}\n-\t\t\t\t\t\t  {% when 72000258948 %}\n-\t\t\t\t\t\t\t\t<span class=\"category-list-item__icon\">\n-\t\t\t\t\t\t\t\t\t<img src=\"https://github.com/wedosoft/kohyoung/blob/main/images/help-desk.png?raw=true\" alt=\"Abouthelpdesk\">\n-\t\t\t\t\t\t\t\t\t<p class=\"icon_txt\">About the helpdesk</p>\n-\t\t\t\t\t\t\t\t</span>\n-\t\t\t\t\t\t  {% when 72000258708 %}\n-\t\t\t\t\t\t\t  <span class=\"category-list-item__icon\">\n-\t\t\t\t\t\t\t\t\t<img src=\"https://github.com/wedosoft/kohyoung/blob/main/images/FAQ.png?raw=true\" alt=\"FAQ\">\n-\t\t\t\t\t\t\t\t\t<p class=\"icon_txt\">FAQ</p>\n-\t\t\t\t\t\t\t\t</span>\n-\t\t\t\t\t\t  {% when 72000258957 %}\n-\t\t\t\t\t\t\t  <span class=\"category-list-item__icon\">\n-\t\t\t\t\t\t\t\t\t<img src=\"https://github.com/wedosoft/kohyoung/blob/main/images/KYE-Distributors-Only.png?raw=true\" alt=\"KYE-Distributors\">\n-\t\t\t\t\t\t\t\t\t<p class=\"icon_txt\">KYE-Distributors</p>\n-\t\t\t\t\t\t\t\t</span>\n-\t\t\t\t\t\t  {% when 72000258958 %}\n-\t\t\t\t\t\t\t  <span class=\"category-list-item__icon\">\n-\t\t\t\t\t\t\t\t\t<img src=\"https://github.com/wedosoft/kohyoung/blob/main/images/official-documents.png?raw=true\" alt=\"Official-documents\">\n-\t\t\t\t\t\t\t\t\t<p class=\"icon_txt\">Offical Documents</p>\n-\t\t\t\t\t\t\t\t</span>  \t\t\t\n-\t\t\t\t\t\t\t{% when 72000260390 %}\n-\t\t\t\t\t\t\t  <span class=\"category-list-item__icon\">\n-\t\t\t\t\t\t\t\t\t<img src=\"https://github.com/wedosoft/kohyoung/blob/main/images/Release-Notes.png?raw=true\" alt=\"Releasenote\">\n-\t\t\t\t\t\t\t\t\t<p class=\"icon_txt\">Release Note</p>\n-\t\t\t\t\t\t\t  </span>\n-\t\t\t\t\t\t\t{% when 72000260425 %}\n-\t\t\t\t\t\t\t  <span class=\"category-list-item__icon\">\n-\t\t\t\t\t\t\t\t\t<img src=\"https://github.com/wedosoft/kohyoung/blob/main/images/Application-Note.png?raw=true\" alt=\"APPLICATION NOTE\">\n-\t\t\t\t\t\t\t\t\t<p class=\"icon_txt\">Application Note</p>\n-\t\t\t\t\t\t\t  </span>\n-\t\t\t\t\t\t\t{% when 72000260426 %}\n-\t\t\t\t\t\t\t  <span class=\"category-list-item__icon\">\n-\t\t\t\t\t\t\t\t\t<img src=\"https://raw.githubusercontent.com/wedosoft/kohyoung/main/images/Icon_Koh-Young-Inspection-Machine-BW_LowRes.png\" alt=\"Hardware\">\n-\t\t\t\t\t\t\t\t\t<p class=\"icon_txt\">Hardware</p>\n-\t\t\t\t\t\t\t  </span>\n-\t\t\t\t\t\t\t{% when 72000260427 %}\n-\t\t\t\t\t\t\t  <span class=\"category-list-item__icon\">\n-\t\t\t\t\t\t\t\t\t<img src=\"https://github.com/wedosoft/kohyoung/blob/main/images/Troubleshooting.png?raw=true\" alt=\"TROUBLESHOOTING\">\n-\t\t\t\t\t\t\t\t\t<p class=\"icon_txt\">Trouble Shooting</p>\n-\t\t\t\t\t\t\t  </span>\n-\t\t\t\t\t\t\t{% when 72000260428 %}\n-\t\t\t\t\t\t\t  <span class=\"category-list-item__icon\">\n-\t\t\t\t\t\t\t\t\t<img src=\"https://github.com/wedosoft/kohyoung/blob/main/images/download.png?raw=true\" alt=\"SOFTWARE DOWNLOAD\">\n-\t\t\t\t\t\t\t\t\t<p class=\"icon_txt\">Software Download</p>\n-\t\t\t\t\t\t\t  </span>\n-\t\t\t\t\t\t\t{% when 72000260429 %}\n-\t\t\t\t\t\t\t  <span class=\"category-list-item__icon\">\n-\t\t\t\t\t\t\t\t\t<img src=\"https://github.com/wedosoft/kohyoung/blob/main/images/Team-activity.png?raw=true\" alt=\"AE TEAM ACTIVITY\">\n-\t\t\t\t\t\t\t\t\t<p class=\"icon_txt\">Ae Team Activity</p>\n-\t\t\t\t\t\t\t  </span>\n-\t\t\t\t\t\t\t{% when 72000260430 %}\n-\t\t\t\t\t\t\t  <span class=\"category-list-item__icon\">\n-\t\t\t\t\t\t\t\t\t<img src=\"https://github.com/wedosoft/kohyoung/blob/main/images/admin.png?raw=true\" alt=\"Admin\">\n-\t\t\t\t\t\t\t\t\t<p class=\"icon_txt\">Admin</p>\n-\t\t\t\t\t\t\t  </span>\n-\t\t\t\t\t\t\t{% when 72000260431 %}\n-\t\t\t\t\t\t\t  <span class=\"category-list-item__icon\">\n-\t\t\t\t\t\t\t\t\t<img src=\"https://github.com/wedosoft/kohyoung/blob/main/images/KYE-Distributors-Only.png?raw=true\" alt=\"KYSEA Distributors\">\n-\t\t\t\t\t\t\t\t\t<p class=\"icon_txt\">KYSEA Distributors</p>\n-\t\t\t\t\t\t\t  </span>\n-\t\t\t\t\t\t\t{% when 72000260433 %}\n-\t\t\t\t\t\t\t  <span class=\"category-list-item__icon\">\n-\t\t\t\t\t\t\t\t\t<img src=\"https://github.com/wedosoft/kohyoung/blob/main/images/Release-Notes.png?raw=true\" alt=\"KOREA_SUPPORT\">\n-\t\t\t\t\t\t\t\t\t<p class=\"icon_txt\">Korea Support</p>\n-\t\t\t\t\t\t\t  </span>\n-\t\t\t\t\t\t  {% endcase %}\n-\t\t\t\t\t<h2 class=\"h5 category-list-item__title\">{{category.name}}</h2>\n-\t\t\t\t\t<p class=\"meta\">{{category.description}}</p>\n-\t\t\t\t  </a>\n-\t\t\t\t</li>\n-\t\t\t  {% endif %}\n-\t\t\t{% endfor %}\n-\t\t  </ul>\n-\t\t</div>\n-\t  {% endif %}\n-\t  <!-- / CATEGORY LIST -->\n-  </div>\n+   </div>     \n+  \n+  {% if category_list_enabled %}\n+    <h2 class=\"category-list-title\">Broswer Our Knowledge Base</h2>\n+    <ul class=\"row category-list clearfix\" id=\"category-list\">\n+      {% for category in portal.solution_categories %}\n+        {% if category.folders_count > 0 %}\n+           <li class=\"column column column--sm-6 category-list-item\" id=\"{{category.id}}\">\n+            <a class=\"category-list-item__link\" href=\"{{category.url}}\">       \n+                {% case category.id %}                    \n+                    <!-- Add Jin 솔루션 홈 Knowledge base icon txt -->\n+                  {% when 72000258948 %}\n+                  \t<span class=\"category-list-item__icon\">\n+                      <img src=\"https://github.com/wedosoft/kohyoung/blob/main/images/help-desk.png?raw=true\" alt=\"Abouthelpdesk\">\n+                      <p class=\"cli-txt\">ABOUT</p>\n+                      <p class=\"icon_txt\">ABOUT THE HELP CENTER</p>\n+                  \t</span>\n+                  {% when 72000258708 %}\n+                    <span class=\"category-list-item__icon\">\n+                      <img src=\"https://github.com/wedosoft/kohyoung/blob/main/images/FAQ.png?raw=true\" alt=\"FAQ\">\n+                      <p class=\"cli-txt\">FAQ</p>\n+                      <p class=\"icon_txt\">CUSTOMER FAQ</p>\n+                  \t</span>\n+                  {% when 72000258957 %}\n+                    <span class=\"category-list-item__icon\">\n+                      <img src=\"https://github.com/wedosoft/kohyoung/blob/main/images/KYE-Distributors-Only.png?raw=true\" alt=\"KYE-Distributors\">\n+                      <p class=\"cli-txt\">KYE</p>\n+                      <p class=\"icon_txt\">KYE-DISTRIBUTORS</p>\n+                  \t</span>\n+                  {% when 72000258958 %}\n+                    <span class=\"category-list-item__icon\">\n+                      <img src=\"https://github.com/wedosoft/kohyoung/blob/main/images/official-documents.png?raw=true\" alt=\"Official-documents\">\n+                      <p class=\"cli-txt\">OFFICAL</p>\n+                      <p class=\"icon_txt\">OFFICAL DOCUMENTS</p>\n+                  \t</span>  \t\t\t\n+                  {% when 72000260390 %}\n+                    <span class=\"category-list-item__icon\">\n+                      <img src=\"https://github.com/wedosoft/kohyoung/blob/main/images/Release-Notes.png?raw=true\" alt=\"Releasenote\">\n+                      <p class=\"cli-txt\">RELEASE</p>\n+                      <p class=\"icon_txt\">RELEASE NOTE</p>\n+                    </span>\n+                  {% when 72000260425 %}\n+                    <span class=\"category-list-item__icon\">\n+                      <img src=\"https://github.com/wedosoft/kohyoung/blob/main/images/Application-Note.png?raw=true\" alt=\"APPLICATION NOTE\">\n+                      <p class=\"cli-txt\">APP NOTE</p>\n+                      <p class=\"icon_txt\">APPLICATION NOTE</p>\n+                    </span>\n+                  {% when 72000260426 %}\n+                    <span class=\"category-list-item__icon\">\n+                      <img src=\"https://raw.githubusercontent.com/wedosoft/kohyoung/main/images/Icon_Koh-Young-Inspection-Machine-BW_LowRes.png\" alt=\"Hardware\">\n+                      <p class=\"cli-txt\">HARDWARE</p>\n+                      <p class=\"icon_txt\">HARDWARE</p>\n+                    </span>\n+                  {% when 72000260427 %}\n+                    <span class=\"category-list-item__icon\">\n+                      <img src=\"https://github.com/wedosoft/kohyoung/blob/main/images/Troubleshooting.png?raw=true\" alt=\"TROUBLESHOOTING\">\n+                      <p class=\"cli-txt\">TROUBLE</p>\n+                      <p class=\"icon_txt\">TROUBLE SHOOTING</p>\n+                    </span>\n+                  {% when 72000260428 %}\n+                    <span class=\"category-list-item__icon\">\n+                      <img src=\"https://github.com/wedosoft/kohyoung/blob/main/images/download.png?raw=true\" alt=\"SOFTWARE DOWNLOAD\">\n+                      <p class=\"cli-txt\">SOFTWARE</p>\n+                      <p class=\"icon_txt\">SOFTWARE DOWNLOAD</p>\n+                    </span>\n+                  {% when 72000260429 %}\n+                    <span class=\"category-list-item__icon\">\n+                      <img src=\"https://github.com/wedosoft/kohyoung/blob/main/images/Team-activity.png?raw=true\" alt=\"AE TEAM ACTIVITY\">\n+                      <p class=\"cli-txt\">ACTIVITY</p>\n+                      <p class=\"icon_txt\">AE TEAM ACTIVITY</p>\n+                    </span>\n+                  {% when 72000260430 %}\n+                    <span class=\"category-list-item__icon\">\n+                      <img src=\"https://github.com/wedosoft/kohyoung/blob/main/images/admin.png?raw=true\" alt=\"Admin\">\n+                      <p class=\"cli-txt\">ADMIN</p>\n+                      <p class=\"icon_txt\">ADMIN</p>\n+                    </span>\n+                  {% when 72000260431 %}\n+                    <span class=\"category-list-item__icon\">\n+                      <img src=\"https://github.com/wedosoft/kohyoung/blob/main/images/KYE-Distributors-Only.png?raw=true\" alt=\"KYSEA Distributors\">\n+                      \t<p class=\"cli-txt\">KYESA</p>\n+                        <p class=\"icon_txt\">KYSEA DISTRIBUTORS</p>\n+                    </span>\n+                  {% when 72000260433 %}\n+                    <span class=\"category-list-item__icon\">\n+                      <img src=\"https://github.com/wedosoft/kohyoung/blob/main/images/Release-Notes.png?raw=true\" alt=\"KOREA_SUPPORT\">\n+                      <p class=\"cli-txt\">K-SUPPORT</p>\n+                      <p class=\"icon_txt\">KOREA SUPPORT</p>\n+                    </span>\n+                {% endcase %}\n+              </span>\n+              <p class=\"meta\">{{category.description}}</p>\n+            </a>\n+          </li>\n+        {% endif %}\n+      {% endfor %}\n+    </ul>\n+  {% endif %}\n+  \n+  {% if category_tree_enabled %}\n+    <div class=\"category-tree\" id=\"category-tree\">\n+      {% for category in portal.solution_categories %}\n+        {% if category.folders_count > 0 %}\n+          <section class=\"category-tree-item\">\n+            <h2 class=\"category-tree-item__title\">\n+              <a class=\"category-tree-item__title-link\" href=\"{{category.url}}\">{{category.name}}</a>\n+            </h2>\n+            <div class=\"category-tree-item__folders row clearfix\">\n+              {% for folder in category.folders %}\n+                {% if folder.articles_count > 0 %}\n+                  <section class=\"column column--sm-6 column--md-4 folder\">\n+                    <h3 class=\"folder__title\">\n+                      <a class=\"folder__title-link\" href=\"{{folder.url}}\">{{folder.name}}</a>\n+                    </h3>\n+                    <ul class=\"articles\">\n+                      {% for article in folder.articles | limit: 5 %}\n+                        <li class=\"articles__item\">\n+                          <a class=\"articles__link\" href=\"{{article.url}}\">{{article.title | h}}</a>\n+                        </li>\n+                      {% endfor %}\n+                    </ul>\n+                    {% if folder.articles.size > 5 %}\n+                      <a href=\"{{folder.url}}\" class=\"btn btn-default see-all-articles\">\n+                        View all ({{folder.articles_count}})\n+                      </a>\n+                    {% endif %}\n+                  </section>\n+                {% endif %}\n+              {% else %}\n+                {{portal | filler_for_solutions}}\n+              {% endfor %}\n+            </div>\n+          </section>\n+        {% endif %}\n+      {% endfor %}\n+    </div>\n+  {% endif %}\n </div>\n \n-<!-- CATEGORY TREEE -->\n-{% if category_tree_enabled %}\n-  <div class=\"category-tree\" id=\"category-tree\">\n-    {% for category in portal.solution_categories %}\n-      {% if category.folders_count > 0 %}\n-        <section class=\"category-tree-item\">\n-          <div class=\"container\">\n-            <div class=\"container-inner\">\n-              <h2 class=\"category-tree-item__title\">\n-                <a class=\"category-tree-item__title-link\" href=\"{{category.url}}\">{{category.name}}</a>\n-              </h2>\n-              <div class=\"category-tree-item__folders row clearfix\">\n-                {% for folder in category.folders %}\n-                  {% if folder.articles_count > 0 %}\n-                    <section class=\"column column--sm-6 column--md-4 folder\">\n-                      <h3 class=\"folder__title\">\n-                        <a class=\"folder__title-link\" href=\"{{folder.url}}\">{{folder.name}}</a>\n-                      </h3>\n-                      <ul class=\"articles\">\n-                        {% for article in folder.articles | limit: 5 %}\n-                          <li class=\"articles__item\">\n-                            <a class=\"articles__link\" href=\"{{ article.url }}\">{{ article.title | h }}</a>\n-                          </li>\n-                        {% endfor %}\n-                      </ul>\n-                      {% if folder.articles.size > 5 %}\n-                        <a href=\"{{ folder.url }}\" class=\"btn btn-default see-all-articles\">View all ({{folder.articles_count}})</a>\n-                      {% endif %}\n-                    </section>\n-                  {% endif %}\n-                {% else %}\n-                  {{ portal | filler_for_solutions }}\n-                {% endfor %}\n-              </div>\n-            </div>\n-          </div>\n-        </section>\n-      {% endif %}\n-    {% endfor %}\n-  </div>\n-{% endif %}\n-<!-- / CATEGORY TREE -->\n <style>\n-  .category-list-item__link {text-align: center; padding-left: 0;}\n+  /* Add Jin 0308 솔루션 홈 Search 아이콘 추가*/\n+  .hc-search-input:before {\n+    left: 10px;\n+    position: absolute;\n+    top: 50%;\n+    left: 10px;\n+    width: 24px;\n+    height: 24px;\n+    content: \"\";\n+    background: url(https://raw.githubusercontent.com/wedosoft/kohyoung/main/%EA%B3%A0%EC%98%81_%EC%9D%B4%EB%AF%B8%EC%A7%80/%EC%9D%B4%EB%AF%B8%EC%A7%80/kysearch-icon.png) no-repeat;\n+    background-size: cover;\n+    transform: translateY(-50%);\n+    margin: 1px 0 0 8px;\n+  }\n+ /* Add Jin 솔루션 홈 Knowledge base icon txt CSS */\n+  .column--sm-6 {width: 25%;}\n+  .category-list-item__link {\n+    display: block;\n+    padding: 18px 0px 56px;\n+    font-weight: 400;\n+    color: #666;\n+    vertical-align: middle;\n+    background-color: #fff;\n+    border-radius: 8px;\n+    transition: all 0.3s ease;\n+  }\n   .category-list-item__icon {\n-    display: block; \n+    display: block;\n     float: left;\n     height: 40px;\n     position: absolute;\n-    top: 18px;\n-    left: 30px;\n+    left: 20%;\n   }\n+  .category-list-item__icon > .cli-txt {display: inline-block; margin-left: 30px; font-size: 16px;}\n   .category-list-item__icon img {height: 40px;}\n   .category-list-item__link .meta {display: none;}\n-  .category-list-item__icon:hover .icon_txt {display: block;}\n-  .icon_txt {display: none; position: absolute; top: 50px; background: #93c450; border-radius: 5px; padding: 5px 5px 5px; width: 105px; text-align: left; color: #ffff; line-height: 20px; z-index: 3;}\n+  .category-list-item:hover .icon_txt {display: block;}\n+  /* Add Jin 솔루션 홈 Knowledge base box:hover txt CSS */\n+  .icon_txt {display: none; position: absolute; top: 50px; background: #93c450b3; border-radius: 5px; padding: 10px 10px 10px; width: 130px; text-align: center; color: #ffff; line-height: 20px; z-index: 3;}\n   \n   .icon_txt:after {\n     position: absolute;\n     top: -15px;\n@@ -175,21 +207,33 @@\n     width: 0;\n     height: 0;\n     margin-left: -10px;\n     border: solid transparent;\n-    border-bottom-color: #93c450;\n+    border-bottom-color: #93c450b3;\n     border-width: 8px;\n     pointer-events: none;\n     content: ' ';\n   }\n-  \n+/* Add Jin 반응형 iPad 솔루션 홈 Knowledge base icon txt CSS */\n+  @media (max-width: 1024px) {\n+    .column--sm-6 {width: 33.3%;}\n+    .category-list-item__link {padding: 20px 0px 50px;}\n+    .category-list-item__icon {left: 16.5%;}\n+    .category-list-item__icon img {height: 30px;}\n+    .category-list-item__icon > .cli-txt {margin-left: 10px; font-size: 14px;}\n+    .icon_txt {font-size: 14px;}\n+  }\n+/* Add Jin 반응형 Mobile 솔루션 홈 Knowledge base icon txt CSS */\n   @media (max-width: 45em) {\n-    .category-list-item__title {text-align: center; font-size: 14px; margin-right: -35px;}\n-    .category-list-item__link {padding: 15px;}\n-    .category-list-item__icon {top: 8px;}\n-}\n+    .column--sm-6 {width: 50%; padding-right: 0px;}\n+   .category-list-item__link {padding: 20px 0px 50px;}\n+   .category-list-item__icon > .cli-txt {margin-left: 5px; font-size: 14px;}\n+   .icon_txt {font-size: 14px; padding: 5px 5px 5px;}\n+   \n+  }\n   @media (max-width: 280px) {\n-    .category-list-item__icon {top: 10px;} \n-    .category-list-item__title {text-align: center; font-size: 12px; margin-right: -50px;}\n-    .category-list-item__icon img {height: 30px;}\n-}\n-</style>\n+   .column--sm-6 {padding-right: 0px;}\n+   .category-list-item__icon img {height: 25px;}\n+   .category-list-item__icon > .cli-txt {margin-left: 5px; font-size: 12px;}\n+   .icon_txt {font-size: 12px; padding: 5px 5px 5px;}\n+  }\n+</style>\n\\ No newline at end of file\n"
                },
                {
                    "date": 1647394978185,
                    "content": "Index: \n===================================================================\n--- \n+++ \n@@ -30,81 +30,81 @@\n            <li class=\"column column column--sm-6 category-list-item\" id=\"{{category.id}}\">\n             <a class=\"category-list-item__link\" href=\"{{category.url}}\">       \n                 {% case category.id %}                    \n                     <!-- Add Jin 솔루션 홈 Knowledge base icon txt -->\n-                  {% when 72000258948 %}\n+                  {% when 73000270889 %}\n                   \t<span class=\"category-list-item__icon\">\n                       <img src=\"https://github.com/wedosoft/kohyoung/blob/main/images/help-desk.png?raw=true\" alt=\"Abouthelpdesk\">\n                       <p class=\"cli-txt\">ABOUT</p>\n                       <p class=\"icon_txt\">ABOUT THE HELP CENTER</p>\n                   \t</span>\n-                  {% when 72000258708 %}\n+                  {% when 73000271110 %}\n                     <span class=\"category-list-item__icon\">\n                       <img src=\"https://github.com/wedosoft/kohyoung/blob/main/images/FAQ.png?raw=true\" alt=\"FAQ\">\n                       <p class=\"cli-txt\">FAQ</p>\n                       <p class=\"icon_txt\">CUSTOMER FAQ</p>\n                   \t</span>\n-                  {% when 72000258957 %}\n+                  {% when 73000271111 %}\n                     <span class=\"category-list-item__icon\">\n                       <img src=\"https://github.com/wedosoft/kohyoung/blob/main/images/KYE-Distributors-Only.png?raw=true\" alt=\"KYE-Distributors\">\n                       <p class=\"cli-txt\">KYE</p>\n                       <p class=\"icon_txt\">KYE-DISTRIBUTORS</p>\n                   \t</span>\n-                  {% when 72000258958 %}\n+                  {% when 73000271112 %}\n                     <span class=\"category-list-item__icon\">\n                       <img src=\"https://github.com/wedosoft/kohyoung/blob/main/images/official-documents.png?raw=true\" alt=\"Official-documents\">\n                       <p class=\"cli-txt\">OFFICAL</p>\n                       <p class=\"icon_txt\">OFFICAL DOCUMENTS</p>\n                   \t</span>  \t\t\t\n-                  {% when 72000260390 %}\n+                  {% when 73000271113 %}\n                     <span class=\"category-list-item__icon\">\n                       <img src=\"https://github.com/wedosoft/kohyoung/blob/main/images/Release-Notes.png?raw=true\" alt=\"Releasenote\">\n                       <p class=\"cli-txt\">RELEASE</p>\n                       <p class=\"icon_txt\">RELEASE NOTE</p>\n                     </span>\n-                  {% when 72000260425 %}\n+                  {% when 73000271115 %}\n                     <span class=\"category-list-item__icon\">\n                       <img src=\"https://github.com/wedosoft/kohyoung/blob/main/images/Application-Note.png?raw=true\" alt=\"APPLICATION NOTE\">\n                       <p class=\"cli-txt\">APP NOTE</p>\n                       <p class=\"icon_txt\">APPLICATION NOTE</p>\n                     </span>\n-                  {% when 72000260426 %}\n+                  {% when 73000271121 %}\n                     <span class=\"category-list-item__icon\">\n                       <img src=\"https://raw.githubusercontent.com/wedosoft/kohyoung/main/images/Icon_Koh-Young-Inspection-Machine-BW_LowRes.png\" alt=\"Hardware\">\n                       <p class=\"cli-txt\">HARDWARE</p>\n                       <p class=\"icon_txt\">HARDWARE</p>\n                     </span>\n-                  {% when 72000260427 %}\n+                  {% when 73000271122 %}\n                     <span class=\"category-list-item__icon\">\n                       <img src=\"https://github.com/wedosoft/kohyoung/blob/main/images/Troubleshooting.png?raw=true\" alt=\"TROUBLESHOOTING\">\n                       <p class=\"cli-txt\">TROUBLE</p>\n                       <p class=\"icon_txt\">TROUBLE SHOOTING</p>\n                     </span>\n-                  {% when 72000260428 %}\n+                  {% when 73000271125 %}\n                     <span class=\"category-list-item__icon\">\n                       <img src=\"https://github.com/wedosoft/kohyoung/blob/main/images/download.png?raw=true\" alt=\"SOFTWARE DOWNLOAD\">\n                       <p class=\"cli-txt\">SOFTWARE</p>\n                       <p class=\"icon_txt\">SOFTWARE DOWNLOAD</p>\n                     </span>\n-                  {% when 72000260429 %}\n+                  {% when 73000271127 %}\n                     <span class=\"category-list-item__icon\">\n                       <img src=\"https://github.com/wedosoft/kohyoung/blob/main/images/Team-activity.png?raw=true\" alt=\"AE TEAM ACTIVITY\">\n                       <p class=\"cli-txt\">ACTIVITY</p>\n                       <p class=\"icon_txt\">AE TEAM ACTIVITY</p>\n                     </span>\n-                  {% when 72000260430 %}\n+                  {% when 73000271128 %}\n                     <span class=\"category-list-item__icon\">\n                       <img src=\"https://github.com/wedosoft/kohyoung/blob/main/images/admin.png?raw=true\" alt=\"Admin\">\n                       <p class=\"cli-txt\">ADMIN</p>\n                       <p class=\"icon_txt\">ADMIN</p>\n                     </span>\n-                  {% when 72000260431 %}\n+                  {% when 73000271129 %}\n                     <span class=\"category-list-item__icon\">\n                       <img src=\"https://github.com/wedosoft/kohyoung/blob/main/images/KYE-Distributors-Only.png?raw=true\" alt=\"KYSEA Distributors\">\n                       \t<p class=\"cli-txt\">KYESA</p>\n                         <p class=\"icon_txt\">KYSEA DISTRIBUTORS</p>\n                     </span>\n-                  {% when 72000260433 %}\n+                  {% when 73000271130 %}\n                     <span class=\"category-list-item__icon\">\n                       <img src=\"https://github.com/wedosoft/kohyoung/blob/main/images/Release-Notes.png?raw=true\" alt=\"KOREA_SUPPORT\">\n                       <p class=\"cli-txt\">K-SUPPORT</p>\n                       <p class=\"icon_txt\">KOREA SUPPORT</p>\n"
                }
            ],
            "date": 1646373486853,
            "name": "Commit-0",
            "content": "{% assign category_list_enabled = true %}\n{% assign category_tree_enabled = false %}\n{% assign recent_articles_enabled = true %}\n\n<div class=\"bt-container\" data-home-page>\n  <div class=\"bt-container-inner\">\n    <div class=\"row clearfix\">\n      <div class=\"column column--sm-8\">\n        <ol class=\"breadcrumbs\">\n          <li>\n            <a href=\"{{portal.home_url}}\">{% translate header.tabs.home %}</a>\n          </li>\n          <li title=\"{% translate portal.solutions_home %}\">\n            {% translate portal.solutions_home %}\n          </li>\n        </ol>\n      </div>\n      <div class=\"column column--sm-4\">\n        <div class=\"search-box search-box--small\">\n          {% snippet search_form %}\n        </div>    \n      </div>\n    </div>                  \n\n         <!-- CATEGORY LIST -->\n    {% if category_list_enabled %}\n\t\t<div class=\"category-list-wrapper\" id=\"category-list\">\n\t\t  <h2 class=\"category-list-title\">Knowledge base</h2>\n\t\t  <ul class=\"row category-list\">\n\t\t\t{% for category in portal.solution_categories %}\n\t\t\t  {% if category.folders_count > 0 %}\n\t\t\t\t<li class=\"column column column--sm-6 category-list-item\" id=\"{{category.id}}\">\n\t\t\t\t  <a class=\"category-list-item__link\" href=\"{{category.url}}\">\n\t\t\t\t\t {% case category.id %}\n\t\t\t\t\t\t  {% when 72000258948 %}\n\t\t\t\t\t\t\t\t<span class=\"category-list-item__icon\">\n\t\t\t\t\t\t\t\t\t<img src=\"https://github.com/wedosoft/kohyoung/blob/main/images/help-desk.png?raw=true\" alt=\"Abouthelpdesk\">\n\t\t\t\t\t\t\t\t\t<p class=\"icon_txt\">About the helpdesk</p>\n\t\t\t\t\t\t\t\t</span>\n\t\t\t\t\t\t  {% when 72000258708 %}\n\t\t\t\t\t\t\t  <span class=\"category-list-item__icon\">\n\t\t\t\t\t\t\t\t\t<img src=\"https://github.com/wedosoft/kohyoung/blob/main/images/FAQ.png?raw=true\" alt=\"FAQ\">\n\t\t\t\t\t\t\t\t\t<p class=\"icon_txt\">FAQ</p>\n\t\t\t\t\t\t\t\t</span>\n\t\t\t\t\t\t  {% when 72000258957 %}\n\t\t\t\t\t\t\t  <span class=\"category-list-item__icon\">\n\t\t\t\t\t\t\t\t\t<img src=\"https://github.com/wedosoft/kohyoung/blob/main/images/KYE-Distributors-Only.png?raw=true\" alt=\"KYE-Distributors\">\n\t\t\t\t\t\t\t\t\t<p class=\"icon_txt\">KYE-Distributors</p>\n\t\t\t\t\t\t\t\t</span>\n\t\t\t\t\t\t  {% when 72000258958 %}\n\t\t\t\t\t\t\t  <span class=\"category-list-item__icon\">\n\t\t\t\t\t\t\t\t\t<img src=\"https://github.com/wedosoft/kohyoung/blob/main/images/official-documents.png?raw=true\" alt=\"Official-documents\">\n\t\t\t\t\t\t\t\t\t<p class=\"icon_txt\">Offical Documents</p>\n\t\t\t\t\t\t\t\t</span>  \t\t\t\n\t\t\t\t\t\t\t{% when 72000260390 %}\n\t\t\t\t\t\t\t  <span class=\"category-list-item__icon\">\n\t\t\t\t\t\t\t\t\t<img src=\"https://github.com/wedosoft/kohyoung/blob/main/images/Release-Notes.png?raw=true\" alt=\"Releasenote\">\n\t\t\t\t\t\t\t\t\t<p class=\"icon_txt\">Release Note</p>\n\t\t\t\t\t\t\t  </span>\n\t\t\t\t\t\t\t{% when 72000260425 %}\n\t\t\t\t\t\t\t  <span class=\"category-list-item__icon\">\n\t\t\t\t\t\t\t\t\t<img src=\"https://github.com/wedosoft/kohyoung/blob/main/images/Application-Note.png?raw=true\" alt=\"APPLICATION NOTE\">\n\t\t\t\t\t\t\t\t\t<p class=\"icon_txt\">Application Note</p>\n\t\t\t\t\t\t\t  </span>\n\t\t\t\t\t\t\t{% when 72000260426 %}\n\t\t\t\t\t\t\t  <span class=\"category-list-item__icon\">\n\t\t\t\t\t\t\t\t\t<img src=\"https://raw.githubusercontent.com/wedosoft/kohyoung/main/images/Icon_Koh-Young-Inspection-Machine-BW_LowRes.png\" alt=\"Hardware\">\n\t\t\t\t\t\t\t\t\t<p class=\"icon_txt\">Hardware</p>\n\t\t\t\t\t\t\t  </span>\n\t\t\t\t\t\t\t{% when 72000260427 %}\n\t\t\t\t\t\t\t  <span class=\"category-list-item__icon\">\n\t\t\t\t\t\t\t\t\t<img src=\"https://github.com/wedosoft/kohyoung/blob/main/images/Troubleshooting.png?raw=true\" alt=\"TROUBLESHOOTING\">\n\t\t\t\t\t\t\t\t\t<p class=\"icon_txt\">Trouble Shooting</p>\n\t\t\t\t\t\t\t  </span>\n\t\t\t\t\t\t\t{% when 72000260428 %}\n\t\t\t\t\t\t\t  <span class=\"category-list-item__icon\">\n\t\t\t\t\t\t\t\t\t<img src=\"https://github.com/wedosoft/kohyoung/blob/main/images/download.png?raw=true\" alt=\"SOFTWARE DOWNLOAD\">\n\t\t\t\t\t\t\t\t\t<p class=\"icon_txt\">Software Download</p>\n\t\t\t\t\t\t\t  </span>\n\t\t\t\t\t\t\t{% when 72000260429 %}\n\t\t\t\t\t\t\t  <span class=\"category-list-item__icon\">\n\t\t\t\t\t\t\t\t\t<img src=\"https://github.com/wedosoft/kohyoung/blob/main/images/Team-activity.png?raw=true\" alt=\"AE TEAM ACTIVITY\">\n\t\t\t\t\t\t\t\t\t<p class=\"icon_txt\">Ae Team Activity</p>\n\t\t\t\t\t\t\t  </span>\n\t\t\t\t\t\t\t{% when 72000260430 %}\n\t\t\t\t\t\t\t  <span class=\"category-list-item__icon\">\n\t\t\t\t\t\t\t\t\t<img src=\"https://github.com/wedosoft/kohyoung/blob/main/images/admin.png?raw=true\" alt=\"Admin\">\n\t\t\t\t\t\t\t\t\t<p class=\"icon_txt\">Admin</p>\n\t\t\t\t\t\t\t  </span>\n\t\t\t\t\t\t\t{% when 72000260431 %}\n\t\t\t\t\t\t\t  <span class=\"category-list-item__icon\">\n\t\t\t\t\t\t\t\t\t<img src=\"https://github.com/wedosoft/kohyoung/blob/main/images/KYE-Distributors-Only.png?raw=true\" alt=\"KYSEA Distributors\">\n\t\t\t\t\t\t\t\t\t<p class=\"icon_txt\">KYSEA Distributors</p>\n\t\t\t\t\t\t\t  </span>\n\t\t\t\t\t\t\t{% when 72000260433 %}\n\t\t\t\t\t\t\t  <span class=\"category-list-item__icon\">\n\t\t\t\t\t\t\t\t\t<img src=\"https://github.com/wedosoft/kohyoung/blob/main/images/Release-Notes.png?raw=true\" alt=\"KOREA_SUPPORT\">\n\t\t\t\t\t\t\t\t\t<p class=\"icon_txt\">Korea Support</p>\n\t\t\t\t\t\t\t  </span>\n\t\t\t\t\t\t  {% endcase %}\n\t\t\t\t\t<h2 class=\"h5 category-list-item__title\">{{category.name}}</h2>\n\t\t\t\t\t<p class=\"meta\">{{category.description}}</p>\n\t\t\t\t  </a>\n\t\t\t\t</li>\n\t\t\t  {% endif %}\n\t\t\t{% endfor %}\n\t\t  </ul>\n\t\t</div>\n\t  {% endif %}\n\t  <!-- / CATEGORY LIST -->\n  </div>\n</div>\n\n<!-- CATEGORY TREEE -->\n{% if category_tree_enabled %}\n  <div class=\"category-tree\" id=\"category-tree\">\n    {% for category in portal.solution_categories %}\n      {% if category.folders_count > 0 %}\n        <section class=\"category-tree-item\">\n          <div class=\"container\">\n            <div class=\"container-inner\">\n              <h2 class=\"category-tree-item__title\">\n                <a class=\"category-tree-item__title-link\" href=\"{{category.url}}\">{{category.name}}</a>\n              </h2>\n              <div class=\"category-tree-item__folders row clearfix\">\n                {% for folder in category.folders %}\n                  {% if folder.articles_count > 0 %}\n                    <section class=\"column column--sm-6 column--md-4 folder\">\n                      <h3 class=\"folder__title\">\n                        <a class=\"folder__title-link\" href=\"{{folder.url}}\">{{folder.name}}</a>\n                      </h3>\n                      <ul class=\"articles\">\n                        {% for article in folder.articles | limit: 5 %}\n                          <li class=\"articles__item\">\n                            <a class=\"articles__link\" href=\"{{ article.url }}\">{{ article.title | h }}</a>\n                          </li>\n                        {% endfor %}\n                      </ul>\n                      {% if folder.articles.size > 5 %}\n                        <a href=\"{{ folder.url }}\" class=\"btn btn-default see-all-articles\">View all ({{folder.articles_count}})</a>\n                      {% endif %}\n                    </section>\n                  {% endif %}\n                {% else %}\n                  {{ portal | filler_for_solutions }}\n                {% endfor %}\n              </div>\n            </div>\n          </div>\n        </section>\n      {% endif %}\n    {% endfor %}\n  </div>\n{% endif %}\n<!-- / CATEGORY TREE -->\n<style>\n  .category-list-item__link {text-align: center; padding-left: 0;}\n  .category-list-item__icon {\n    display: block; \n    float: left;\n    height: 40px;\n    position: absolute;\n    top: 18px;\n    left: 30px;\n  }\n  .category-list-item__icon img {height: 40px;}\n  .category-list-item__link .meta {display: none;}\n  .category-list-item__icon:hover .icon_txt {display: block;}\n  .icon_txt {display: none; position: absolute; top: 50px; background: #93c450; border-radius: 5px; padding: 5px 5px 5px; width: 105px; text-align: left; color: #ffff; line-height: 20px; z-index: 3;}\n  \n  .icon_txt:after {\n    position: absolute;\n    top: -15px;\n    left: 20%;\n    width: 0;\n    height: 0;\n    margin-left: -10px;\n    border: solid transparent;\n    border-bottom-color: #93c450;\n    border-width: 8px;\n    pointer-events: none;\n    content: ' ';\n  }\n  \n  @media (max-width: 45em) {\n    .category-list-item__title {text-align: center; font-size: 14px; margin-right: -35px;}\n    .category-list-item__link {padding: 15px;}\n    .category-list-item__icon {top: 8px;}\n}\n  @media (max-width: 280px) {\n    .category-list-item__icon {top: 10px;} \n    .category-list-item__title {text-align: center; font-size: 12px; margin-right: -50px;}\n    .category-list-item__icon img {height: 30px;}\n}\n</style>\n"
        }
    ]
}