{
    "sourceFile": "templates/09-kysolutions-home - 복사본.html",
    "activeCommit": 0,
    "commits": [
        {
            "activePatchIndex": 1,
            "patches": [
                {
                    "date": 1649828149139,
                    "content": "Index: \n===================================================================\n--- \n+++ \n"
                },
                {
                    "date": 1649828625230,
                    "content": "Index: \n===================================================================\n--- \n+++ \n@@ -48,26 +48,26 @@\n             <span class=\"category-list-item__icon\">\n               {% case category.id %}                    \n                 {% when 47000253217 %}\n                   <img src=\"https://github.com/wedosoft/kohyoung/blob/main/images/official-documents.png?raw=true\" alt=\"Official-documents\">\n-            \t  <p class=\"icon_txt\">OFFICAL DOCUMENTS</p>\n+            \t    <p class=\"icon_txt\">OFFICAL DOCUMENTS</p>\n                 {% when 47000253218 %}\n                   <img src=\"https://github.com/wedosoft/kohyoung/blob/main/images/Release-Notes.png?raw=true\" alt=\"Releasenote\">\n               \t  <p class=\"icon_txt\">RELEASE NOTE</p>\n                 {% when 47000253219 %}\n                   <img src=\"https://github.com/wedosoft/kohyoung/blob/main/images/Application-Note.png?raw=true\" alt=\"APPLICATION NOTE\">\n               \t  <p class=\"icon_txt\">APPLICATION NOTE</p>\n                 {% when 47000253220 %}\n                   <img src=\"https://raw.githubusercontent.com/wedosoft/kohyoung/main/images/Icon_Koh-Young-Inspection-Machine-BW_LowRes.png\" alt=\"Hardware\">\n-\t\t\t\t  <p class=\"icon_txt\">HARDWARE</p>              \n+\t\t\t\t          <p class=\"icon_txt\">HARDWARE</p>              \n                 {% when 47000253222 %}\n                   <img src=\"https://github.com/wedosoft/kohyoung/blob/main/images/download.png?raw=true\" alt=\"SOFTWARE DOWNLOAD\">   \n-\t\t\t\t  <p class=\"icon_txt\">SOFTWARE DOWNLOAD</p>              \n+\t\t\t\t          <p class=\"icon_txt\">SOFTWARE DOWNLOAD</p>              \n                 {% when 47000253224 %}\n                   <img src=\"https://breezythemes.s3-us-west-2.amazonaws.com/kohyoung/icon8.png\" alt=\"\" />                   \n                 {% when 47000253225 %}\n                   <img src=\"https://www.wedosoft.net/wordpress/wp-content/uploads/2021/08/FAQ.png\" alt=\"\" />   \n-\t\t\t\t  <p class=\"icon_txt\">CUSTOMER FAQ</p>              \n+\t\t\t\t          <p class=\"icon_txt\">CUSTOMER FAQ</p>              \n                 {% when 47000253226 %}\n                   <img src=\"https://github.com/wedosoft/kohyoung/blob/main/images/Team-activity.png?raw=true\" alt=\"AE TEAM ACTIVITY\">\n                   <p class=\"icon_txt\">AE TEAM ACTIVITY</p>\n                 {% when 47000253221 %}\n@@ -86,9 +86,9 @@\n                   <img src=\"https://github.com/wedosoft/kohyoung/blob/main/images/help-desk.png?raw=true\" alt=\"Abouthelpdesk\">\n                   <p class=\"icon_txt\">ABOUT HELP CENTER</p>\n                 {% when 47000520250 %}\n                   <img src=\"https://github.com/wedosoft/kohyoung/blob/main/images/admin.png?raw=true\" alt=\"Admin\">             \n-\t\t\t\t  <p class=\"icon_txt\">ADMIN</p>\n+\t\t\t\t          <p class=\"icon_txt\">ADMIN</p>\n                 {% when 47000523731 %}\n                   <img src=\"https://www.wedosoft.net/wordpress/wp-content/uploads/2021/10/LMS.png\" alt=\"\">\n               \t  <p class=\"icon_txt\">KOHYOUNG LMS</p>  \n                 {% when 47000523502 %}\n"
                }
            ],
            "date": 1649828149139,
            "name": "Commit-0",
            "content": "{% assign category_list_enabled = true %}\n{% assign category_tree_enabled = false %}\n{% assign recent_articles_enabled = true %}\n\n<div class=\"bt-container\" data-home-page>\n  <div class=\"bt-container-inner\">\n    <div class=\"row clearfix\">\n      <div class=\"column column--sm-8\">\n        <ol class=\"breadcrumbs\">\n          <li>\n            <a href=\"{{portal.home_url}}\">{% translate header.tabs.home %}</a>\n          </li>\n          <li title=\"{% translate portal.solutions_home %}\">\n            {% translate portal.solutions_home %}\n          </li>\n        </ol>\n      </div>\n      <div class=\"column column--sm-4\">\n        <div class=\"search-box search-box--small\">\n          {% snippet search_form %}\n        </div>    \n      </div>\n   </div>     \n  \n  {% if category_list_enabled %}\n  <h2 class=\"category-list-title\"><a href=\"/ko/support/solutions\">BROWSER OUR KNOWLEDGE BASE</a></h2>\n  <div class=\"category-list-wrapper\" id=\"category-list\">\n  <ul class=\"row category-list\">\n    {% for category in portal.solution_categories %}\n      {% if category.folders_count > 0 %}\n        <li class=\"column column--sm-6 category-list-item\">\n            <!--200615 added by WDS, Partners page direct link -->\n            {% if category.id == 47000520739 %}\n            <a class=\"category-list-item__link\" href=\"https://kypartner.kohyoung.net/\" target='_blank'>\n            {% else %}\n\t            {% if category.id == 47000523081 %}\n    \t        <a class=\"category-list-item__link\" href=\"./discussions/\">  \n                {% else %}\n\t\t            {% if category.id == 47000523731 %}\n    \t\t        <a class=\"category-list-item__link\" href=\"https://tr.kohyoung.com/index.php\" target='_blank'>\n                    {% else %}     \n   \t\t         \t<a class=\"category-list-item__link\" href=\"{{category.url}}\">\n                    {% endif %}  \n                {% endif %}  \n            {% endif %}\n   \n            <!--2022 04 Add Jin solution layout End -->\n            <span class=\"category-list-item__icon\">\n              {% case category.id %}                    \n                {% when 47000253217 %}\n                  <img src=\"https://github.com/wedosoft/kohyoung/blob/main/images/official-documents.png?raw=true\" alt=\"Official-documents\">\n            \t  <p class=\"icon_txt\">OFFICAL DOCUMENTS</p>\n                {% when 47000253218 %}\n                  <img src=\"https://github.com/wedosoft/kohyoung/blob/main/images/Release-Notes.png?raw=true\" alt=\"Releasenote\">\n              \t  <p class=\"icon_txt\">RELEASE NOTE</p>\n                {% when 47000253219 %}\n                  <img src=\"https://github.com/wedosoft/kohyoung/blob/main/images/Application-Note.png?raw=true\" alt=\"APPLICATION NOTE\">\n              \t  <p class=\"icon_txt\">APPLICATION NOTE</p>\n                {% when 47000253220 %}\n                  <img src=\"https://raw.githubusercontent.com/wedosoft/kohyoung/main/images/Icon_Koh-Young-Inspection-Machine-BW_LowRes.png\" alt=\"Hardware\">\n\t\t\t\t  <p class=\"icon_txt\">HARDWARE</p>              \n                {% when 47000253222 %}\n                  <img src=\"https://github.com/wedosoft/kohyoung/blob/main/images/download.png?raw=true\" alt=\"SOFTWARE DOWNLOAD\">   \n\t\t\t\t  <p class=\"icon_txt\">SOFTWARE DOWNLOAD</p>              \n                {% when 47000253224 %}\n                  <img src=\"https://breezythemes.s3-us-west-2.amazonaws.com/kohyoung/icon8.png\" alt=\"\" />                   \n                {% when 47000253225 %}\n                  <img src=\"https://www.wedosoft.net/wordpress/wp-content/uploads/2021/08/FAQ.png\" alt=\"\" />   \n\t\t\t\t  <p class=\"icon_txt\">CUSTOMER FAQ</p>              \n                {% when 47000253226 %}\n                  <img src=\"https://github.com/wedosoft/kohyoung/blob/main/images/Team-activity.png?raw=true\" alt=\"AE TEAM ACTIVITY\">\n                  <p class=\"icon_txt\">AE TEAM ACTIVITY</p>\n                {% when 47000253221 %}\n                  <img src=\"https://github.com/wedosoft/kohyoung/blob/main/images/Troubleshooting.png?raw=true\" alt=\"TROUBLESHOOTING\">\n                  <p class=\"icon_txt\">TROUBLE SHOOTING</p>\n                {% when 47000520739 %}\n                  <img src=\"https://www.wedosoft.net/wordpress/wp-content/uploads/2021/08/Partners.png\" alt=\"\">\n                  <p class=\"icon_txt\">PARTNER'S PAGE</p>\n                {% when 47000523081 %}\n                  <img src=\"https://www.wedosoft.net/wordpress/wp-content/uploads/2021/08/Forums.png\" alt=\"\">\n                  <p class=\"icon_txt\">FORUMS</p>\n                {% when 47000523157 %}\n                  <img src=\"https://github.com/wedosoft/kohyoung/blob/main/images/KYE-Distributors-Only.png?raw=true\" alt=\"KYE-Distributors\">\n                  <p class=\"icon_txt\">KYE-DISTRIBUTORS ONLY</p>\n                {% when 47000253223 %}\n                  <img src=\"https://github.com/wedosoft/kohyoung/blob/main/images/help-desk.png?raw=true\" alt=\"Abouthelpdesk\">\n                  <p class=\"icon_txt\">ABOUT HELP CENTER</p>\n                {% when 47000520250 %}\n                  <img src=\"https://github.com/wedosoft/kohyoung/blob/main/images/admin.png?raw=true\" alt=\"Admin\">             \n\t\t\t\t  <p class=\"icon_txt\">ADMIN</p>\n                {% when 47000523731 %}\n                  <img src=\"https://www.wedosoft.net/wordpress/wp-content/uploads/2021/10/LMS.png\" alt=\"\">\n              \t  <p class=\"icon_txt\">KOHYOUNG LMS</p>  \n                {% when 47000523502 %}\n                  <img src=\"https://www.wedosoft.net/wordpress/wp-content/uploads/2021/10/ASIA.png\" alt=\"\" />\n              \t  <p class=\"icon_txt\">KYSEA DISTRIBUTORS</p>\n                {% when 47000524414 %}\n                  <img src=\"https://github.com/wedosoft/kohyoung/blob/main/images/Release-Notes.png?raw=true\" alt=\"KOREA_SUPPORT\">\n              \t  <p class=\"icon_txt\">KOREA SUPPORT</p>\n              {% else %}                                      \n                <img src=\"https://breezythemes.s3-us-west-2.amazonaws.com/kohyoung/category-default.png\" alt=\"\" />\n              {% endcase %}\n            </span>      \n            <h2 class=\"h5 category-list-item__title\">{{category.name}}</h2>\n          </a>\n        </li>\n      {% endif %}\n    {% endfor %}\n  \t</ul>\n   </div>\n{% endif %}\n  \n  {% if category_tree_enabled %}\n    <div class=\"category-tree\" id=\"category-tree\">\n      {% for category in portal.solution_categories %}\n        {% if category.folders_count > 0 %}\n          <section class=\"category-tree-item\">\n            <h2 class=\"category-tree-item__title\">\n              <a class=\"category-tree-item__title-link\" href=\"{{category.url}}\">{{category.name}}</a>\n            </h2>\n            <div class=\"category-tree-item__folders row clearfix\">\n              {% for folder in category.folders %}\n                {% if folder.articles_count > 0 %}\n                  <section class=\"column column--sm-6 column--md-4 folder\">\n                    <h3 class=\"folder__title\">\n                      <a class=\"folder__title-link\" href=\"{{folder.url}}\">{{folder.name}}</a>\n                    </h3>\n                    <ul class=\"articles\">\n                      {% for article in folder.articles | limit: 5 %}\n                        <li class=\"articles__item\">\n                          <a class=\"articles__link\" href=\"{{article.url}}\">{{article.title | h}}</a>\n                        </li>\n                      {% endfor %}\n                    </ul>\n                    {% if folder.articles.size > 5 %}\n                      <a href=\"{{folder.url}}\" class=\"btn btn-default see-all-articles\">\n                        View all ({{folder.articles_count}})\n                      </a>\n                    {% endif %}\n                  </section>\n                {% endif %}\n              {% else %}\n                {{portal | filler_for_solutions}}\n              {% endfor %}\n            </div>\n          </section>\n        {% endif %}\n      {% endfor %}\n    </div>\n  {% endif %}\n</div>\n\n<style>\n  /* Add Jin 0308 솔루션 홈 Search 아이콘 추가*/\n  .hc-search-input:before {\n    left: 10px;\n    position: absolute;\n    top: 50%;\n    left: 10px;\n    width: 24px;\n    height: 24px;\n    content: \"\";\n    background: url(https://raw.githubusercontent.com/wedosoft/kohyoung/main/%EA%B3%A0%EC%98%81_%EC%9D%B4%EB%AF%B8%EC%A7%80/%EC%9D%B4%EB%AF%B8%EC%A7%80/kysearch-icon.png) no-repeat;\n    background-size: cover;\n    transform: translateY(-50%);\n    margin: 1px 0 0 8px;\n  }\n /* Add Jin 솔루션 홈 Knowledge base icon txt CSS */\n  .column--sm-6 {width: 25%;}\n  .category-list-item__link {\n    display: block;\n    text-align: center;\n    padding: 20px 30px;\n    font-weight: 400;\n    color: #666;\n    background-color: #fff;\n    border-radius: 8px;\n    transition: all 0.3s ease;\n    text-transform: uppercase;\n  }\n  .category-list-item__icon {\n    display: block;\n    text-align: center;\n  }\n  .category-list-item__title {display: inline-block; font-size: 14px; margin-bottom: 0; padding-top: 10px; font-weight: 300;}\n  .category-list-item__icon img {height: 40px;}\n  .category-list-item__link .meta {display: none;}\n  .category-list-item:hover .icon_txt {display: block;}\n  /* Add Jin 포털 홈 Knowledge base box:hover txt CSS */\n  .icon_txt {display: none; position: absolute; top: 100px; right: 30px; background: #93c450b3; border-radius: 5px; padding: 10px 10px 10px; width: 130px; text-align: center; color: #ffff; line-height: 20px; z-index: 3; font-size: 13px;}\n  \n  .icon_txt:after {\n    position: absolute;\n    top: -15px;\n    left: 20%;\n    width: 0;\n    height: 0;\n    margin-left: -10px;\n    border: solid transparent;\n    border-bottom-color: #93c450b3;\n    border-width: 8px;\n    pointer-events: none;\n    content: ' ';\n  }\n/* Add Jin 반응형 iPad 포털 홈 Knowledge base icon txt CSS */\n  @media (max-width: 1024px) {\n    .column--sm-6 {width: 33.3%;}\n    .category-list-item__icon {text-align: center;}\n    .category-list-item__icon img {height: 30px;}\n    .cli-txt {font-size: 12px;}\n  }\n  @media (max-width: 768px) {\n    .category-list-item__icon {left: 23.3%; text-align: center;}\n  }\n/* Add Jin 반응형 Mobile 포털 홈 Knowledge base icon txt CSS */\n  @media (max-width: 635px) {\n    .column--sm-6 {width: 50%;}\n   \n  }\n\n  @media (max-width: 435px) {\n    .column--sm-6 {width: 100%;}\n    .category-list-item__icon {float: left;}\n    .category-list-item__icon img {height: 40px; margin-top: -5px;}\n    .cli-txt {font-size: 15px; padding-top: 0px;}\n  }\n  @media (max-width: 280px) {\n    .column--sm-6 {width: 100%;}\n    .category-list-item__icon img {height: 25px; margin-top: -5px;}\n    .cli-txt {font-size: 12px; padding-top: 0px;}\n  }\n</style>"
        }
    ]
}