{
    "sourceFile": "templates/10-article-list.html",
    "activeCommit": 0,
    "commits": [
        {
            "activePatchIndex": 0,
            "patches": [
                {
                    "date": 1646373497927,
                    "content": "Index: \n===================================================================\n--- \n+++ \n"
                }
            ],
            "date": 1646373497927,
            "name": "Commit-0",
            "content": "<div class=\"bt-container\">\n  <div class=\"bt-container-inner\">\n    <div class=\"folder-page\">\n      <div class=\"row clearfix\">\n        <div class=\"column column--sm-8\">\n          <ol class=\"breadcrumbs\">\n            <li>\n              <a href=\"{{portal.home_url}}\">{% translate header.tabs.home %}</a>\n            </li>\n            <li title=\"{% translate portal.solutions_home %}\">\n              <a href=\"{{ portal.solutions_home_url }}\">{% translate portal.solutions_home %}</a>\n            </li>\n            <li title=\"{{ folder.category.name | h}}\">\n              <a href=\"{{ folder.category.url }}\">{{ folder.category.name | h}}</a>\n            </li>\n          </ol>\n        </div>\n        <div class=\"column column--sm-4\">\n          <div class=\"search-box search-box--small\">\n            {% snippet search_form %}\n          </div>    \n        </div>\n      </div>\n\n      <div class=\"header\">\n        <h1 class=\"h2 folder-title\">\n          {{ folder.name | h }}\n        </h1>\n\n        {% if folder.description %}\n          <p class=\"page-description\">{{ folder.description | h }}</p>\n        {% endif %}\n      </div>\n\n      {% if folder.articles_count > 0 %}\n        {% paginate folder.articles by 10 %}\n          <ul class=\"articles articles--with-columns\">\n            {% for article in paginate.collection %}\n              <li class=\"articles__item\">\n                <a class=\"articles__link\" href=\"{{ article.url }}\">{{ article.title | h }}</a>\n              </li>\n            {% endfor %}\n          </ul>\n          {{ paginate | default_pagination }}\n        {% endpaginate %}\n      {% else %}\n        {{ folder | h | filler_for_folders }}\n      {% endif %}\n    </div>\n  </div>\n</div>"
        }
    ]
}