{
    "sourceFile": "templates/11-kyarticle-view.html",
    "activeCommit": 0,
    "commits": [
        {
            "activePatchIndex": 26,
            "patches": [
                {
                    "date": 1646373511572,
                    "content": "Index: \n===================================================================\n--- \n+++ \n"
                },
                {
                    "date": 1646979330559,
                    "content": "Index: \n===================================================================\n--- \n+++ \n@@ -114,14 +114,32 @@\n     </div>\n   </div>\n </div>\n <style>\n+  /* Add Jin 0307 솔루션 아티클 Search 아이콘 추가*/\n+  .search-box--small .hc-search-input:before {\n+    left: 10px;\n+    position: absolute;\n+    top: 50%;\n+    left: 10px;\n+    width: 24px;\n+    height: 24px;\n+    content: \"\";\n+    background: url(https://raw.githubusercontent.com/wedosoft/kohyoung/main/%EA%B3%A0%EC%98%81_%EC%9D%B4%EB%AF%B8%EC%A7%80/%EC%9D%B4%EB%AF%B8%EC%A7%80/kysearch-icon.png) no-repeat;\n+    background-size: cover;\n+    transform: translateY(-50%);\n+    margin: 1px 0 0 8px;\n+}\n+ /* Add Jin 0307 솔루션 타이틀 텍스트 크기 조정*/\n   .sidenav-category__link {font-size: 16px;}\n+  .article__title {font-size: 17px;}\n+  \n+ /* Add Jin 반응형 Mobile 예 아니오 버튼 크기 조정*/  \n   @media (max-width: 45em) {\n     .article-vote .vote-up {padding: 10px 10px;}\n     .article-vote .vote-down {padding: 10px 10px;}\n   }\n-  @media (max-width: 280px) {\n+  @media (max-width: 390px) {\n     .article-vote .vote-up {display: block; width: 40%; margin: 15px 0 0 0;}\n     .article-vote .vote-down {display: block; width: 40%; margin: 10px 0 0 0;}\n   }\n </style>\n\\ No newline at end of file\n"
                },
                {
                    "date": 1647914658768,
                    "content": "Index: \n===================================================================\n--- \n+++ \n@@ -132,9 +132,13 @@\n  /* Add Jin 0307 솔루션 타이틀 텍스트 크기 조정*/\n   .sidenav-category__link {font-size: 16px;}\n   .article__title {font-size: 17px;}\n   \n- /* Add Jin 반응형 Mobile 예 아니오 버튼 크기 조정*/  \n+  /* Add Jin 반응형 iPad 조정*/\n+  @media (max-width: 991px) {\n+    .sidenav-category__link {font-size: 14px;}\n+  }\n+  /* Add Jin 반응형 Mobile 예 아니오 버튼 크기 조정*/\n   @media (max-width: 45em) {\n     .article-vote .vote-up {padding: 10px 10px;}\n     .article-vote .vote-down {padding: 10px 10px;}\n   }\n"
                },
                {
                    "date": 1649219956338,
                    "content": "Index: \n===================================================================\n--- \n+++ \n@@ -130,9 +130,9 @@\n     margin: 1px 0 0 8px;\n }\n  /* Add Jin 0307 솔루션 타이틀 텍스트 크기 조정*/\n   .sidenav-category__link {font-size: 16px;}\n-  .article__title {font-size: 17px;}\n+  .article__title {font-size: 16px;}\n   \n   /* Add Jin 반응형 iPad 조정*/\n   @media (max-width: 991px) {\n     .sidenav-category__link {font-size: 14px;}\n"
                },
                {
                    "date": 1649725955239,
                    "content": "Index: \n===================================================================\n--- \n+++ \n@@ -130,14 +130,10 @@\n     margin: 1px 0 0 8px;\n }\n  /* Add Jin 0307 솔루션 타이틀 텍스트 크기 조정*/\n   .sidenav-category__link {font-size: 16px;}\n-  .article__title {font-size: 16px;}\n+  .article__title {font-size: 14px;}\n   \n-  /* Add Jin 반응형 iPad 조정*/\n-  @media (max-width: 991px) {\n-    .sidenav-category__link {font-size: 14px;}\n-  }\n   /* Add Jin 반응형 Mobile 예 아니오 버튼 크기 조정*/\n   @media (max-width: 45em) {\n     .article-vote .vote-up {padding: 10px 10px;}\n     .article-vote .vote-down {padding: 10px 10px;}\n"
                },
                {
                    "date": 1649998199423,
                    "content": "Index: \n===================================================================\n--- \n+++ \n@@ -75,8 +75,11 @@\n                           {{ article.author }}\n                         </b>\n                       {% endif %}\n                       <div class=\"meta\">{% translate portal.article.modified_on %} {{ article.modified_on | short_day_with_time }}</div>\n+                      <span class=\"print-btn\" data-print-article>\n+                    \t<img src=\"https://helpcenter.kohyoung.net:447/Images/btn/btn_print.png\">\n+                      </span>\n                     </div>\n                   </div>\n                 </div>\n               </div>\n@@ -129,11 +132,19 @@\n     transform: translateY(-50%);\n     margin: 1px 0 0 8px;\n }\n  /* Add Jin 0307 솔루션 타이틀 텍스트 크기 조정*/\n-  .sidenav-category__link {font-size: 16px;}\n-  .article__title {font-size: 14px;}\n+  .sidenav-category__link {font-size: 14px;}\n+  .article__title {font-size: 16px;}\n   \n+  .print-btn {    \n+    display: inline-block;\n+    margin-top: 22px;\n+    cursor: pointer;\n+}\n+  /* Add Jin 솔루션 다음 이전 버튼 css 조정 */\n+  .prevnext__block .btn-primary {background-color: #ffff !important; color: #4673b4 !important;}\n+  \n   /* Add Jin 반응형 Mobile 예 아니오 버튼 크기 조정*/\n   @media (max-width: 45em) {\n     .article-vote .vote-up {padding: 10px 10px;}\n     .article-vote .vote-down {padding: 10px 10px;}\n"
                },
                {
                    "date": 1650261668486,
                    "content": "Index: \n===================================================================\n--- \n+++ \n@@ -17,8 +17,12 @@\n               <a href=\"{{ article.folder.url }}\">{{ article.folder.name | h}}</a>\n             </li>\n           </ol>\n         </div>\n+        <div class=\"column column--sm-3\">\n+          <div data-toc></div>\n+        </div>\n+      </div>\n         <div class=\"column column--sm-4\">\n           <div class=\"search-box search-box--small\">\n             {% snippet search_form %}\n           </div>    \n@@ -109,12 +113,8 @@\n           </footer>\n \n           <div class=\"prevnext\"></div>\n         </div>\n-        <div class=\"column column--sm-3\">\n-          <div data-toc></div>\n-        </div>\n-      </div>\n     </div>\n   </div>\n </div>\n <style>\n"
                },
                {
                    "date": 1650261772866,
                    "content": "Index: \n===================================================================\n--- \n+++ \n@@ -17,9 +17,9 @@\n               <a href=\"{{ article.folder.url }}\">{{ article.folder.name | h}}</a>\n             </li>\n           </ol>\n         </div>\n-        <div class=\"column column--sm-3\">\n+        <div id=\"sm-desk\">\n           <div data-toc></div>\n         </div>\n       </div>\n         <div class=\"column column--sm-4\">\n"
                },
                {
                    "date": 1650262232261,
                    "content": "Index: \n===================================================================\n--- \n+++ \n@@ -17,12 +17,8 @@\n               <a href=\"{{ article.folder.url }}\">{{ article.folder.name | h}}</a>\n             </li>\n           </ol>\n         </div>\n-        <div id=\"sm-desk\">\n-          <div data-toc></div>\n-        </div>\n-      </div>\n         <div class=\"column column--sm-4\">\n           <div class=\"search-box search-box--small\">\n             {% snippet search_form %}\n           </div>    \n@@ -113,8 +109,12 @@\n           </footer>\n \n           <div class=\"prevnext\"></div>\n         </div>\n+        <div class=\"column column--sm-3\">\n+          <div data-toc></div>\n+        </div>\n+      </div>\n     </div>\n   </div>\n </div>\n <style>\n"
                },
                {
                    "date": 1650262243902,
                    "content": "Index: \n===================================================================\n--- \n+++ \n@@ -109,9 +109,9 @@\n           </footer>\n \n           <div class=\"prevnext\"></div>\n         </div>\n-        <div class=\"column column--sm-3\">\n+        <div id=\"sm-desk\">\n           <div data-toc></div>\n         </div>\n       </div>\n     </div>\n"
                },
                {
                    "date": 1650262315365,
                    "content": "Index: \n===================================================================\n--- \n+++ \n@@ -23,9 +23,11 @@\n             {% snippet search_form %}\n           </div>    \n         </div>\n       </div>\n-\n+      <div id=\"sm-desk\">\n+        <div data-toc></div>\n+      </div>\n       <div class=\"row clearfix\">\n         <div class=\"column column--sm-3\">\n           <div class=\"side-nav\">\n             <div class=\"sidenav sidenav--accordion\">\n@@ -109,11 +111,8 @@\n           </footer>\n \n           <div class=\"prevnext\"></div>\n         </div>\n-        <div id=\"sm-desk\">\n-          <div data-toc></div>\n-        </div>\n       </div>\n     </div>\n   </div>\n </div>\n"
                },
                {
                    "date": 1650262520916,
                    "content": "Index: \n===================================================================\n--- \n+++ \n@@ -23,11 +23,9 @@\n             {% snippet search_form %}\n           </div>    \n         </div>\n       </div>\n-      <div id=\"sm-desk\">\n-        <div data-toc></div>\n-      </div>\n+\n       <div class=\"row clearfix\">\n         <div class=\"column column--sm-3\">\n           <div class=\"side-nav\">\n             <div class=\"sidenav sidenav--accordion\">\n@@ -111,8 +109,11 @@\n           </footer>\n \n           <div class=\"prevnext\"></div>\n         </div>\n+        <div id=\"sm-desk\">\n+          <div data-toc></div>\n+        </div>\n       </div>\n     </div>\n   </div>\n </div>\n"
                },
                {
                    "date": 1650262661798,
                    "content": "Index: \n===================================================================\n--- \n+++ \n@@ -58,8 +58,11 @@\n           </div>\n \n           <a class=\"btn btn-default sidebar-toggle js-sidebar-toggle\" href=\"#\"><i class=\"fa fa-bars\" aria-hidden=\"true\"></i> Open navigation</a>\n         </div>\n+        <div id=\"sm-desk\">\n+          <div data-toc></div>\n+        </div>\n         <div class=\"column column--sm-6\">\n           <article class=\"article clearfix\" itemscope itemtype=\"http://schema.org/Article\">\n             <header class=\"article-header\">\n               <h1 class=\"article__title\" itemprop=\"name\">\n@@ -109,11 +112,8 @@\n           </footer>\n \n           <div class=\"prevnext\"></div>\n         </div>\n-        <div id=\"sm-desk\">\n-          <div data-toc></div>\n-        </div>\n       </div>\n     </div>\n   </div>\n </div>\n"
                },
                {
                    "date": 1650262706147,
                    "content": "Index: \n===================================================================\n--- \n+++ \n@@ -25,8 +25,11 @@\n         </div>\n       </div>\n \n       <div class=\"row clearfix\">\n+        <div id=\"sm-desk\">\n+          <div data-toc></div>\n+        </div>\n         <div class=\"column column--sm-3\">\n           <div class=\"side-nav\">\n             <div class=\"sidenav sidenav--accordion\">\n               <ul class=\"sidenav-categories\">\n@@ -58,11 +61,8 @@\n           </div>\n \n           <a class=\"btn btn-default sidebar-toggle js-sidebar-toggle\" href=\"#\"><i class=\"fa fa-bars\" aria-hidden=\"true\"></i> Open navigation</a>\n         </div>\n-        <div id=\"sm-desk\">\n-          <div data-toc></div>\n-        </div>\n         <div class=\"column column--sm-6\">\n           <article class=\"article clearfix\" itemscope itemtype=\"http://schema.org/Article\">\n             <header class=\"article-header\">\n               <h1 class=\"article__title\" itemprop=\"name\">\n"
                },
                {
                    "date": 1650263090747,
                    "content": "Index: \n===================================================================\n--- \n+++ \n@@ -22,14 +22,14 @@\n           <div class=\"search-box search-box--small\">\n             {% snippet search_form %}\n           </div>    \n         </div>\n+        <div id=\"sm-desk\">\n+          <div data-toc></div>\n+        </div>\n       </div>\n \n       <div class=\"row clearfix\">\n-        <div id=\"sm-desk\">\n-          <div data-toc></div>\n-        </div>\n         <div class=\"column column--sm-3\">\n           <div class=\"side-nav\">\n             <div class=\"sidenav sidenav--accordion\">\n               <ul class=\"sidenav-categories\">\n"
                },
                {
                    "date": 1650263219000,
                    "content": "Index: \n===================================================================\n--- \n+++ \n@@ -22,13 +22,12 @@\n           <div class=\"search-box search-box--small\">\n             {% snippet search_form %}\n           </div>    \n         </div>\n-        <div id=\"sm-desk\">\n-          <div data-toc></div>\n-        </div>\n       </div>\n-\n+      <div id=\"sm-desk\">\n+        <div data-toc></div>\n+      </div>\n       <div class=\"row clearfix\">\n         <div class=\"column column--sm-3\">\n           <div class=\"side-nav\">\n             <div class=\"sidenav sidenav--accordion\">\n"
                },
                {
                    "date": 1650263396073,
                    "content": "Index: \n===================================================================\n--- \n+++ \n@@ -23,11 +23,8 @@\n             {% snippet search_form %}\n           </div>    \n         </div>\n       </div>\n-      <div id=\"sm-desk\">\n-        <div data-toc></div>\n-      </div>\n       <div class=\"row clearfix\">\n         <div class=\"column column--sm-3\">\n           <div class=\"side-nav\">\n             <div class=\"sidenav sidenav--accordion\">\n@@ -81,8 +78,11 @@\n                       <span class=\"print-btn\" data-print-article>\n                     \t<img src=\"https://helpcenter.kohyoung.net:447/Images/btn/btn_print.png\">\n                       </span>\n                     </div>\n+                    <div id=\"sm-desk\">\n+                      <div data-toc></div>\n+                    </div>\n                   </div>\n                 </div>\n               </div>\n             </header>\n"
                },
                {
                    "date": 1650263533069,
                    "content": "Index: \n===================================================================\n--- \n+++ \n@@ -78,14 +78,14 @@\n                       <span class=\"print-btn\" data-print-article>\n                     \t<img src=\"https://helpcenter.kohyoung.net:447/Images/btn/btn_print.png\">\n                       </span>\n                     </div>\n-                    <div id=\"sm-desk\">\n-                      <div data-toc></div>\n-                    </div>\n                   </div>\n                 </div>\n               </div>\n+              <div id=\"sm-desk\">\n+                <div data-toc></div>\n+              </div>\n             </header>\n \n             <div class=\"article__body markdown\" itemprop=\"articleBody\" data-article>\n               {{ article.body }}\n"
                },
                {
                    "date": 1650263756799,
                    "content": "Index: \n===================================================================\n--- \n+++ \n@@ -81,12 +81,12 @@\n                     </div>\n                   </div>\n                 </div>\n               </div>\n-              <div id=\"sm-desk\">\n-                <div data-toc></div>\n-              </div>\n             </header>\n+            <div id=\"sm-desk\">\n+              <div data-toc></div>\n+            </div>\n \n             <div class=\"article__body markdown\" itemprop=\"articleBody\" data-article>\n               {{ article.body }}\n             </div>\n"
                },
                {
                    "date": 1650263988285,
                    "content": "Index: \n===================================================================\n--- \n+++ \n@@ -1,8 +1,11 @@\n <div class=\"bt-container\">\n   <div class=\"bt-container-inner\">\n     <div class=\"article-page\">\n       <div class=\"row clearfix\">\n+        <div id=\"sm-desk\">\n+          <div data-toc></div>\n+        </div>\n         <div class=\"column column--sm-8\">\n           <ol class=\"breadcrumbs\">\n             <li>\n               <a href=\"{{portal.home_url}}\">{% translate header.tabs.home %}</a>\n@@ -82,11 +85,8 @@\n                   </div>\n                 </div>\n               </div>\n             </header>\n-            <div id=\"sm-desk\">\n-              <div data-toc></div>\n-            </div>\n \n             <div class=\"article__body markdown\" itemprop=\"articleBody\" data-article>\n               {{ article.body }}\n             </div>\n"
                },
                {
                    "date": 1650264045312,
                    "content": "Index: \n===================================================================\n--- \n+++ \n@@ -1,11 +1,11 @@\n <div class=\"bt-container\">\n   <div class=\"bt-container-inner\">\n+    <div id=\"sm-desk\">\n+      <div data-toc></div>\n+    </div>\n     <div class=\"article-page\">\n       <div class=\"row clearfix\">\n-        <div id=\"sm-desk\">\n-          <div data-toc></div>\n-        </div>\n         <div class=\"column column--sm-8\">\n           <ol class=\"breadcrumbs\">\n             <li>\n               <a href=\"{{portal.home_url}}\">{% translate header.tabs.home %}</a>\n"
                },
                {
                    "date": 1650267578543,
                    "content": "Index: \n===================================================================\n--- \n+++ \n@@ -1,9 +1,6 @@\n <div class=\"bt-container\">\n   <div class=\"bt-container-inner\">\n-    <div id=\"sm-desk\">\n-      <div data-toc></div>\n-    </div>\n     <div class=\"article-page\">\n       <div class=\"row clearfix\">\n         <div class=\"column column--sm-8\">\n           <ol class=\"breadcrumbs\">\n@@ -25,8 +22,11 @@\n           <div class=\"search-box search-box--small\">\n             {% snippet search_form %}\n           </div>    \n         </div>\n+        <div id=\"sm-desk\">\n+          <div data-toc></div>\n+        </div>\n       </div>\n       <div class=\"row clearfix\">\n         <div class=\"column column--sm-3\">\n           <div class=\"side-nav\">\n"
                },
                {
                    "date": 1650267906145,
                    "content": "Index: \n===================================================================\n--- \n+++ \n@@ -22,11 +22,8 @@\n           <div class=\"search-box search-box--small\">\n             {% snippet search_form %}\n           </div>    \n         </div>\n-        <div id=\"sm-desk\">\n-          <div data-toc></div>\n-        </div>\n       </div>\n       <div class=\"row clearfix\">\n         <div class=\"column column--sm-3\">\n           <div class=\"side-nav\">\n@@ -78,10 +75,13 @@\n                         </b>\n                       {% endif %}\n                       <div class=\"meta\">{% translate portal.article.modified_on %} {{ article.modified_on | short_day_with_time }}</div>\n                       <span class=\"print-btn\" data-print-article>\n-                    \t<img src=\"https://helpcenter.kohyoung.net:447/Images/btn/btn_print.png\">\n+                        <img src=\"https://helpcenter.kohyoung.net:447/Images/btn/btn_print.png\">\n                       </span>\n+                      <div id=\"sm-desk\">\n+                        <div data-toc></div>\n+                      </div>\n                     </div>\n                   </div>\n                 </div>\n               </div>\n"
                },
                {
                    "date": 1650273512233,
                    "content": "Index: \n===================================================================\n--- \n+++ \n@@ -134,8 +134,9 @@\n  /* Add Jin 0307 솔루션 타이틀 텍스트 크기 조정*/\n   .sidenav-category__link {font-size: 14px;}\n   .article__title {font-size: 16px;}\n   \n+  /* Add Jin print 버튼 추가 */\n   .print-btn {    \n     display: inline-block;\n     margin-top: 22px;\n     cursor: pointer;\n"
                },
                {
                    "date": 1650608929427,
                    "content": "Index: \n===================================================================\n--- \n+++ \n@@ -115,42 +115,4 @@\n       </div>\n     </div>\n   </div>\n </div>\n-<style>\n-  /* Add Jin 0307 솔루션 아티클 Search 아이콘 추가*/\n-  .search-box--small .hc-search-input:before {\n-    left: 10px;\n-    position: absolute;\n-    top: 50%;\n-    left: 10px;\n-    width: 24px;\n-    height: 24px;\n-    content: \"\";\n-    background: url(https://raw.githubusercontent.com/wedosoft/kohyoung/main/%EA%B3%A0%EC%98%81_%EC%9D%B4%EB%AF%B8%EC%A7%80/%EC%9D%B4%EB%AF%B8%EC%A7%80/kysearch-icon.png) no-repeat;\n-    background-size: cover;\n-    transform: translateY(-50%);\n-    margin: 1px 0 0 8px;\n-}\n- /* Add Jin 0307 솔루션 타이틀 텍스트 크기 조정*/\n-  .sidenav-category__link {font-size: 14px;}\n-  .article__title {font-size: 16px;}\n-  \n-  /* Add Jin print 버튼 추가 */\n-  .print-btn {    \n-    display: inline-block;\n-    margin-top: 22px;\n-    cursor: pointer;\n-}\n-  /* Add Jin 솔루션 다음 이전 버튼 css 조정 */\n-  .prevnext__block .btn-primary {background-color: #ffff !important; color: #4673b4 !important;}\n-  \n-  /* Add Jin 반응형 Mobile 예 아니오 버튼 크기 조정*/\n-  @media (max-width: 45em) {\n-    .article-vote .vote-up {padding: 10px 10px;}\n-    .article-vote .vote-down {padding: 10px 10px;}\n-  }\n-  @media (max-width: 390px) {\n-    .article-vote .vote-up {display: block; width: 40%; margin: 15px 0 0 0;}\n-    .article-vote .vote-down {display: block; width: 40%; margin: 10px 0 0 0;}\n-  }\n-</style>\n\\ No newline at end of file\n"
                },
                {
                    "date": 1650941728107,
                    "content": "Index: \n===================================================================\n--- \n+++ \n@@ -55,9 +55,9 @@\n               </ul>\n             </div>\n           </div>\n \n-          <a class=\"btn btn-default sidebar-toggle js-sidebar-toggle\" href=\"#\"><i class=\"fa fa-bars\" aria-hidden=\"true\"></i> Open navigation</a>\n+          <a class=\"btn btn-default sidebar-toggle js-sidebar-toggle\" href=\"#\"><i class=\"fa fa-bars\" aria-hidden=\"true\"></i>navigation bar</a>\n         </div>\n         <div class=\"column column--sm-6\">\n           <article class=\"article clearfix\" itemscope itemtype=\"http://schema.org/Article\">\n             <header class=\"article-header\">\n"
                },
                {
                    "date": 1650941782453,
                    "content": "Index: \n===================================================================\n--- \n+++ \n@@ -55,9 +55,9 @@\n               </ul>\n             </div>\n           </div>\n \n-          <a class=\"btn btn-default sidebar-toggle js-sidebar-toggle\" href=\"#\"><i class=\"fa fa-bars\" aria-hidden=\"true\"></i>navigation bar</a>\n+          <a class=\"btn btn-default sidebar-toggle js-sidebar-toggle\" href=\"#\"><i class=\"fa fa-bars\" aria-hidden=\"true\"></i>navigation</a>\n         </div>\n         <div class=\"column column--sm-6\">\n           <article class=\"article clearfix\" itemscope itemtype=\"http://schema.org/Article\">\n             <header class=\"article-header\">\n"
                }
            ],
            "date": 1646373511572,
            "name": "Commit-0",
            "content": "<div class=\"bt-container\">\n  <div class=\"bt-container-inner\">\n    <div class=\"article-page\">\n      <div class=\"row clearfix\">\n        <div class=\"column column--sm-8\">\n          <ol class=\"breadcrumbs\">\n            <li>\n              <a href=\"{{portal.home_url}}\">{% translate header.tabs.home %}</a>\n            </li>\n            <li title=\"{% translate portal.solutions_home %}\">\n              <a href=\"{{ portal.solutions_home_url }}\">{% translate portal.solutions_home %}</a>\n            </li>\n            <li title=\"{{ article.category.name | h}}\">\n              <a href=\"{{ article.category.url }}\">{{ article.category.name | h}}</a>\n            </li>\n            <li title=\"{{ article.folder.name | h}}\">\n              <a href=\"{{ article.folder.url }}\">{{ article.folder.name | h}}</a>\n            </li>\n          </ol>\n        </div>\n        <div class=\"column column--sm-4\">\n          <div class=\"search-box search-box--small\">\n            {% snippet search_form %}\n          </div>    \n        </div>\n      </div>\n\n      <div class=\"row clearfix\">\n        <div class=\"column column--sm-3\">\n          <div class=\"side-nav\">\n            <div class=\"sidenav sidenav--accordion\">\n              <ul class=\"sidenav-categories\">\n                {% for category in portal.solution_categories %}\n                  {% if category.folders_count > 0 %}\n                    <li class=\"sidenav-category {% if category.id == article.category.id %}is-active{% endif %}\" id=\"sidenav-category-{{category.id}}\">\n                      <span class=\"sidenav-category__link js-sidenav-category-link\">{{category.name}}</span>\n                      <ul class=\"sidenav-sections\">\n                        {% for folder in category.folders %}\n                          {% if folder.articles_count > 0 %}\n                            <li class=\"sidenav-section {% if folder.id == article.folder.id %}is-active{% endif %}\" id=\"sidenav-section-{{folder.id}}\">\n                              <span class=\"sidenav-section__link js-sidenav-section-link\">{{folder.name}}</span>\n                              <ul class=\"sidenav-articles\">\n                                {% for article_item in folder.articles %}\n                                  <li class=\"sidenav-article {% if article_item.id == article.id %}is-active{% endif %}\" id=\"sidenav-article-{{article_item.id}}\">\n                                    <a class=\"sidenav-article__link js-sidenav-article-link\" href=\"{{ article_item.url }}\">{{article_item.title}}</a>\n                                  </li>\n                                {% endfor %}\n                              </ul>\n                            </li>\n                          {% endif %}\n                        {% endfor %}\n                      </ul>\n                    </li>\n                  {% endif %}\n                {% endfor %}\n              </ul>\n            </div>\n          </div>\n\n          <a class=\"btn btn-default sidebar-toggle js-sidebar-toggle\" href=\"#\"><i class=\"fa fa-bars\" aria-hidden=\"true\"></i> Open navigation</a>\n        </div>\n        <div class=\"column column--sm-6\">\n          <article class=\"article clearfix\" itemscope itemtype=\"http://schema.org/Article\">\n            <header class=\"article-header\">\n              <h1 class=\"article__title\" itemprop=\"name\">\n                {{ article.title | h}}\n              </h1>\n\n              <div class=\"article-meta\">\n                <div class=\"article-meta__col article-meta__col--main\">\n                  <div class=\"entry-info\">\n                    <div class=\"entry-info__content\">\n                      {% if article.personalized_articles? %}\n                        <b class=\"author\">\n                          {{ article.author }}\n                        </b>\n                      {% endif %}\n                      <div class=\"meta\">{% translate portal.article.modified_on %} {{ article.modified_on | short_day_with_time }}</div>\n                    </div>\n                  </div>\n                </div>\n              </div>\n            </header>\n\n            <div class=\"article__body markdown\" itemprop=\"articleBody\" data-article>\n              {{ article.body }}\n            </div>\n\n            {% if article.attachments.size > 0  %}\n              <div class=\"article__attachments\">\n                <ul class=\"list-unstyled attachment-list\">\n                {% for attachment in article.attachments %}\n                  <li class=\"attachment-list__item\">\n                    <span class=\"fa fa-paperclip attachment-list__icon\"></span>\n                    <a href=\"{{ attachment.url }}\" target=\"_blank\">{{ attachment.filename }}</a>\n                    <div class=\"meta\">({{ attachment.size }})</div>\n                  </li>\n                  {% endfor %}\n                </ul>\n              </div>\n            {% endif %}\n          </article>\n\n          <footer class=\"article-footer clearfix\">\n            {{article | article_voting }}\n          </footer>\n\n          <div class=\"prevnext\"></div>\n        </div>\n        <div class=\"column column--sm-3\">\n          <div data-toc></div>\n        </div>\n      </div>\n    </div>\n  </div>\n</div>\n<style>\n  .sidenav-category__link {font-size: 16px;}\n  @media (max-width: 45em) {\n    .article-vote .vote-up {padding: 10px 10px;}\n    .article-vote .vote-down {padding: 10px 10px;}\n  }\n  @media (max-width: 280px) {\n    .article-vote .vote-up {display: block; width: 40%; margin: 15px 0 0 0;}\n    .article-vote .vote-down {display: block; width: 40%; margin: 10px 0 0 0;}\n  }\n</style>"
        }
    ]
}