{
    "sourceFile": "templates/11-kyarticle-view.html",
    "activeCommit": 0,
    "commits": [
        {
            "activePatchIndex": 1,
            "patches": [
                {
                    "date": 1646373511572,
                    "content": "Index: \n===================================================================\n--- \n+++ \n"
                },
                {
                    "date": 1646979330559,
                    "content": "Index: \n===================================================================\n--- \n+++ \n@@ -114,14 +114,32 @@\n     </div>\n   </div>\n </div>\n <style>\n+  /* Add Jin 0307 솔루션 아티클 Search 아이콘 추가*/\n+  .search-box--small .hc-search-input:before {\n+    left: 10px;\n+    position: absolute;\n+    top: 50%;\n+    left: 10px;\n+    width: 24px;\n+    height: 24px;\n+    content: \"\";\n+    background: url(https://raw.githubusercontent.com/wedosoft/kohyoung/main/%EA%B3%A0%EC%98%81_%EC%9D%B4%EB%AF%B8%EC%A7%80/%EC%9D%B4%EB%AF%B8%EC%A7%80/kysearch-icon.png) no-repeat;\n+    background-size: cover;\n+    transform: translateY(-50%);\n+    margin: 1px 0 0 8px;\n+}\n+ /* Add Jin 0307 솔루션 타이틀 텍스트 크기 조정*/\n   .sidenav-category__link {font-size: 16px;}\n+  .article__title {font-size: 17px;}\n+  \n+ /* Add Jin 반응형 Mobile 예 아니오 버튼 크기 조정*/  \n   @media (max-width: 45em) {\n     .article-vote .vote-up {padding: 10px 10px;}\n     .article-vote .vote-down {padding: 10px 10px;}\n   }\n-  @media (max-width: 280px) {\n+  @media (max-width: 390px) {\n     .article-vote .vote-up {display: block; width: 40%; margin: 15px 0 0 0;}\n     .article-vote .vote-down {display: block; width: 40%; margin: 10px 0 0 0;}\n   }\n </style>\n\\ No newline at end of file\n"
                }
            ],
            "date": 1646373511572,
            "name": "Commit-0",
            "content": "<div class=\"bt-container\">\n  <div class=\"bt-container-inner\">\n    <div class=\"article-page\">\n      <div class=\"row clearfix\">\n        <div class=\"column column--sm-8\">\n          <ol class=\"breadcrumbs\">\n            <li>\n              <a href=\"{{portal.home_url}}\">{% translate header.tabs.home %}</a>\n            </li>\n            <li title=\"{% translate portal.solutions_home %}\">\n              <a href=\"{{ portal.solutions_home_url }}\">{% translate portal.solutions_home %}</a>\n            </li>\n            <li title=\"{{ article.category.name | h}}\">\n              <a href=\"{{ article.category.url }}\">{{ article.category.name | h}}</a>\n            </li>\n            <li title=\"{{ article.folder.name | h}}\">\n              <a href=\"{{ article.folder.url }}\">{{ article.folder.name | h}}</a>\n            </li>\n          </ol>\n        </div>\n        <div class=\"column column--sm-4\">\n          <div class=\"search-box search-box--small\">\n            {% snippet search_form %}\n          </div>    \n        </div>\n      </div>\n\n      <div class=\"row clearfix\">\n        <div class=\"column column--sm-3\">\n          <div class=\"side-nav\">\n            <div class=\"sidenav sidenav--accordion\">\n              <ul class=\"sidenav-categories\">\n                {% for category in portal.solution_categories %}\n                  {% if category.folders_count > 0 %}\n                    <li class=\"sidenav-category {% if category.id == article.category.id %}is-active{% endif %}\" id=\"sidenav-category-{{category.id}}\">\n                      <span class=\"sidenav-category__link js-sidenav-category-link\">{{category.name}}</span>\n                      <ul class=\"sidenav-sections\">\n                        {% for folder in category.folders %}\n                          {% if folder.articles_count > 0 %}\n                            <li class=\"sidenav-section {% if folder.id == article.folder.id %}is-active{% endif %}\" id=\"sidenav-section-{{folder.id}}\">\n                              <span class=\"sidenav-section__link js-sidenav-section-link\">{{folder.name}}</span>\n                              <ul class=\"sidenav-articles\">\n                                {% for article_item in folder.articles %}\n                                  <li class=\"sidenav-article {% if article_item.id == article.id %}is-active{% endif %}\" id=\"sidenav-article-{{article_item.id}}\">\n                                    <a class=\"sidenav-article__link js-sidenav-article-link\" href=\"{{ article_item.url }}\">{{article_item.title}}</a>\n                                  </li>\n                                {% endfor %}\n                              </ul>\n                            </li>\n                          {% endif %}\n                        {% endfor %}\n                      </ul>\n                    </li>\n                  {% endif %}\n                {% endfor %}\n              </ul>\n            </div>\n          </div>\n\n          <a class=\"btn btn-default sidebar-toggle js-sidebar-toggle\" href=\"#\"><i class=\"fa fa-bars\" aria-hidden=\"true\"></i> Open navigation</a>\n        </div>\n        <div class=\"column column--sm-6\">\n          <article class=\"article clearfix\" itemscope itemtype=\"http://schema.org/Article\">\n            <header class=\"article-header\">\n              <h1 class=\"article__title\" itemprop=\"name\">\n                {{ article.title | h}}\n              </h1>\n\n              <div class=\"article-meta\">\n                <div class=\"article-meta__col article-meta__col--main\">\n                  <div class=\"entry-info\">\n                    <div class=\"entry-info__content\">\n                      {% if article.personalized_articles? %}\n                        <b class=\"author\">\n                          {{ article.author }}\n                        </b>\n                      {% endif %}\n                      <div class=\"meta\">{% translate portal.article.modified_on %} {{ article.modified_on | short_day_with_time }}</div>\n                    </div>\n                  </div>\n                </div>\n              </div>\n            </header>\n\n            <div class=\"article__body markdown\" itemprop=\"articleBody\" data-article>\n              {{ article.body }}\n            </div>\n\n            {% if article.attachments.size > 0  %}\n              <div class=\"article__attachments\">\n                <ul class=\"list-unstyled attachment-list\">\n                {% for attachment in article.attachments %}\n                  <li class=\"attachment-list__item\">\n                    <span class=\"fa fa-paperclip attachment-list__icon\"></span>\n                    <a href=\"{{ attachment.url }}\" target=\"_blank\">{{ attachment.filename }}</a>\n                    <div class=\"meta\">({{ attachment.size }})</div>\n                  </li>\n                  {% endfor %}\n                </ul>\n              </div>\n            {% endif %}\n          </article>\n\n          <footer class=\"article-footer clearfix\">\n            {{article | article_voting }}\n          </footer>\n\n          <div class=\"prevnext\"></div>\n        </div>\n        <div class=\"column column--sm-3\">\n          <div data-toc></div>\n        </div>\n      </div>\n    </div>\n  </div>\n</div>\n<style>\n  .sidenav-category__link {font-size: 16px;}\n  @media (max-width: 45em) {\n    .article-vote .vote-up {padding: 10px 10px;}\n    .article-vote .vote-down {padding: 10px 10px;}\n  }\n  @media (max-width: 280px) {\n    .article-vote .vote-up {display: block; width: 40%; margin: 15px 0 0 0;}\n    .article-vote .vote-down {display: block; width: 40%; margin: 10px 0 0 0;}\n  }\n</style>"
        }
    ]
}