{
    "sourceFile": "templates/12-solutions-category-home.html",
    "activeCommit": 0,
    "commits": [
        {
            "activePatchIndex": 0,
            "patches": [
                {
                    "date": 1646373522038,
                    "content": "Index: \n===================================================================\n--- \n+++ \n"
                }
            ],
            "date": 1646373522038,
            "name": "Commit-0",
            "content": "<div class=\"bt-container\">\n  <div class=\"bt-container-inner\">\n    <div class=\"category-page\">\n      <div class=\"row clearfix\">\n        <div class=\"column column--sm-8\">\n          <ol class=\"breadcrumbs\">\n            <li>\n              <a href=\"{{portal.home_url}}\">{% translate header.tabs.home %}</a>\n            </li>\n            <li title=\"{% translate portal.solutions_home %}\">\n              <a href=\"{{ portal.solutions_home_url }}\">{% translate portal.solutions_home %}</a>\n            </li>\n            <li title=\"{{ category.name | h }}\">\n              {{ category.name | h }}\n            </li>\n          </ol>\n        </div>\n        <div class=\"column column--sm-4\">\n          <div class=\"search-box search-box--small\">\n            {% snippet search_form %}\n          </div>    \n        </div>\n      </div>\n\n      <div class=\"header\">\n        <h1 class=\"h2\">{{ category.name | h }}</h1>\n        {% if category.description %}\n        <p class=\"page-description\">{{ category.description }}</p>\n        {% endif %}\n      </div>\n      <div class=\"row folder-tree clearfix\">\n        {% for folder in category.folders %}\n          <section class=\"column column--sm-6 column--md-4 folder\">\n            <h3 class=\"folder__title\">\n              <a class=\"folder__title-link\" href=\"{{ folder.url}} \">{{ folder.name }}</a>\n            </h3>\n\n            {% if folder.articles_count > 0 %}\n              <ul class=\"articles\">\n                {% for article in folder.articles limit:5 %}\n                  <li class=\"articles__item\">\n                    <a class=\"articles__link\" href=\"{{ article.url }}\">{{ article.title | h }}</a>\n                  </li>\n                {% endfor %}\n              </ul>\n              {% if folder.articles.size > 5 %}\n                <a href=\"{{ folder.url }}\" class=\"btn btn-primary see-all-articles\">\n                  View all ({{folder.articles_count}})\n                </a>\n              {% endif %}\n            {% endif %}\n          </section>\n        {% endfor %}\n      </div>\n    </div>\n  </div>\n</div>"
        }
    ]
}