{
    "sourceFile": "templates/13-kynew-ticket.html",
    "activeCommit": 0,
    "commits": [
        {
            "activePatchIndex": 7,
            "patches": [
                {
                    "date": 1646373532686,
                    "content": "Index: \n===================================================================\n--- \n+++ \n"
                },
                {
                    "date": 1646979577733,
                    "content": "Index: \n===================================================================\n--- \n+++ \n@@ -14,9 +14,21 @@\n \t\t</div>\n \t</div>\n </div>\n <style>\n-   #attachment-type .add_attachment {\n+ /* 22.03.08 Add Jin 티켓필드 CSS 수정 */\n+ .new-ticket-page {margin-bottom: 0px;}\n+ label.required:after {color: #93c450;}\n+  @media (min-width: 768px) {\n+    .column--sm-8 {\n+      float: none;\n+      margin: 0 auto;\n+      width: 66.6666666667%;\n+    }\n+  }\n+  /* 22.03.08 Add Jin 파일 첨부 CSS 수정 */\n+  #attachment-type .attachments-list-wrap {top: 25px;}\n+  #attachment-type .add_attachment {\n     text-align: center;\n     border: 1px solid #93c450;\n     border-radius: 5px;\n     color: #93c450;\n@@ -26,5 +38,15 @@\n     white-space: nowrap;\n     width: 120px;\n     z-index: 1;\n   }\n+  /* 22.03.08 Add Jin Submit Button CSS 수정 */\n+  .form-portal .form-actions {text-align: center;}\n+  .form-actions {\n+    margin-top: 21.875px;\n+    padding-top: 21.875px;\n+    margin-bottom: 21.875px;\n+    border-top: 1px solid #e5e5e5;\n+  }\t\n+  #helpdesk_ticket_submit {width: 100px; margin-right: 10px;}\n+  .form-actions .btn {width: 100px;}\n </style>\n"
                },
                {
                    "date": 1649730288963,
                    "content": "Index: \n===================================================================\n--- \n+++ \n@@ -16,9 +16,9 @@\n </div>\n <style>\n  /* 22.03.08 Add Jin 티켓필드 CSS 수정 */\n  .new-ticket-page {margin-bottom: 0px;}\n- label.required:after {color: #93c450;}\n+ label.required:after {color: #68b950;}\n   @media (min-width: 768px) {\n     .column--sm-8 {\n       float: none;\n       margin: 0 auto;\n@@ -28,11 +28,11 @@\n   /* 22.03.08 Add Jin 파일 첨부 CSS 수정 */\n   #attachment-type .attachments-list-wrap {top: 25px;}\n   #attachment-type .add_attachment {\n     text-align: center;\n-    border: 1px solid #93c450;\n+    border: 1px solid #68b950;\n     border-radius: 5px;\n-    color: #93c450;\n+    color: #68b950;\n     overflow: hidden;\n     position: relative;\n     text-overflow: ellipsis;\n     white-space: nowrap;\n"
                },
                {
                    "date": 1649732199904,
                    "content": "Index: \n===================================================================\n--- \n+++ \n@@ -28,17 +28,18 @@\n   /* 22.03.08 Add Jin 파일 첨부 CSS 수정 */\n   #attachment-type .attachments-list-wrap {top: 25px;}\n   #attachment-type .add_attachment {\n     text-align: center;\n-    border: 1px solid #68b950;\n+    border: 2px solid #68b950;\n     border-radius: 5px;\n     color: #68b950;\n     overflow: hidden;\n     position: relative;\n     text-overflow: ellipsis;\n     white-space: nowrap;\n     width: 120px;\n     z-index: 1;\n+    font-weight: 600;\n   }\n   /* 22.03.08 Add Jin Submit Button CSS 수정 */\n   .form-portal .form-actions {text-align: center;}\n   .form-actions {\n"
                },
                {
                    "date": 1649732379697,
                    "content": "Index: \n===================================================================\n--- \n+++ \n@@ -47,7 +47,7 @@\n     padding-top: 21.875px;\n     margin-bottom: 21.875px;\n     border-top: 1px solid #e5e5e5;\n   }\t\n-  #helpdesk_ticket_submit {width: 100px; margin-right: 10px;}\n-  .form-actions .btn {width: 100px;}\n+  #helpdesk_ticket_submit {width: 120px; margin-right: 10px; font-size: 16px;}\n+  .form-actions .btn {width: 120px; font-size: 16px;}\n </style>\n"
                },
                {
                    "date": 1649732682921,
                    "content": "Index: \n===================================================================\n--- \n+++ \n@@ -49,5 +49,10 @@\n     border-top: 1px solid #e5e5e5;\n   }\t\n   #helpdesk_ticket_submit {width: 120px; margin-right: 10px; font-size: 16px;}\n   .form-actions .btn {width: 120px; font-size: 16px;}\n+  \n+  @media (max-width: 280px) {\n+    #helpdesk_ticket_submit {width: 100px;}\n+    .form-actions .btn {width: 100px;}\n+  }\n </style>\n"
                },
                {
                    "date": 1649733131821,
                    "content": "Index: \n===================================================================\n--- \n+++ \n@@ -35,12 +35,23 @@\n     overflow: hidden;\n     position: relative;\n     text-overflow: ellipsis;\n     white-space: nowrap;\n-    width: 120px;\n+    width: 110px;\n     z-index: 1;\n     font-weight: 600;\n   }\n+  #attachment-type .hidden_upload input[type=\"file\"] {\n+    cursor: pointer;\n+    height: 25px;\n+    opacity: 0;\n+    position: relative;\n+    right: 0;\n+    top: -27px;\n+    width: 110px;\n+    font-size: 0;\n+    z-index: 1;\n+  }\n   /* 22.03.08 Add Jin Submit Button CSS 수정 */\n   .form-portal .form-actions {text-align: center;}\n   .form-actions {\n     margin-top: 21.875px;\n"
                },
                {
                    "date": 1650273589605,
                    "content": "Index: \n===================================================================\n--- \n+++ \n@@ -14,56 +14,12 @@\n \t\t</div>\n \t</div>\n </div>\n <style>\n- /* 22.03.08 Add Jin 티켓필드 CSS 수정 */\n- .new-ticket-page {margin-bottom: 0px;}\n- label.required:after {color: #68b950;}\n   @media (min-width: 768px) {\n     .column--sm-8 {\n       float: none;\n       margin: 0 auto;\n       width: 66.6666666667%;\n     }\n   }\n-  /* 22.03.08 Add Jin 파일 첨부 CSS 수정 */\n-  #attachment-type .attachments-list-wrap {top: 25px;}\n-  #attachment-type .add_attachment {\n-    text-align: center;\n-    border: 2px solid #68b950;\n-    border-radius: 5px;\n-    color: #68b950;\n-    overflow: hidden;\n-    position: relative;\n-    text-overflow: ellipsis;\n-    white-space: nowrap;\n-    width: 110px;\n-    z-index: 1;\n-    font-weight: 600;\n-  }\n-  #attachment-type .hidden_upload input[type=\"file\"] {\n-    cursor: pointer;\n-    height: 25px;\n-    opacity: 0;\n-    position: relative;\n-    right: 0;\n-    top: -27px;\n-    width: 110px;\n-    font-size: 0;\n-    z-index: 1;\n-  }\n-  /* 22.03.08 Add Jin Submit Button CSS 수정 */\n-  .form-portal .form-actions {text-align: center;}\n-  .form-actions {\n-    margin-top: 21.875px;\n-    padding-top: 21.875px;\n-    margin-bottom: 21.875px;\n-    border-top: 1px solid #e5e5e5;\n-  }\t\n-  #helpdesk_ticket_submit {width: 120px; margin-right: 10px; font-size: 16px;}\n-  .form-actions .btn {width: 120px; font-size: 16px;}\n-  \n-  @media (max-width: 280px) {\n-    #helpdesk_ticket_submit {width: 100px;}\n-    .form-actions .btn {width: 100px;}\n-  }\n </style>\n"
                }
            ],
            "date": 1646373532686,
            "name": "Commit-0",
            "content": "<div class=\"bt-container\">\n\t<div class=\"bt-container-inner\">\n\t\t<div class=\"new-ticket-page\">\n\t\t  <div class=\"row clearfix\">\n\t\t    <div class=\"column column--sm-8 \">\n\t\t      <h1 class=\"new-ticket-title\">{% translate ticket.submit_ticket_title %}</h1>\n\n\t\t      <div class=\"new-ticket-form\">\n\t\t        {% snippet new_ticket_form %}\n\t\t      </div>\n\t\t    </div>\n\t\t    <div class=\"column column--sm-4 \" id=\"new-ticket-search\"></div>\n\t\t  </div>\n\t\t</div>\n\t</div>\n</div>\n<style>\n   #attachment-type .add_attachment {\n    text-align: center;\n    border: 1px solid #93c450;\n    border-radius: 5px;\n    color: #93c450;\n    overflow: hidden;\n    position: relative;\n    text-overflow: ellipsis;\n    white-space: nowrap;\n    width: 120px;\n    z-index: 1;\n  }\n</style>\n"
        }
    ]
}