{
    "sourceFile": "templates/15-ticket-details.html",
    "activeCommit": 0,
    "commits": [
        {
            "activePatchIndex": 0,
            "patches": [
                {
                    "date": 1646373552919,
                    "content": "Index: \n===================================================================\n--- \n+++ \n"
                }
            ],
            "date": 1646373552919,
            "name": "Commit-0",
            "content": "<div class=\"bt-container\">\n\t<div class=\"bt-container-inner\">\n\t  <div class=\"ticket-page ticket\">\n\t\t<ol class=\"breadcrumbs\">\n\t\t  <li>\n\t\t\t<a href=\"{{portal.home_url}}\">{% translate header.tabs.home %}</a>\n\t\t  </li>\n\t\t  <li title=\"{% translate portal.tickets.ticket_list %}\">\n\t\t\t<a href=\"{{portal.tickets_home_url}}\">{% translate portal.tickets.ticket_list %}</a>\n\t\t  </li>\n\t\t</ol>\n\t\t\n\t\t<div class=\"row clearfix\">\n\t\t  <div class=\"column column--sm-8 ticket__column\">\n\t  \n\t\t\t  <div class=\"bt-ticket-alert\">{{ ticket | status_alert }}</div>\n\t  \n\t\t\t  {% if portal.user  %}\n\t\t\t\t{% unless ticket.closed? %}\n\t\t\t\t  <div class=\"btn-group ticket-page__actions\">\n\t\t\t\t\t<a href=\"#reply-to-ticket\" class=\"btn btn-small\" \n\t\t\t\t\t  data-proxy-for=\"#add-note-form\" title=\"{% translate reply %}\" \n\t\t\t\t\t  data-toggle=\"tooltip\">\n\t\t\t\t\t\t<i class=\"icon-reply\"></i> \n\t\t\t\t\t</a>\n\t\t\t\t\t<a href=\"{{ ticket.close_ticket_url }}\" data-method=\"post\" \n\t\t\t\t\t  class=\"btn btn-small\" data-toggle=\"tooltip\" \n\t\t\t\t\t  title=\"{% translate portal.tickets.mark_closed %}\">\n\t\t\t\t\t\t<i class=\"icon-close-ticket\"></i>\n\t\t\t\t\t</a>\n\t\t\t\t\t<a href=\"#add-people\" rel=\"freshdialog\" \n\t\t\t\t\t  title=\"{% translate portal.tickets.add_people_title %}\" data-width=\"400\" class=\"btn btn-small\" data-submit-label=\"{% translate portal.tickets.add_people %}\" data-toggle=\"tooltip\" data-close-label=\"{% translate close %}\" title=\"{% translate portal.tickets.add_people %}\">\n\t\t\t\t\t\t<i class=\"icon-add-people\"></i>\n\t\t\t\t\t</a>\n\t\t\t\t  </div>\t\t\t\n\t\t\t\t{% endunless %}\n\t\t\t  {% endif %}\n\t  \n\t\t\t  <h1 class=\"ticket__subject\">#{{ticket.id}} {{ ticket.subject | h}}</h1>\n\t\t\t  \n\t\t\t  <div id=\"ticket-comments\" class=\"comments\" itemscope itemtype=\"http://schema.org/UserComments\">\n\t\t\t\t<ul class=\"comments-list\">\n\t\t\t\t  <li class=\"comment\">\n\t\t\t\t\t<div class=\"entry-info comment__header\">\n\t\t\t\t\t  <div class=\"entry-info__avatar\">\n\t\t\t\t\t\t{% if ticket.outbound_email? %}\n\t\t\t\t\t\t  {{ ticket.outbound_initiator | profile_image:'user-avatar', '40px', '40px' }}\n\t\t\t\t\t\t{% else %}\n\t\t\t\t\t\t  {{ ticket.requester | profile_image:'user-avatar', '40px', '40px' }}\n\t\t\t\t\t\t{% endif %}\n\t\t\t\t\t  </div>\n\t\t\t\t\t  <div class=\"entry-info__content\">\n\t\t\t\t\t\t{% if ticket.outbound_email? %}\n\t\t\t\t\t\t  <b>{{ ticket.outbound_initiator.name | h}}</b>\n\t\t\t\t\t\t{% else %}\n\t\t\t\t\t\t  <b>{{ ticket.requester.name | h}}</b>\n\t\t\t\t\t\t  <div> {{ ticket.cc_content }} </div>\n\t\t\t\t\t\t{% endif %}\n\t\t\t\t\t\t<div class=\"meta\">{% translate portal.reported %} {{ ticket.created_on | time_ago }}</div>\n\t\t\t\t\t  </div>\n\t\t\t\t\t</div>\n\t\t\t\t\t<div class=\"ticket__desc\">\n\t\t\t\t\t  {{ticket.description_html}}\n\t\t\t\t\t  {{ticket | freshfone_audio_dom}}\n\t\t\t\t\t</div>\n\t\t\t\t\t\t\n\t\t\t\t\t{{ticket | ticket_attachemnts}}\n\t\t\t\t  </li>\n\t\t\t\t  {% for comment in ticket.public_comments %}\n\t\t\t\t\t<li class=\"comment\" id=\"{{comment.id}}\">\n\t\t\t\t\t  <div class=\"entry-info comment__header\">\n\t\t\t\t\t\t<div class=\"entry-info__avatar\">\n\t\t\t\t\t\t  <div class=\"avatar\">\n\t\t\t\t\t\t\t{{comment.user | profile_image:'user-avatar user-avatar--default', '40px', '40px'}}\n\t\t\t\t\t\t  </div>\n\t\t\t\t\t\t</div>\n\t\t\t\t\t\t<div class=\"entry-info__content\">\n\t\t\t\t\t\t  <b class=\"author\">\n\t\t\t\t\t\t\t{{comment.user.name | h}}\n\t\t\t\t\t\t  </b>\n\t\t\t\t\t\t  <div class=\"meta\">\n\t\t\t\t\t\t\t{% translate portal.said %} {{comment.created_on | time_ago}}\n\t\t\t\t\t\t  </div>\n\t\t\t\t\t\t</div>\n\t\t\t\t\t  </div>\n\t\t\t\t\t  <div class=\"comment__body\">\n\t\t\t\t\t\t{{comment | custom_survey_data}}\n\t\t\t\t\t\t{{comment.description}}\n\t\t\t\t\t\t{{comment | freshfone_audio_dom}}\n\t\t\t\t\t  </div>\n\t\t\t\t\t  {{comment | comment_attachments}}\n\t\t\t\t\t</li>\n\t\t\t\t  {% endfor %}\n\t\t\t\t</ul>\n\t\t\t  </div>\n\t\t\t  \n\t\t\t  {% if ticket.closed? %}\n\t\t\t\t<div class=\"bt-ticket-alert\">{{ ticket | status_alert }}</div>\n\t\t\t  {% endif %}\n\t\t\t  \n\t\t\t  <div id=\"reply-to-ticket\" class=\"comment-form\">\n\t\t\t\t<div class=\"comment-form__avatar\">\n\t\t\t\t  <div class=\"avatar avatar--comment\">\n\t\t\t\t\t{{portal.user | profile_image:'user-avatar user-avatar--default', '40px', '40px'}}\n\t\t\t\t  </div>\n\t\t\t\t</div>\n\t\t\t\t<div class=\"comment-form__body\">\n\t\t\t\t  {% snippet ticket_reply %}\n\t\t\t\t</div>\n\t\t\t  </div>\n\t\t  </div>\n\t\t  \n\t\t  <div class=\"column column--sm-4\">\n\t\t\t<div class=\"ticket__sidebar\">\n\t\t\t  {% assign agent = ticket.agent %}\n\t\t\t  {% if agent_visible == true and agent %}\n\t\t\t\t<div class=\"ticket__agent-details\">\n\t\t\t\t  <h3 class=\"lead\">{% translate agent_working_on_this_ticket %}</h3>\n\t\t\t\t  {{ agent | profile_image:'', '40px', '40px' }}\n\t\t\t\t  <div><b>{{ agent.name }}</b></div>\n\t\t\t\t  <div>{{ agent.job_title }}</div>\n\t\t\t\t</div>\n\t\t\t  {% endif %}\n\t\t\t  <div class=\"ticket__survey\">{% snippet ticket_survey %}</div>\n\t\t\t  <div class=\"ticket__details\">{% snippet ticket_details %}</div>\n\t\t\t</div>\n\t\t  </div>\n\t\t</div>\n\t  </div>\n\t  \n\t  {% snippet ticket_add_people %}\n\t</div>\n  </div>\n  "
        }
    ]
}