{
    "sourceFile": "templates/16-discussions-home.html",
    "activeCommit": 0,
    "commits": [
        {
            "activePatchIndex": 2,
            "patches": [
                {
                    "date": 1646373566908,
                    "content": "Index: \n===================================================================\n--- \n+++ \n"
                },
                {
                    "date": 1646373585619,
                    "content": "Index: \n===================================================================\n--- \n+++ \n@@ -1,18 +1,18 @@\n <div class=\"bt-container\">\n   <div class=\"bt-container-inner\">\n-    <div class=\"discussions-category-list-page\"> \n-      <div class=\"discussions-menu\">\n-        <h1 class=\"h4\">{% translate portal.community_forums %}</h1>\n-    \n-        {{ portal | link_to_start_topic }}\n-      </div>\n+    <div class=\"discussions-category-page\" id=\"discussions-category-{{category.id}}\">\n+      <ol class=\"breadcrumbs\">\n+        <li>\n+          <a href=\"{{portal.home_url}}\">{% translate header.tabs.home %}</a>\n+        </li>\n+        <li title=\"{% translate portal.community_forums %}\">\n+          <a href=\"{{portal.discussions_home_url}}\">{% translate portal.community_forums %}</a>\n+        </li>\n+      </ol>\n+      <h1 class=\"discussions-category-title\"> {{category.name | h}}</h1>\n       \n-      <div class=\"row clearfix\">\n-        <div class=\"column column--sm-8 column--md-9\">\n-          {% for category in portal.forum_categories %}\n-            <h2 class=\"forum-category-name\">{{category.name}}</h2>\n-            {% if category.forums_count > 0 %}\n+      {% if category.forums_count > 0 %}\n   <ul class=\"list-unstyled forum-list\">\n     {% for forum in category.forums %}\n       <li class=\"forum-list-item\">\n         <h3 class=\"h4 forum-list-item__title\">\n@@ -53,53 +53,7 @@\n     {% endfor %}\n     </ul>\n {% endif %}\n \n-          {% endfor %}\n-        </div>\n-        <div class=\"column column--sm-4 column--md-3\">\n-          {% if portal.recent_popular_topics.size > 0 %}\n-            <section class=\"popular-topics\">\n-              <h2 class=\"h5 popular-topics__title\">{% translate portal.popular_topics %}</h2>\n-              <div class=\"meta popular-topics__desc\">{% translate portal.showing_recently_popular_topics %}</div>\n-              <ul class=\"list-unstyled popular-topic-list\">\n-                {% for topic in portal.recent_popular_topics limit:3 %}\n-                  <li class=\"popular-topic-item\">\n-                    <div class=\"popular-topic-item__inner\">\n-                      <h5 class=\"popular-topic-item__title\"><a href=\"{{topic.url}}\">{{topic.title | h}}</a></h5>\n-                      <span class=\"meta popular-topic-item__info\">\n-                        {{topic | topic_info}}\n-                      </span>\n-                    </div>\n-                  </li>\n-                {% endfor %}\n-              </ul>\n-            </section>\n-          {% endif %}\n-    \n-    \n-          {% if portal.my_topics.size > 0 %}\n-            <section class=\"my-topics\">\n-              <h2 class=\"h5 my-topics__title\">{% translate portal.my_topics %}</h2>\n-              <div class=\"meta my-topics__desc\">{% translate portal.showing_my_topics %}</div>\n-              <ul class=\"list-unstyled my-topic-list\">\n-                {% for topic in portal.my_topics limit:3 %}\n-                  <li class=\"my-topic-item\">\n-                    <div class=\"my-topic-item__inner\">\n-                      <h5 class=\"my-topic-item__title\"><a href=\"{{topic.url}}\">{{topic.title | h}}</a></h5>\n-                      <span class=\"meta my-topic-item__info\">\n-                        {{topic | topic_info}}\n-                      </span>\n-                    </div>\n-                  </li>\n-                {% endfor %}\n-              </ul>\n-              {% if portal.my_topics_count > 3 %}\n-                <a class=\"btn btn-primary\" href=\"{{portal.my_topics_url}}\">{% translate portal.topic.all_topics %}</a>\n-              {% endif %}\n-            </section>\n-          {% endif %}\n-        </div>\n-      </div>\n     </div>\n   </div>\n </div>\n"
                },
                {
                    "date": 1647395558345,
                    "content": "Index: \n===================================================================\n--- \n+++ \n@@ -11,49 +11,47 @@\n       </ol>\n       <h1 class=\"discussions-category-title\"> {{category.name | h}}</h1>\n       \n       {% if category.forums_count > 0 %}\n-  <ul class=\"list-unstyled forum-list\">\n-    {% for forum in category.forums %}\n-      <li class=\"forum-list-item\">\n-        <h3 class=\"h4 forum-list-item__title\">\n-          <a class=\"forum-list-item__link\" href=\"{{ forum.url }}\">{{ forum.name }}</a>\n-        </h3>\n+      <ul class=\"list-unstyled forum-list\">\n+        {% for forum in category.forums %}\n+        <li class=\"forum-list-item\">\n+          <h3 class=\"h4 forum-list-item__title\">\n+            <a class=\"forum-list-item__link\" href=\"{{ forum.url }}\">{{ forum.name }}</a>\n+          </h3>\n \n-        {% if forum.topics_count > 0 %}\n+          {% if forum.topics_count > 0 %}\n           <ul class=\"forum-topics\">\n             {% for topic in forum.topics | limit:5 %}\n-              <li class=\"forum-topics__item {% if topic.sticky? %} forum-topics__item--sticky {% endif %}\">\n-  <a class=\"forum-topics__link\" title=\"{{topic.title | h}}\" href=\"{{topic.url}}\">\n-    {% if topic.sticky? %}\n-      <i class=\"fa fa-thumb-tack forum-topics__pin\" aria-hidden=\"true\"></i>\n-    {% endif %}\n-    {{topic.title | h}}\n+            <li class=\"forum-topics__item {% if topic.sticky? %} forum-topics__item--sticky {% endif %}\">\n+              <a class=\"forum-topics__link\" title=\"{{topic.title | h}}\" href=\"{{topic.url}}\">\n+                {% if topic.sticky? %}\n+                  <i class=\"fa fa-thumb-tack forum-topics__pin\" aria-hidden=\"true\"></i>\n+                {% endif %}\n+                {{topic.title | h}}\n \n-    <div class=\"forum-topics__labels\">\n-      {{ topic | topic_labels }}\n-    </div>\n-  </a>\n-  \n-  <div class=\"meta forum-topics__meta\">\n-    {{ topic | topic_info }}\n-  </div>\n-</li>\n-\n+                <div class=\"forum-topics__labels\">\n+                  {{ topic | topic_labels }}\n+                </div>\n+              </a>\n+              <div class=\"meta forum-topics__meta\">\n+                {{ topic | topic_info }}\n+              </div>\n+            </li>\n             {% endfor %}\n           </ul>\n           {% if forum.topics_count > 5 %}\n-            <a href=\"{{ forum.url }}\" class=\"btn btn-primary\">\n-              {% translate portal.topic.all_topics %} ({{forum.topics_count}})\n-            </a>\n+          <a href=\"{{ forum.url }}\" class=\"btn btn-primary\">\n+            {% translate portal.topic.all_topics %} ({{forum.topics_count}})\n+          </a>\n           {% endif %}\n-        {% else %}\n+          {% else %}\n           <p>{% translate portal.no_topics_in_this_view %}</p>\n-        {% endif %}\n-      </li>\n-    {% endfor %}\n-    </ul>\n-{% endif %}\n+          {% endif %}\n+        </li>\n+        {% endfor %}\n+      </ul>\n+      {% endif %}\n \n     </div>\n   </div>\n </div>\n"
                }
            ],
            "date": 1646373566908,
            "name": "Commit-0",
            "content": "<div class=\"bt-container\">\n  <div class=\"bt-container-inner\">\n    <div class=\"discussions-category-list-page\"> \n      <div class=\"discussions-menu\">\n        <h1 class=\"h4\">{% translate portal.community_forums %}</h1>\n    \n        {{ portal | link_to_start_topic }}\n      </div>\n      \n      <div class=\"row clearfix\">\n        <div class=\"column column--sm-8 column--md-9\">\n          {% for category in portal.forum_categories %}\n            <h2 class=\"forum-category-name\">{{category.name}}</h2>\n            {% if category.forums_count > 0 %}\n  <ul class=\"list-unstyled forum-list\">\n    {% for forum in category.forums %}\n      <li class=\"forum-list-item\">\n        <h3 class=\"h4 forum-list-item__title\">\n          <a class=\"forum-list-item__link\" href=\"{{ forum.url }}\">{{ forum.name }}</a>\n        </h3>\n\n        {% if forum.topics_count > 0 %}\n          <ul class=\"forum-topics\">\n            {% for topic in forum.topics | limit:5 %}\n              <li class=\"forum-topics__item {% if topic.sticky? %} forum-topics__item--sticky {% endif %}\">\n  <a class=\"forum-topics__link\" title=\"{{topic.title | h}}\" href=\"{{topic.url}}\">\n    {% if topic.sticky? %}\n      <i class=\"fa fa-thumb-tack forum-topics__pin\" aria-hidden=\"true\"></i>\n    {% endif %}\n    {{topic.title | h}}\n\n    <div class=\"forum-topics__labels\">\n      {{ topic | topic_labels }}\n    </div>\n  </a>\n  \n  <div class=\"meta forum-topics__meta\">\n    {{ topic | topic_info }}\n  </div>\n</li>\n\n            {% endfor %}\n          </ul>\n          {% if forum.topics_count > 5 %}\n            <a href=\"{{ forum.url }}\" class=\"btn btn-primary\">\n              {% translate portal.topic.all_topics %} ({{forum.topics_count}})\n            </a>\n          {% endif %}\n        {% else %}\n          <p>{% translate portal.no_topics_in_this_view %}</p>\n        {% endif %}\n      </li>\n    {% endfor %}\n    </ul>\n{% endif %}\n\n          {% endfor %}\n        </div>\n        <div class=\"column column--sm-4 column--md-3\">\n          {% if portal.recent_popular_topics.size > 0 %}\n            <section class=\"popular-topics\">\n              <h2 class=\"h5 popular-topics__title\">{% translate portal.popular_topics %}</h2>\n              <div class=\"meta popular-topics__desc\">{% translate portal.showing_recently_popular_topics %}</div>\n              <ul class=\"list-unstyled popular-topic-list\">\n                {% for topic in portal.recent_popular_topics limit:3 %}\n                  <li class=\"popular-topic-item\">\n                    <div class=\"popular-topic-item__inner\">\n                      <h5 class=\"popular-topic-item__title\"><a href=\"{{topic.url}}\">{{topic.title | h}}</a></h5>\n                      <span class=\"meta popular-topic-item__info\">\n                        {{topic | topic_info}}\n                      </span>\n                    </div>\n                  </li>\n                {% endfor %}\n              </ul>\n            </section>\n          {% endif %}\n    \n    \n          {% if portal.my_topics.size > 0 %}\n            <section class=\"my-topics\">\n              <h2 class=\"h5 my-topics__title\">{% translate portal.my_topics %}</h2>\n              <div class=\"meta my-topics__desc\">{% translate portal.showing_my_topics %}</div>\n              <ul class=\"list-unstyled my-topic-list\">\n                {% for topic in portal.my_topics limit:3 %}\n                  <li class=\"my-topic-item\">\n                    <div class=\"my-topic-item__inner\">\n                      <h5 class=\"my-topic-item__title\"><a href=\"{{topic.url}}\">{{topic.title | h}}</a></h5>\n                      <span class=\"meta my-topic-item__info\">\n                        {{topic | topic_info}}\n                      </span>\n                    </div>\n                  </li>\n                {% endfor %}\n              </ul>\n              {% if portal.my_topics_count > 3 %}\n                <a class=\"btn btn-primary\" href=\"{{portal.my_topics_url}}\">{% translate portal.topic.all_topics %}</a>\n              {% endif %}\n            </section>\n          {% endif %}\n        </div>\n      </div>\n    </div>\n  </div>\n</div>\n"
        }
    ]
}