{
    "sourceFile": "templates/17-discussions-category-home.html",
    "activeCommit": 0,
    "commits": [
        {
            "activePatchIndex": 1,
            "patches": [
                {
                    "date": 1647395816135,
                    "content": "Index: \n===================================================================\n--- \n+++ \n"
                },
                {
                    "date": 1647395996786,
                    "content": "Index: \n===================================================================\n--- \n+++ \n@@ -49,10 +49,10 @@\n               <div class=\"forum-topics__date\">\n                 <span class=\"meta\">{{topic.created_on | short_day_with_time}}</span>\n               </div>\n             </li>\n-            {% endfor %}\n-          </ul>\n+            \t{% endfor %}\n+          \t</ul>\n           {% if forum.topics_count > 5 %}\n           <a href=\"{{ forum.url }}\" class=\"btn btn-default\">\n             View all ({{forum.topics_count}})\n           </a>\n@@ -63,8 +63,7 @@\n         </li>\n         {% endfor %}\n       </ul>\n       {% endif %}\n-\n \t\t</div>\n \t</div>\n </div>\n\\ No newline at end of file\n"
                }
            ],
            "date": 1647395816135,
            "name": "Commit-0",
            "content": "<div class=\"container\">\n\t<div class=\"container-inner\">\n\t\t<div class=\"discussions-category-page\" id=\"discussions-category-{{ category.id }}\">\n\t\t  <ol class=\"breadcrumbs\">\n\t\t    <li title=\"{% translate portal.community_forums %}\">\n\t\t      <a href=\"{{ portal.discussions_home_url }}\">{% translate portal.community_forums %}</a>\n\t\t    </li>\n\t\t  </ol>\n\t\t  <h1 class=\"discussions-category-title\"> {{ category.name | h }}</h1>\n\n\t\t  {% if category.forums_count > 0 %}\n      <ul class=\"list-unstyled forum-list\">\n        {% for forum in category.forums %}\n        <li class=\"forum-list-item\">\n          <h2 class=\"forum-list-item__title\">\n            <a class=\"forum-list-item__link\" href=\"{{ forum.url }}\">{{ forum.name }}</a>\n          </h2>\n\n          {% if forum.topics_count > 0 %}\n          <ul class=\"forum-topics\">\n            <li class=\"forum-topics__item forum-topics__item--header meta hidden-xs\">\n              <span class=\"forum-topics__link\"></span>\n              <span class=\"forum-topics__labels forum-topics__head\">Status</span>\n              <span class=\"forum-topics__author forum-topics__head\">Author</span>\n              <span class=\"forum-topics__comments forum-topics__head\">Comments</span>\n              <span class=\"forum-topics__date forum-topics__head\">Created On</span>\n            </li>\n            {% for topic in forum.topics | limit:5 %}\n            <li class=\"forum-topics__item {% if topic.sticky? %} forum-topics__item--sticky {% endif %}\">\n              <a class=\"forum-topics__link\" title=\"{{topic.title | h}}\" href=\"{{topic.url}}\">\n                {% if topic.sticky? %}\n                  <i class=\"fa fa-thumb-tack forum-topics__pin\" aria-hidden=\"true\"></i>\n                {% endif %}\n                {{topic.title | h}}\n              </a>\n\n              <div class=\"forum-topics__labels\">\n                {{ topic | topic_labels }}\n              </div>\n\n              <div class=\"forum-topics__author\">\n                {{ topic.user | profile_image }}\n              </div>\n\n              <div class=\"forum-topics__comments\">\n                <i class=\"fa fa-comment-o forum-topics__comments-icon\" aria-hidden=\"true\"></i> {{topic.comment_count}}\n              </div>\n\n              <div class=\"forum-topics__date\">\n                <span class=\"meta\">{{topic.created_on | short_day_with_time}}</span>\n              </div>\n            </li>\n            {% endfor %}\n          </ul>\n          {% if forum.topics_count > 5 %}\n          <a href=\"{{ forum.url }}\" class=\"btn btn-default\">\n            View all ({{forum.topics_count}})\n          </a>\n          {% endif %}\n          {% else %}\n          <p>{% translate portal.no_topics_in_this_view %}</p>\n          {% endif %}\n        </li>\n        {% endfor %}\n      </ul>\n      {% endif %}\n\n\t\t</div>\n\t</div>\n</div>"
        }
    ]
}