{
    "sourceFile": "templates/18-topic-list.html",
    "activeCommit": 0,
    "commits": [
        {
            "activePatchIndex": 0,
            "patches": [
                {
                    "date": 1646373608344,
                    "content": "Index: \n===================================================================\n--- \n+++ \n"
                }
            ],
            "date": 1646373608344,
            "name": "Commit-0",
            "content": "<div class=\"bt-container\">\n  <div class=\"bt-container-inner\">\n    <div class=\"forum-page\" id=\"forum-{{forum.id}}\">\n      <ol class=\"breadcrumbs\">\n        <li>\n          <a href=\"{{portal.home_url}}\">{% translate header.tabs.home %}</a>\n        </li>\n        <li title=\"{% translate portal.community_forums %}\">\n          <a href=\"{{portal.discussions_home_url}}\">{% translate portal.community_forums %}</a>\n        </li>\n        <li>\n          <a href=\"{{forum.forum_category.url}}\">{{forum.forum_category.name | h}}</a>\n        </li>\n      </ol>\n      \n      <h1 class=\"forum-title\">{{forum.name| h}}</h1>\n      \n      {% if forum.description.size > 0 %}\n        <p class=\"forum-desc\">\n          {{forum.description | h}}\n        </p>\n      {% endif %}\n      \n      <p class=\"forum-buttons\">\n        {% if forum.type_name != 'announcement' %}\n          {{portal | link_to_start_topic}}\n        {% endif %}\n        {{forum | follow_forum_button}}\n      </p>\n      \n      <div class=\"forum-filters\">\n        {{forum | default_topic_filters}}\n      </div>\n      \n      {% paginate forum.topics by 10 %}\n        <ul class=\"forum-topics\">\n          {% for topic in paginate.collection %}\n            <li class=\"forum-topics__item {% if topic.sticky? %} forum-topics__item--sticky {% endif %}\">\n  <a class=\"forum-topics__link\" title=\"{{topic.title | h}}\" href=\"{{topic.url}}\">\n    {% if topic.sticky? %}\n      <i class=\"fa fa-thumb-tack forum-topics__pin\" aria-hidden=\"true\"></i>\n    {% endif %}\n    {{topic.title | h}}\n\n    <div class=\"forum-topics__labels\">\n      {{ topic | topic_labels }}\n    </div>\n  </a>\n  \n  <div class=\"meta forum-topics__meta\">\n    {{ topic | topic_info }}\n  </div>\n</li>\n\n          {% else %}\n            <p>{% translate portal.no_topics_in_this_view %}</p>\n          {% endfor %}\n        </ul>\n        {{paginate | default_pagination}}\n      {% endpaginate %}\n    </div>\n  </div>\n</div>\n"
        }
    ]
}