{
    "sourceFile": "templates/19-my-topics.html",
    "activeCommit": 0,
    "commits": [
        {
            "activePatchIndex": 1,
            "patches": [
                {
                    "date": 1646373621878,
                    "content": "Index: \n===================================================================\n--- \n+++ \n"
                },
                {
                    "date": 1647395995281,
                    "content": "Index: \n===================================================================\n--- \n+++ \n@@ -1,53 +1,51 @@\n <div class=\"bt-container\">\n \t<div class=\"bt-container-inner\">\n-\t  <div class=\"my-topics-page\">\n-\t\t<h1 class=\"knowledge-base-title\">{% translate portal.community_forums %}</h1>\n-\t\t\n-\t\t<ul class=\"discussions-menu\">\n-\t\t  <li>\n-\t\t\t<a href=\"{{portal.home_url}}\">{% translate header.tabs.home %}</a>\n-\t\t  </li>\n-\t\t  <li title=\"{% translate portal.community_forums %}\">\n-\t\t\t<a href=\"{{portal.discussions_home_url}}\">{% translate portal.community_forums %}</a>\n-\t\t  </li>\n-\t\t  <li class=\"discussions-menu__item is-active\">\n-\t\t\t{% translate portal.my_topics %}\n-\t\t  </li>\n-\t\t</ul>\n-\t\t\n-\t\t<p>{% translate portal.showing_my_topics %}</p>\n-\t\t\n-\t\t{% if portal.my_topics.size > 0 %}\n-\t\t  {% paginate portal.my_topics by 10 %}\n-\t\t\t<ul class=\"forum-topics\" id=\"forum-topic-list\">\n-\t\t\t  {% for topic in paginate.collection %}\n-\t\t\t\t<li class=\"forum-topics__item {% if topic.sticky? %} forum-topics__item--sticky {% endif %}\">\n-\t<a class=\"forum-topics__link\" title=\"{{topic.title | h}}\" href=\"{{topic.url}}\">\n-\t  {% if topic.sticky? %}\n-\t\t<i class=\"fa fa-thumb-tack forum-topics__pin\" aria-hidden=\"true\"></i>\n-\t  {% endif %}\n-\t  {{topic.title | h}}\n-  \n-\t  <div class=\"forum-topics__labels\">\n-\t\t{{ topic | topic_labels }}\n-\t  </div>\n-\t</a>\n-\t\n-\t<div class=\"meta forum-topics__meta\">\n-\t  {{ topic | topic_info }}\n-\t</div>\n-  </li>\n-  \n-\t\t\t  {% else %}\n+\t\t<div class=\"my-topics-page\">\n+\t\t\t<h1 class=\"knowledge-base-title\">{% translate portal.community_forums %}</h1>\n+\t\t\t\n+\t\t\t<ul class=\"discussions-menu\">\n+\t\t\t<li>\n+\t\t\t\t<a href=\"{{portal.home_url}}\">{% translate header.tabs.home %}</a>\n+\t\t\t</li>\n+\t\t\t<li title=\"{% translate portal.community_forums %}\">\n+\t\t\t\t<a href=\"{{portal.discussions_home_url}}\">{% translate portal.community_forums %}</a>\n+\t\t\t</li>\n+\t\t\t<li class=\"discussions-menu__item is-active\">\n+\t\t\t\t{% translate portal.my_topics %}\n+\t\t\t</li>\n+\t\t\t</ul>\n+\t\t\t\n+\t\t\t<p>{% translate portal.showing_my_topics %}</p>\n+\t\t\t\n+\t\t\t{% if portal.my_topics.size > 0 %}\n+\t\t\t{% paginate portal.my_topics by 10 %}\n+\t\t\t\t<ul class=\"forum-topics\" id=\"forum-topic-list\">\n+\t\t\t\t{% for topic in paginate.collection %}\n+\t\t\t\t\t<li class=\"forum-topics__item {% if topic.sticky? %} forum-topics__item--sticky {% endif %}\">\n+\t\t\t\t\t\t<a class=\"forum-topics__link\" title=\"{{topic.title | h}}\" href=\"{{topic.url}}\">\n+\t\t\t\t\t\t{% if topic.sticky? %}\n+\t\t\t\t\t\t\t<i class=\"fa fa-thumb-tack forum-topics__pin\" aria-hidden=\"true\"></i>\n+\t\t\t\t\t\t{% endif %}\n+\t\t\t\t\t\t{{topic.title | h}}\n+\t\t\t\t\t\n+\t\t\t\t\t\t<div class=\"forum-topics__labels\">\n+\t\t\t\t\t\t\t{{ topic | topic_labels }}\n+\t\t\t\t\t\t</div>\n+\t\t\t\t\t\t</a>\n+\t\t\t\t\t\t<div class=\"meta forum-topics__meta\">\n+\t\t\t\t\t\t{{ topic | topic_info }}\n+\t\t\t\t\t\t</div>\n+\t\t\t\t\t</li>\n+\t\t\t\t\t{% else %}\n+\t\t\t\t\t<p>{% translate portal.no_topics_in_this_view %}</p>\n+\t\t\t\t{% endfor %}\n+\t\t\t\t</ul>\n+\t\t\t\t{{paginate | default_pagination}}\n+\t\t\t{% endpaginate %}\n+\t\t\t{% else %}\n \t\t\t\t<p>{% translate portal.no_topics_in_this_view %}</p>\n-\t\t\t  {% endfor %}\n-\t\t\t</ul>\n-\t\t\t{{paginate | default_pagination}}\n-\t\t  {% endpaginate %}\n-\t\t{% else %}\n-\t\t  <p>{% translate portal.no_topics_in_this_view %}</p>\n-\t\t{% endif %}\n-\t  </div>\n+\t\t\t{% endif %}\n+\t  \t</div>\n \t</div>\n-  </div>\n+</div>\n   \n\\ No newline at end of file\n"
                }
            ],
            "date": 1646373621878,
            "name": "Commit-0",
            "content": "<div class=\"bt-container\">\n\t<div class=\"bt-container-inner\">\n\t  <div class=\"my-topics-page\">\n\t\t<h1 class=\"knowledge-base-title\">{% translate portal.community_forums %}</h1>\n\t\t\n\t\t<ul class=\"discussions-menu\">\n\t\t  <li>\n\t\t\t<a href=\"{{portal.home_url}}\">{% translate header.tabs.home %}</a>\n\t\t  </li>\n\t\t  <li title=\"{% translate portal.community_forums %}\">\n\t\t\t<a href=\"{{portal.discussions_home_url}}\">{% translate portal.community_forums %}</a>\n\t\t  </li>\n\t\t  <li class=\"discussions-menu__item is-active\">\n\t\t\t{% translate portal.my_topics %}\n\t\t  </li>\n\t\t</ul>\n\t\t\n\t\t<p>{% translate portal.showing_my_topics %}</p>\n\t\t\n\t\t{% if portal.my_topics.size > 0 %}\n\t\t  {% paginate portal.my_topics by 10 %}\n\t\t\t<ul class=\"forum-topics\" id=\"forum-topic-list\">\n\t\t\t  {% for topic in paginate.collection %}\n\t\t\t\t<li class=\"forum-topics__item {% if topic.sticky? %} forum-topics__item--sticky {% endif %}\">\n\t<a class=\"forum-topics__link\" title=\"{{topic.title | h}}\" href=\"{{topic.url}}\">\n\t  {% if topic.sticky? %}\n\t\t<i class=\"fa fa-thumb-tack forum-topics__pin\" aria-hidden=\"true\"></i>\n\t  {% endif %}\n\t  {{topic.title | h}}\n  \n\t  <div class=\"forum-topics__labels\">\n\t\t{{ topic | topic_labels }}\n\t  </div>\n\t</a>\n\t\n\t<div class=\"meta forum-topics__meta\">\n\t  {{ topic | topic_info }}\n\t</div>\n  </li>\n  \n\t\t\t  {% else %}\n\t\t\t\t<p>{% translate portal.no_topics_in_this_view %}</p>\n\t\t\t  {% endfor %}\n\t\t\t</ul>\n\t\t\t{{paginate | default_pagination}}\n\t\t  {% endpaginate %}\n\t\t{% else %}\n\t\t  <p>{% translate portal.no_topics_in_this_view %}</p>\n\t\t{% endif %}\n\t  </div>\n\t</div>\n  </div>\n  "
        }
    ]
}