{
    "sourceFile": "templates/20-topic-view.html",
    "activeCommit": 0,
    "commits": [
        {
            "activePatchIndex": 12,
            "patches": [
                {
                    "date": 1646373634336,
                    "content": "Index: \n===================================================================\n--- \n+++ \n"
                },
                {
                    "date": 1647401219390,
                    "content": "Index: \n===================================================================\n--- \n+++ \n@@ -1,9 +1,8 @@\n {% assign forum = topic.forum %}\n {% assign forum_category = forum.forum_category %}\n {% assign first_post = topic.first_post %}\n-<div class=\"bt-container bt-container-inner\">\n-  \n+<div class=\"bt-container bt-container-inner\"> \n   <div class=\"topic-page\">\n     <ol class=\"breadcrumbs\">\n       <li title=\"{% translate portal.solutions_home %}\">\n         <a href=\"{{portal.home_url}}\">{% translate header.tabs.home %}</a>\n"
                },
                {
                    "date": 1649666454961,
                    "content": "Index: \n===================================================================\n--- \n+++ \n@@ -1,8 +1,9 @@\n {% assign forum = topic.forum %}\n {% assign forum_category = forum.forum_category %}\n {% assign first_post = topic.first_post %}\n-<div class=\"bt-container bt-container-inner\"> \n+<div class=\"bt-container bt-container-inner\">\n+  \n   <div class=\"topic-page\">\n     <ol class=\"breadcrumbs\">\n       <li title=\"{% translate portal.solutions_home %}\">\n         <a href=\"{{portal.home_url}}\">{% translate header.tabs.home %}</a>\n"
                },
                {
                    "date": 1649667294124,
                    "content": "Index: \n===================================================================\n--- \n+++ \n@@ -22,9 +22,10 @@\n     <div class=\"row clearfix\">\n       <div class=\"column column--sm-8\">\n         <article class=\"topic\">\n           <div class=\"topic__body\">\n-            {{topic | topic_labels}} {% if portal.user %}\n+            {{topic | topic_labels}} \n+            {% if portal.user %}\n               <div class=\"toolbar-actions btn-group\" id=\"topic-toolbar\">\n                 {{topic | follow_topic_button}}\n                 {{topic | link_to_topic_edit}}\n                 {{topic | link_to_mark_as_solved}}\n@@ -113,11 +114,11 @@\n         </section>\n       </div>\n       <div class=\"column column--sm-4\">\n         {% if forum.topics_count > 1 %}\n-        <div class=\"related-topics\">\n-          {{ topic | more_topics_list }}\n-        </div>\n+          <div class=\"related-topics\">\n+            {{ topic | more_topics_list }}\n+          </div>\n         {% endif %}\n       </div>\n     </div>\n   </div>\n"
                },
                {
                    "date": 1649746748352,
                    "content": "Index: \n===================================================================\n--- \n+++ \n@@ -22,10 +22,9 @@\n     <div class=\"row clearfix\">\n       <div class=\"column column--sm-8\">\n         <article class=\"topic\">\n           <div class=\"topic__body\">\n-            {{topic | topic_labels}} \n-            {% if portal.user %}\n+            {{topic | topic_labels}} {% if portal.user %}\n               <div class=\"toolbar-actions btn-group\" id=\"topic-toolbar\">\n                 {{topic | follow_topic_button}}\n                 {{topic | link_to_topic_edit}}\n                 {{topic | link_to_mark_as_solved}}\n@@ -114,12 +113,58 @@\n         </section>\n       </div>\n       <div class=\"column column--sm-4\">\n         {% if forum.topics_count > 1 %}\n-          <div class=\"related-topics\">\n-            {{ topic | more_topics_list }}\n-          </div>\n+        <div class=\"related-topics\">\n+          {{ topic | more_topics_list }}\n+        </div>\n         {% endif %}\n       </div>\n     </div>\n   </div>\n </div>\n+<style>\n+  /* Add Jin Follow 조정 */\n+  .toolbar-actions {\n+    float: none;\n+    margin-bottom: 20px;\n+    margin-top: 15px;\n+}\n+  /* Add Jin 파일 첨부 조정 */\n+  #attachment-type .add_attachment {\n+    text-align: center;\n+    border: 2px solid #68b950;\n+    border-radius: 5px;\n+    color: #68b950;\n+    overflow: hidden;\n+    position: relative;\n+    text-overflow: ellipsis;\n+    white-space: nowrap;\n+    width: 110px;\n+    z-index: 1;\n+    font-weight: 600;\n+  }\n+  #attachment-type .hidden_upload input[type=\"file\"] {\n+    cursor: pointer;\n+    height: 25px;\n+    opacity: 0;\n+    position: relative;\n+    right: 0;\n+    top: -27px;\n+    width: 110px;\n+    font-size: 0;\n+    z-index: 1;\n+  }\n+  /* Add Jin 포럼 주제 보기 위치 3번째 줄 조정 */\n+  @media (min-width: 45em) {\n+    .cs-g-3:nth-child(3n+3) {\n+        width: 30%;\n+        float: none !important;\n+        margin-right: 0;\n+\t}\n+   /* Add Jin 포럼 주제 보기 버튼 padding 조정 */  \n+\tinput#post-submit-button {\n+    \tpadding: 10px 10px;\n+\t}\n+  }\n+  \n+</style>\n\\ No newline at end of file\n"
                },
                {
                    "date": 1649746810931,
                    "content": "Index: \n===================================================================\n--- \n+++ \n@@ -162,9 +162,9 @@\n         margin-right: 0;\n \t}\n    /* Add Jin 포럼 주제 보기 버튼 padding 조정 */  \n \tinput#post-submit-button {\n-    \tpadding: 10px 10px;\n+    \tpadding: 10px 10px !important;\n \t}\n   }\n   \n </style>\n\\ No newline at end of file\n"
                },
                {
                    "date": 1649746893919,
                    "content": "Index: \n===================================================================\n--- \n+++ \n@@ -161,8 +161,9 @@\n         float: none !important;\n         margin-right: 0;\n \t}\n    /* Add Jin 포럼 주제 보기 버튼 padding 조정 */  \n+  @media (min-width: 45em)\n \tinput#post-submit-button {\n     \tpadding: 10px 10px !important;\n \t}\n   }\n"
                },
                {
                    "date": 1649746921830,
                    "content": "Index: \n===================================================================\n--- \n+++ \n@@ -161,9 +161,9 @@\n         float: none !important;\n         margin-right: 0;\n \t}\n    /* Add Jin 포럼 주제 보기 버튼 padding 조정 */  \n-  @media (min-width: 45em)\n+  @media (max-width: 45em)\n \tinput#post-submit-button {\n     \tpadding: 10px 10px !important;\n \t}\n   }\n"
                },
                {
                    "date": 1649746962390,
                    "content": "Index: \n===================================================================\n--- \n+++ \n@@ -161,11 +161,11 @@\n         float: none !important;\n         margin-right: 0;\n \t}\n    /* Add Jin 포럼 주제 보기 버튼 padding 조정 */  \n-  @media (max-width: 45em)\n+  @media (max-width: 45em) {\n \tinput#post-submit-button {\n     \tpadding: 10px 10px !important;\n-\t}\n+\t  }\n   }\n   \n </style>\n\\ No newline at end of file\n"
                },
                {
                    "date": 1649746978361,
                    "content": "Index: \n===================================================================\n--- \n+++ \n@@ -159,9 +159,10 @@\n     .cs-g-3:nth-child(3n+3) {\n         width: 30%;\n         float: none !important;\n         margin-right: 0;\n-\t}\n+\t  }\n+  } \n    /* Add Jin 포럼 주제 보기 버튼 padding 조정 */  \n   @media (max-width: 45em) {\n \tinput#post-submit-button {\n     \tpadding: 10px 10px !important;\n"
                },
                {
                    "date": 1649748693163,
                    "content": "Index: \n===================================================================\n--- \n+++ \n@@ -128,33 +128,8 @@\n     float: none;\n     margin-bottom: 20px;\n     margin-top: 15px;\n }\n-  /* Add Jin 파일 첨부 조정 */\n-  #attachment-type .add_attachment {\n-    text-align: center;\n-    border: 2px solid #68b950;\n-    border-radius: 5px;\n-    color: #68b950;\n-    overflow: hidden;\n-    position: relative;\n-    text-overflow: ellipsis;\n-    white-space: nowrap;\n-    width: 110px;\n-    z-index: 1;\n-    font-weight: 600;\n-  }\n-  #attachment-type .hidden_upload input[type=\"file\"] {\n-    cursor: pointer;\n-    height: 25px;\n-    opacity: 0;\n-    position: relative;\n-    right: 0;\n-    top: -27px;\n-    width: 110px;\n-    font-size: 0;\n-    z-index: 1;\n-  }\n   /* Add Jin 포럼 주제 보기 위치 3번째 줄 조정 */\n   @media (min-width: 45em) {\n     .cs-g-3:nth-child(3n+3) {\n         width: 30%;\n"
                },
                {
                    "date": 1650261002706,
                    "content": "Index: \n===================================================================\n--- \n+++ \n@@ -128,20 +128,5 @@\n     float: none;\n     margin-bottom: 20px;\n     margin-top: 15px;\n }\n-  /* Add Jin 포럼 주제 보기 위치 3번째 줄 조정 */\n-  @media (min-width: 45em) {\n-    .cs-g-3:nth-child(3n+3) {\n-        width: 30%;\n-        float: none !important;\n-        margin-right: 0;\n-\t  }\n-  } \n-   /* Add Jin 포럼 주제 보기 버튼 padding 조정 */  \n-  @media (max-width: 45em) {\n-\tinput#post-submit-button {\n-    \tpadding: 10px 10px !important;\n-\t  }\n-  }\n-  \n </style>\n\\ No newline at end of file\n"
                },
                {
                    "date": 1650261123460,
                    "content": "Index: \n===================================================================\n--- \n+++ \n@@ -121,12 +121,4 @@\n       </div>\n     </div>\n   </div>\n </div>\n-<style>\n-  /* Add Jin Follow 조정 */\n-  .toolbar-actions {\n-    float: none;\n-    margin-bottom: 20px;\n-    margin-top: 15px;\n-}\n-</style>\n\\ No newline at end of file\n"
                }
            ],
            "date": 1646373634336,
            "name": "Commit-0",
            "content": "{% assign forum = topic.forum %}\n{% assign forum_category = forum.forum_category %}\n{% assign first_post = topic.first_post %}\n<div class=\"bt-container bt-container-inner\">\n  \n  <div class=\"topic-page\">\n    <ol class=\"breadcrumbs\">\n      <li title=\"{% translate portal.solutions_home %}\">\n        <a href=\"{{portal.home_url}}\">{% translate header.tabs.home %}</a>\n      </li>\n        <li title=\"{% translate portal.community_forums %}\">\n          <a href=\"{{portal.discussions_home_url}}\">{% translate portal.community_forums %}</a>\n        </li>\n      <li>\n        <a href=\"{{forum_category.url}}\">{{forum_category.name | h}}</a>\n      </li>\n      <li>\n        <a href=\"{{forum.url}}\">{{forum.name | h}}</a>\n      </li>\n    </ol>\n    \n    <div class=\"row clearfix\">\n      <div class=\"column column--sm-8\">\n        <article class=\"topic\">\n          <div class=\"topic__body\">\n            {{topic | topic_labels}} {% if portal.user %}\n              <div class=\"toolbar-actions btn-group\" id=\"topic-toolbar\">\n                {{topic | follow_topic_button}}\n                {{topic | link_to_topic_edit}}\n                {{topic | link_to_mark_as_solved}}\n              </div>\n            {% endif %}\n            \n            <h1 class=\"topic__title\">{{topic.title | h}}</h1>\n            \n            <div class=\"entry-info topic__meta\">\n              <div class=\"entry-info__avatar\">\n                  {{first_post.user | profile_image:'bt-avatar', '40px', '40px', 'thumb'}}\n              </div>\n              <div class=\"entry-info__content\">\n                <b class=\"author\">\n                  {{first_post.user.name | h}}\n                </b>\n                <div class=\"meta\">{% translate portal.topic.started %} {{first_post.created_on | time_ago}}</div>\n              </div>\n            </div>\n            \n            <div class=\"topic__text markdown\">\n              {{first_post.body_html}}\n            </div>\n            \n            <div class=\"topic__attachments\">\n              {{first_post | post_attachments}}\n            </div>\n            \n            <div class=\"topic__voting\">\n              {% snippet topic_vote %}\n            </div>\n          </div>\n        </article>\n        \n        <section class=\"comments\" id=\"comments\" itemscope itemtype=\"http://schema.org/UserComments\">\n          {% paginate topic.posts by 15 %}\n            <ul class=\"comments-list\">\n              {% for post in paginate.collection %}\n                {% if post.id != first_post.id %}\n                  <li class=\"comment\" id=\"post-{{post.id}}\">\n                    <div class=\"comment__inner\">\n                      <div class=\"comment__content\">\n                        <div class=\"entry-info comment__header\">\n                          <div class=\"entry-info__avatar\">\n                            {{post.user | profile_image:'bt-avatar', '40px', '40px'}}\n                          </div>\n                          <div class=\"entry-info__content\">\n                            <b class=\"author\">\n                              {{post.user.name | h}}\n                            </b>\n                            <div class=\"meta\">\n                              {% translate portal.said %} {{post.created_on | time_ago}}\n                            </div>\n                          </div>\n                        </div>\n                        <div class=\"comment__body markdown\">\n                          {{post.body_html}}\n                        </div>\n                        <div class=\"comment__attachments\">\n                          {{post | post_attachments}}\n                        </div>\n                        <div class=\"comment__voting\">\n                          {{post | post_vote_button}}\n                        </div>\n                      </div>\n                    </div>\n                  </li>\n                {% endif %}\n              {% endfor %}\n            </ul>\n            {{paginate | default_pagination}}\n          {% endpaginate %}\n          {% if topic.locked? %}\n            {% elsif portal.user %}\n            <div class=\"comment-form\">\n              <div class=\"comment-form__avatar\">\n                {{portal.user | profile_image:'bt-avatar', '40px', '40px'}}\n              </div>\n              <div class=\"comment-form__body\">\n                {% snippet topic_reply %}\n              </div>\n            </div>\n          {% else %}\n            {{portal | post_topic_in_portal}}\n          {% endif %}\n        </section>\n      </div>\n      <div class=\"column column--sm-4\">\n        {% if forum.topics_count > 1 %}\n        <div class=\"related-topics\">\n          {{ topic | more_topics_list }}\n        </div>\n        {% endif %}\n      </div>\n    </div>\n  </div>\n</div>\n"
        }
    ]
}